ISO-10303-21;
HEADER;
FILE_DESCRIPTION(('Neltron 6604P-40G-121 round pin header'),'2;1');
FILE_NAME('6604P-40G-121.step','2026-09-11T17:19:22',('Tadashi G. Takaoka'),(''),'','','');
FILE_SCHEMA(('AUTOMOTIVE_DESIGN { 1 0 10303 214 3 1 1 }'));
ENDSEC;
DATA;
#1 = APPLICATION_CONTEXT('core data for automotive mechanical design processes');
#2 = APPLICATION_PROTOCOL_DEFINITION('international standard','automotive_design',2000,#1);
#3 = PRODUCT_CONTEXT('',#1,'mechanical');
#4 = PRODUCT('6604P-40G-121','6604P-40G-121','Neltron 6604P-40G-121 round pin header, 2 x 24, 2.54 mm',(#3));
#5 = PRODUCT_DEFINITION_FORMATION_WITH_SPECIFIED_SOURCE('','',#4,.NOT_KNOWN.);
#6 = PRODUCT_DEFINITION_CONTEXT('part definition',#1,'design');
#7 = PRODUCT_DEFINITION('design','',#5,#6);
#8 = PRODUCT_DEFINITION_SHAPE('','',#7);
#9 = ( GEOMETRIC_REPRESENTATION_CONTEXT(3) GLOBAL_UNCERTAINTY_ASSIGNED_CONTEXT((#13)) GLOBAL_UNIT_ASSIGNED_CONTEXT((#10,#11,#12)) REPRESENTATION_CONTEXT('','3D') );
#10 = ( LENGTH_UNIT() NAMED_UNIT(*) SI_UNIT(.MILLI.,.METRE.) );
#11 = ( NAMED_UNIT(*) PLANE_ANGLE_UNIT() SI_UNIT($,.RADIAN.) );
#12 = ( NAMED_UNIT(*) SI_UNIT($,.STERADIAN.) SOLID_ANGLE_UNIT() );
#13 = UNCERTAINTY_MEASURE_WITH_UNIT(LENGTH_MEASURE(1.E-07),#10,'distance_accuracy_value','confusion accuracy');
#14 = PRODUCT_RELATED_PRODUCT_CATEGORY('part','',(#4));
#15 = CARTESIAN_POINT('',(0.,0.,0.));
#16 = DIRECTION('',(0.,0.,1.));
#17 = DIRECTION('',(1.,0.,0.));
#18 = AXIS2_PLACEMENT_3D('',#15,#16,#17);
#19 = CARTESIAN_POINT('',(-1.27,1.27,4.007));
#20 = DIRECTION('',(0.,0.,-1.));
#21 = DIRECTION('',(0.,1.,0.));
#22 = AXIS2_PLACEMENT_3D('',#19,#20,#21);
#23 = PLANE('',#22);
#24 = VECTOR('',#17,1.);
#25 = LINE('',#19,#24);
#26 = VERTEX_POINT('',#19);
#27 = CARTESIAN_POINT('',(1.27,1.27,4.007));
#28 = VERTEX_POINT('',#27);
#29 = EDGE_CURVE('',#26,#28,#25,.T.);
#30 = ORIENTED_EDGE('',*,*,#29,.T.);
#31 = VECTOR('',#21,1.);
#32 = CARTESIAN_POINT('',(1.27,-59.69,4.007));
#33 = LINE('',#32,#31);
#34 = VERTEX_POINT('',#32);
#35 = EDGE_CURVE('',#34,#28,#33,.T.);
#36 = ORIENTED_EDGE('',*,*,#35,.F.);
#37 = VECTOR('',#17,1.);
#38 = CARTESIAN_POINT('',(-1.27,-59.69,4.007));
#39 = LINE('',#38,#37);
#40 = VERTEX_POINT('',#38);
#41 = EDGE_CURVE('',#40,#34,#39,.T.);
#42 = ORIENTED_EDGE('',*,*,#41,.F.);
#43 = VECTOR('',#21,1.);
#44 = LINE('',#38,#43);
#45 = EDGE_CURVE('',#40,#26,#44,.T.);
#46 = ORIENTED_EDGE('',*,*,#45,.T.);
#47 = EDGE_LOOP('',(#30,#36,#42,#46));
#48 = FACE_OUTER_BOUND('',#47,.T.);
#49 = ADVANCED_FACE('',(#48),#23,.T.);
#50 = CARTESIAN_POINT('',(-1.27,-59.69,8.057));
#51 = DIRECTION('',(0.,-1.,0.));
#52 = AXIS2_PLACEMENT_3D('',#50,#16,#51);
#53 = PLANE('',#52);
#54 = VECTOR('',#17,1.);
#55 = LINE('',#50,#54);
#56 = VERTEX_POINT('',#50);
#57 = CARTESIAN_POINT('',(1.27,-59.69,8.057));
#58 = VERTEX_POINT('',#57);
#59 = EDGE_CURVE('',#56,#58,#55,.T.);
#60 = ORIENTED_EDGE('',*,*,#59,.T.);
#61 = VECTOR('',#21,1.);
#62 = LINE('',#57,#61);
#63 = CARTESIAN_POINT('',(1.27,1.27,8.057));
#64 = VERTEX_POINT('',#63);
#65 = EDGE_CURVE('',#58,#64,#62,.T.);
#66 = ORIENTED_EDGE('',*,*,#65,.T.);
#67 = VECTOR('',#17,1.);
#68 = CARTESIAN_POINT('',(-1.27,1.27,8.057));
#69 = LINE('',#68,#67);
#70 = VERTEX_POINT('',#68);
#71 = EDGE_CURVE('',#70,#64,#69,.T.);
#72 = ORIENTED_EDGE('',*,*,#71,.F.);
#73 = VECTOR('',#21,1.);
#74 = LINE('',#50,#73);
#75 = EDGE_CURVE('',#56,#70,#74,.T.);
#76 = ORIENTED_EDGE('',*,*,#75,.F.);
#77 = EDGE_LOOP('',(#60,#66,#72,#76));
#78 = FACE_OUTER_BOUND('',#77,.T.);
#79 = ADVANCED_FACE('',(#78),#53,.T.);
#80 = AXIS2_PLACEMENT_3D('',#38,#51,#20);
#81 = PLANE('',#80);
#82 = ORIENTED_EDGE('',*,*,#41,.T.);
#83 = VECTOR('',#16,1.);
#84 = LINE('',#32,#83);
#85 = EDGE_CURVE('',#34,#58,#84,.T.);
#86 = ORIENTED_EDGE('',*,*,#85,.T.);
#87 = ORIENTED_EDGE('',*,*,#59,.F.);
#88 = VECTOR('',#16,1.);
#89 = LINE('',#38,#88);
#90 = EDGE_CURVE('',#40,#56,#89,.T.);
#91 = ORIENTED_EDGE('',*,*,#90,.F.);
#92 = EDGE_LOOP('',(#82,#86,#87,#91));
#93 = FACE_OUTER_BOUND('',#92,.T.);
#94 = ADVANCED_FACE('',(#93),#81,.T.);
#95 = AXIS2_PLACEMENT_3D('',#27,#21,#16);
#96 = PLANE('',#95);
#97 = ORIENTED_EDGE('',*,*,#29,.F.);
#98 = VECTOR('',#16,1.);
#99 = LINE('',#19,#98);
#100 = EDGE_CURVE('',#26,#70,#99,.T.);
#101 = ORIENTED_EDGE('',*,*,#100,.T.);
#102 = ORIENTED_EDGE('',*,*,#71,.T.);
#103 = VECTOR('',#16,1.);
#104 = LINE('',#27,#103);
#105 = EDGE_CURVE('',#28,#64,#104,.T.);
#106 = ORIENTED_EDGE('',*,*,#105,.F.);
#107 = EDGE_LOOP('',(#97,#101,#102,#106));
#108 = FACE_OUTER_BOUND('',#107,.T.);
#109 = ADVANCED_FACE('',(#108),#96,.T.);
#110 = DIRECTION('',(-1.,0.,0.));
#111 = AXIS2_PLACEMENT_3D('',#19,#110,#16);
#112 = PLANE('',#111);
#113 = ORIENTED_EDGE('',*,*,#45,.F.);
#114 = ORIENTED_EDGE('',*,*,#90,.T.);
#115 = ORIENTED_EDGE('',*,*,#75,.T.);
#116 = ORIENTED_EDGE('',*,*,#100,.F.);
#117 = EDGE_LOOP('',(#113,#114,#115,#116));
#118 = FACE_OUTER_BOUND('',#117,.T.);
#119 = ADVANCED_FACE('',(#118),#112,.T.);
#120 = AXIS2_PLACEMENT_3D('',#32,#17,#20);
#121 = PLANE('',#120);
#122 = ORIENTED_EDGE('',*,*,#35,.T.);
#123 = ORIENTED_EDGE('',*,*,#105,.T.);
#124 = ORIENTED_EDGE('',*,*,#65,.F.);
#125 = ORIENTED_EDGE('',*,*,#85,.F.);
#126 = EDGE_LOOP('',(#122,#123,#124,#125));
#127 = FACE_OUTER_BOUND('',#126,.T.);
#128 = ADVANCED_FACE('',(#127),#121,.T.);
#129 = CLOSED_SHELL('',(#49,#79,#94,#109,#119,#128));
#130 = MANIFOLD_SOLID_BREP('housing',#129);
#131 = CARTESIAN_POINT('',(0.166170094,-0.166170094,0.007));
#132 = AXIS2_PLACEMENT_3D('',#131,#20,#21);
#133 = PLANE('',#132);
#134 = DIRECTION('',(0.923879534,0.38268343,0.));
#135 = VECTOR('',#134,1.);
#136 = CARTESIAN_POINT('',(0.,-0.235,0.007));
#137 = LINE('',#136,#135);
#138 = VERTEX_POINT('',#136);
#139 = VERTEX_POINT('',#131);
#140 = EDGE_CURVE('',#138,#139,#137,.T.);
#141 = ORIENTED_EDGE('',*,*,#140,.F.);
#142 = DIRECTION('',(0.923879534,-0.38268343,0.));
#143 = VECTOR('',#142,1.);
#144 = CARTESIAN_POINT('',(-0.166170094,-0.166170094,0.007));
#145 = LINE('',#144,#143);
#146 = VERTEX_POINT('',#144);
#147 = EDGE_CURVE('',#146,#138,#145,.T.);
#148 = ORIENTED_EDGE('',*,*,#147,.F.);
#149 = DIRECTION('',(0.38268343,-0.923879534,0.));
#150 = VECTOR('',#149,1.);
#151 = CARTESIAN_POINT('',(-0.235,0.,0.007));
#152 = LINE('',#151,#150);
#153 = VERTEX_POINT('',#151);
#154 = EDGE_CURVE('',#153,#146,#152,.T.);
#155 = ORIENTED_EDGE('',*,*,#154,.F.);
#156 = DIRECTION('',(0.38268343,0.923879534,0.));
#157 = VECTOR('',#156,1.);
#158 = LINE('',#151,#157);
#159 = CARTESIAN_POINT('',(-0.166170094,0.166170094,0.007));
#160 = VERTEX_POINT('',#159);
#161 = EDGE_CURVE('',#153,#160,#158,.T.);
#162 = ORIENTED_EDGE('',*,*,#161,.T.);
#163 = VECTOR('',#134,1.);
#164 = LINE('',#159,#163);
#165 = CARTESIAN_POINT('',(0.,0.235,0.007));
#166 = VERTEX_POINT('',#165);
#167 = EDGE_CURVE('',#160,#166,#164,.T.);
#168 = ORIENTED_EDGE('',*,*,#167,.T.);
#169 = VECTOR('',#142,1.);
#170 = LINE('',#165,#169);
#171 = CARTESIAN_POINT('',(0.166170094,0.166170094,0.007));
#172 = VERTEX_POINT('',#171);
#173 = EDGE_CURVE('',#166,#172,#170,.T.);
#174 = ORIENTED_EDGE('',*,*,#173,.T.);
#175 = VECTOR('',#149,1.);
#176 = LINE('',#171,#175);
#177 = CARTESIAN_POINT('',(0.235,0.,0.007));
#178 = VERTEX_POINT('',#177);
#179 = EDGE_CURVE('',#172,#178,#176,.T.);
#180 = ORIENTED_EDGE('',*,*,#179,.T.);
#181 = VECTOR('',#156,1.);
#182 = LINE('',#131,#181);
#183 = EDGE_CURVE('',#139,#178,#182,.T.);
#184 = ORIENTED_EDGE('',*,*,#183,.F.);
#185 = EDGE_LOOP('',(#141,#148,#155,#162,#168,#174,#180,#184));
#186 = FACE_OUTER_BOUND('',#185,.T.);
#187 = ADVANCED_FACE('',(#186),#133,.T.);
#188 = CARTESIAN_POINT('',(0.235,0.,4.007));
#189 = AXIS2_PLACEMENT_3D('',#188,#16,#51);
#190 = PLANE('',#189);
#191 = VECTOR('',#149,1.);
#192 = CARTESIAN_POINT('',(0.166170094,0.166170094,4.007));
#193 = LINE('',#192,#191);
#194 = VERTEX_POINT('',#192);
#195 = VERTEX_POINT('',#188);
#196 = EDGE_CURVE('',#194,#195,#193,.T.);
#197 = ORIENTED_EDGE('',*,*,#196,.F.);
#198 = VECTOR('',#142,1.);
#199 = CARTESIAN_POINT('',(0.,0.235,4.007));
#200 = LINE('',#199,#198);
#201 = VERTEX_POINT('',#199);
#202 = EDGE_CURVE('',#201,#194,#200,.T.);
#203 = ORIENTED_EDGE('',*,*,#202,.F.);
#204 = VECTOR('',#134,1.);
#205 = CARTESIAN_POINT('',(-0.166170094,0.166170094,4.007));
#206 = LINE('',#205,#204);
#207 = VERTEX_POINT('',#205);
#208 = EDGE_CURVE('',#207,#201,#206,.T.);
#209 = ORIENTED_EDGE('',*,*,#208,.F.);
#210 = VECTOR('',#156,1.);
#211 = CARTESIAN_POINT('',(-0.235,0.,4.007));
#212 = LINE('',#211,#210);
#213 = VERTEX_POINT('',#211);
#214 = EDGE_CURVE('',#213,#207,#212,.T.);
#215 = ORIENTED_EDGE('',*,*,#214,.F.);
#216 = VECTOR('',#149,1.);
#217 = LINE('',#211,#216);
#218 = CARTESIAN_POINT('',(-0.166170094,-0.166170094,4.007));
#219 = VERTEX_POINT('',#218);
#220 = EDGE_CURVE('',#213,#219,#217,.T.);
#221 = ORIENTED_EDGE('',*,*,#220,.T.);
#222 = VECTOR('',#142,1.);
#223 = LINE('',#218,#222);
#224 = CARTESIAN_POINT('',(0.,-0.235,4.007));
#225 = VERTEX_POINT('',#224);
#226 = EDGE_CURVE('',#219,#225,#223,.T.);
#227 = ORIENTED_EDGE('',*,*,#226,.T.);
#228 = VECTOR('',#134,1.);
#229 = LINE('',#224,#228);
#230 = CARTESIAN_POINT('',(0.166170094,-0.166170094,4.007));
#231 = VERTEX_POINT('',#230);
#232 = EDGE_CURVE('',#225,#231,#229,.T.);
#233 = ORIENTED_EDGE('',*,*,#232,.T.);
#234 = VECTOR('',#156,1.);
#235 = LINE('',#230,#234);
#236 = EDGE_CURVE('',#231,#195,#235,.T.);
#237 = ORIENTED_EDGE('',*,*,#236,.T.);
#238 = EDGE_LOOP('',(#197,#203,#209,#215,#221,#227,#233,#237));
#239 = FACE_OUTER_BOUND('',#238,.T.);
#240 = ADVANCED_FACE('',(#239),#190,.T.);
#241 = AXIS2_PLACEMENT_3D('',#177,#134,#20);
#242 = PLANE('',#241);
#243 = ORIENTED_EDGE('',*,*,#179,.F.);
#244 = VECTOR('',#16,1.);
#245 = LINE('',#171,#244);
#246 = EDGE_CURVE('',#172,#194,#245,.T.);
#247 = ORIENTED_EDGE('',*,*,#246,.T.);
#248 = ORIENTED_EDGE('',*,*,#196,.T.);
#249 = VECTOR('',#16,1.);
#250 = LINE('',#177,#249);
#251 = EDGE_CURVE('',#178,#195,#250,.T.);
#252 = ORIENTED_EDGE('',*,*,#251,.F.);
#253 = EDGE_LOOP('',(#243,#247,#248,#252));
#254 = FACE_OUTER_BOUND('',#253,.T.);
#255 = ADVANCED_FACE('',(#254),#242,.T.);
#256 = AXIS2_PLACEMENT_3D('',#171,#156,#16);
#257 = PLANE('',#256);
#258 = ORIENTED_EDGE('',*,*,#173,.F.);
#259 = VECTOR('',#16,1.);
#260 = LINE('',#165,#259);
#261 = EDGE_CURVE('',#166,#201,#260,.T.);
#262 = ORIENTED_EDGE('',*,*,#261,.T.);
#263 = ORIENTED_EDGE('',*,*,#202,.T.);
#264 = ORIENTED_EDGE('',*,*,#246,.F.);
#265 = EDGE_LOOP('',(#258,#262,#263,#264));
#266 = FACE_OUTER_BOUND('',#265,.T.);
#267 = ADVANCED_FACE('',(#266),#257,.T.);
#268 = DIRECTION('',(-0.38268343,0.923879534,0.));
#269 = AXIS2_PLACEMENT_3D('',#165,#268,#16);
#270 = PLANE('',#269);
#271 = ORIENTED_EDGE('',*,*,#167,.F.);
#272 = VECTOR('',#16,1.);
#273 = LINE('',#159,#272);
#274 = EDGE_CURVE('',#160,#207,#273,.T.);
#275 = ORIENTED_EDGE('',*,*,#274,.T.);
#276 = ORIENTED_EDGE('',*,*,#208,.T.);
#277 = ORIENTED_EDGE('',*,*,#261,.F.);
#278 = EDGE_LOOP('',(#271,#275,#276,#277));
#279 = FACE_OUTER_BOUND('',#278,.T.);
#280 = ADVANCED_FACE('',(#279),#270,.T.);
#281 = DIRECTION('',(-0.923879534,0.38268343,0.));
#282 = AXIS2_PLACEMENT_3D('',#159,#281,#16);
#283 = PLANE('',#282);
#284 = ORIENTED_EDGE('',*,*,#161,.F.);
#285 = VECTOR('',#16,1.);
#286 = LINE('',#151,#285);
#287 = EDGE_CURVE('',#153,#213,#286,.T.);
#288 = ORIENTED_EDGE('',*,*,#287,.T.);
#289 = ORIENTED_EDGE('',*,*,#214,.T.);
#290 = ORIENTED_EDGE('',*,*,#274,.F.);
#291 = EDGE_LOOP('',(#284,#288,#289,#290));
#292 = FACE_OUTER_BOUND('',#291,.T.);
#293 = ADVANCED_FACE('',(#292),#283,.T.);
#294 = DIRECTION('',(-0.923879534,-0.38268343,0.));
#295 = AXIS2_PLACEMENT_3D('',#151,#294,#16);
#296 = PLANE('',#295);
#297 = ORIENTED_EDGE('',*,*,#154,.T.);
#298 = VECTOR('',#16,1.);
#299 = LINE('',#144,#298);
#300 = EDGE_CURVE('',#146,#219,#299,.T.);
#301 = ORIENTED_EDGE('',*,*,#300,.T.);
#302 = ORIENTED_EDGE('',*,*,#220,.F.);
#303 = ORIENTED_EDGE('',*,*,#287,.F.);
#304 = EDGE_LOOP('',(#297,#301,#302,#303));
#305 = FACE_OUTER_BOUND('',#304,.T.);
#306 = ADVANCED_FACE('',(#305),#296,.T.);
#307 = DIRECTION('',(-0.38268343,-0.923879534,0.));
#308 = AXIS2_PLACEMENT_3D('',#144,#307,#20);
#309 = PLANE('',#308);
#310 = ORIENTED_EDGE('',*,*,#147,.T.);
#311 = VECTOR('',#16,1.);
#312 = LINE('',#136,#311);
#313 = EDGE_CURVE('',#138,#225,#312,.T.);
#314 = ORIENTED_EDGE('',*,*,#313,.T.);
#315 = ORIENTED_EDGE('',*,*,#226,.F.);
#316 = ORIENTED_EDGE('',*,*,#300,.F.);
#317 = EDGE_LOOP('',(#310,#314,#315,#316));
#318 = FACE_OUTER_BOUND('',#317,.T.);
#319 = ADVANCED_FACE('',(#318),#309,.T.);
#320 = AXIS2_PLACEMENT_3D('',#136,#149,#20);
#321 = PLANE('',#320);
#322 = ORIENTED_EDGE('',*,*,#140,.T.);
#323 = VECTOR('',#16,1.);
#324 = LINE('',#131,#323);
#325 = EDGE_CURVE('',#139,#231,#324,.T.);
#326 = ORIENTED_EDGE('',*,*,#325,.T.);
#327 = ORIENTED_EDGE('',*,*,#232,.F.);
#328 = ORIENTED_EDGE('',*,*,#313,.F.);
#329 = EDGE_LOOP('',(#322,#326,#327,#328));
#330 = FACE_OUTER_BOUND('',#329,.T.);
#331 = ADVANCED_FACE('',(#330),#321,.T.);
#332 = AXIS2_PLACEMENT_3D('',#131,#142,#20);
#333 = PLANE('',#332);
#334 = ORIENTED_EDGE('',*,*,#183,.T.);
#335 = ORIENTED_EDGE('',*,*,#251,.T.);
#336 = ORIENTED_EDGE('',*,*,#236,.F.);
#337 = ORIENTED_EDGE('',*,*,#325,.F.);
#338 = EDGE_LOOP('',(#334,#335,#336,#337));
#339 = FACE_OUTER_BOUND('',#338,.T.);
#340 = ADVANCED_FACE('',(#339),#333,.T.);
#341 = CLOSED_SHELL('',(#187,#240,#255,#267,#280,#293,#306,#319,#331,#340));
#342 = MANIFOLD_SOLID_BREP('contact',#341);
#343 = CARTESIAN_POINT('',(0.229809704,-0.229809704,8.057));
#344 = AXIS2_PLACEMENT_3D('',#343,#20,#21);
#345 = PLANE('',#344);
#346 = DIRECTION('',(0.923879533,0.382683432,0.));
#347 = VECTOR('',#346,1.);
#348 = CARTESIAN_POINT('',(0.,-0.325,8.057));
#349 = LINE('',#348,#347);
#350 = VERTEX_POINT('',#348);
#351 = VERTEX_POINT('',#343);
#352 = EDGE_CURVE('',#350,#351,#349,.T.);
#353 = ORIENTED_EDGE('',*,*,#352,.F.);
#354 = DIRECTION('',(0.923879533,-0.382683432,0.));
#355 = VECTOR('',#354,1.);
#356 = CARTESIAN_POINT('',(-0.229809704,-0.229809704,8.057));
#357 = LINE('',#356,#355);
#358 = VERTEX_POINT('',#356);
#359 = EDGE_CURVE('',#358,#350,#357,.T.);
#360 = ORIENTED_EDGE('',*,*,#359,.F.);
#361 = DIRECTION('',(0.382683432,-0.923879533,0.));
#362 = VECTOR('',#361,1.);
#363 = CARTESIAN_POINT('',(-0.325,0.,8.057));
#364 = LINE('',#363,#362);
#365 = VERTEX_POINT('',#363);
#366 = EDGE_CURVE('',#365,#358,#364,.T.);
#367 = ORIENTED_EDGE('',*,*,#366,.F.);
#368 = DIRECTION('',(0.382683432,0.923879533,0.));
#369 = VECTOR('',#368,1.);
#370 = LINE('',#363,#369);
#371 = CARTESIAN_POINT('',(-0.229809704,0.229809704,8.057));
#372 = VERTEX_POINT('',#371);
#373 = EDGE_CURVE('',#365,#372,#370,.T.);
#374 = ORIENTED_EDGE('',*,*,#373,.T.);
#375 = VECTOR('',#346,1.);
#376 = LINE('',#371,#375);
#377 = CARTESIAN_POINT('',(0.,0.325,8.057));
#378 = VERTEX_POINT('',#377);
#379 = EDGE_CURVE('',#372,#378,#376,.T.);
#380 = ORIENTED_EDGE('',*,*,#379,.T.);
#381 = VECTOR('',#354,1.);
#382 = LINE('',#377,#381);
#383 = CARTESIAN_POINT('',(0.229809704,0.229809704,8.057));
#384 = VERTEX_POINT('',#383);
#385 = EDGE_CURVE('',#378,#384,#382,.T.);
#386 = ORIENTED_EDGE('',*,*,#385,.T.);
#387 = VECTOR('',#361,1.);
#388 = LINE('',#383,#387);
#389 = CARTESIAN_POINT('',(0.325,0.,8.057));
#390 = VERTEX_POINT('',#389);
#391 = EDGE_CURVE('',#384,#390,#388,.T.);
#392 = ORIENTED_EDGE('',*,*,#391,.T.);
#393 = VECTOR('',#368,1.);
#394 = LINE('',#343,#393);
#395 = EDGE_CURVE('',#351,#390,#394,.T.);
#396 = ORIENTED_EDGE('',*,*,#395,.F.);
#397 = EDGE_LOOP('',(#353,#360,#367,#374,#380,#386,#392,#396));
#398 = FACE_OUTER_BOUND('',#397,.T.);
#399 = ADVANCED_FACE('',(#398),#345,.T.);
#400 = CARTESIAN_POINT('',(0.325,0.,10.157));
#401 = AXIS2_PLACEMENT_3D('',#400,#16,#51);
#402 = PLANE('',#401);
#403 = VECTOR('',#361,1.);
#404 = CARTESIAN_POINT('',(0.229809704,0.229809704,10.157));
#405 = LINE('',#404,#403);
#406 = VERTEX_POINT('',#404);
#407 = VERTEX_POINT('',#400);
#408 = EDGE_CURVE('',#406,#407,#405,.T.);
#409 = ORIENTED_EDGE('',*,*,#408,.F.);
#410 = VECTOR('',#354,1.);
#411 = CARTESIAN_POINT('',(0.,0.325,10.157));
#412 = LINE('',#411,#410);
#413 = VERTEX_POINT('',#411);
#414 = EDGE_CURVE('',#413,#406,#412,.T.);
#415 = ORIENTED_EDGE('',*,*,#414,.F.);
#416 = VECTOR('',#346,1.);
#417 = CARTESIAN_POINT('',(-0.229809704,0.229809704,10.157));
#418 = LINE('',#417,#416);
#419 = VERTEX_POINT('',#417);
#420 = EDGE_CURVE('',#419,#413,#418,.T.);
#421 = ORIENTED_EDGE('',*,*,#420,.F.);
#422 = VECTOR('',#368,1.);
#423 = CARTESIAN_POINT('',(-0.325,0.,10.157));
#424 = LINE('',#423,#422);
#425 = VERTEX_POINT('',#423);
#426 = EDGE_CURVE('',#425,#419,#424,.T.);
#427 = ORIENTED_EDGE('',*,*,#426,.F.);
#428 = VECTOR('',#361,1.);
#429 = LINE('',#423,#428);
#430 = CARTESIAN_POINT('',(-0.229809704,-0.229809704,10.157));
#431 = VERTEX_POINT('',#430);
#432 = EDGE_CURVE('',#425,#431,#429,.T.);
#433 = ORIENTED_EDGE('',*,*,#432,.T.);
#434 = VECTOR('',#354,1.);
#435 = LINE('',#430,#434);
#436 = CARTESIAN_POINT('',(0.,-0.325,10.157));
#437 = VERTEX_POINT('',#436);
#438 = EDGE_CURVE('',#431,#437,#435,.T.);
#439 = ORIENTED_EDGE('',*,*,#438,.T.);
#440 = VECTOR('',#346,1.);
#441 = LINE('',#436,#440);
#442 = CARTESIAN_POINT('',(0.229809704,-0.229809704,10.157));
#443 = VERTEX_POINT('',#442);
#444 = EDGE_CURVE('',#437,#443,#441,.T.);
#445 = ORIENTED_EDGE('',*,*,#444,.T.);
#446 = VECTOR('',#368,1.);
#447 = LINE('',#442,#446);
#448 = EDGE_CURVE('',#443,#407,#447,.T.);
#449 = ORIENTED_EDGE('',*,*,#448,.T.);
#450 = EDGE_LOOP('',(#409,#415,#421,#427,#433,#439,#445,#449));
#451 = FACE_OUTER_BOUND('',#450,.T.);
#452 = ADVANCED_FACE('',(#451),#402,.T.);
#453 = AXIS2_PLACEMENT_3D('',#389,#346,#20);
#454 = PLANE('',#453);
#455 = ORIENTED_EDGE('',*,*,#391,.F.);
#456 = VECTOR('',#16,1.);
#457 = LINE('',#383,#456);
#458 = EDGE_CURVE('',#384,#406,#457,.T.);
#459 = ORIENTED_EDGE('',*,*,#458,.T.);
#460 = ORIENTED_EDGE('',*,*,#408,.T.);
#461 = VECTOR('',#16,1.);
#462 = LINE('',#389,#461);
#463 = EDGE_CURVE('',#390,#407,#462,.T.);
#464 = ORIENTED_EDGE('',*,*,#463,.F.);
#465 = EDGE_LOOP('',(#455,#459,#460,#464));
#466 = FACE_OUTER_BOUND('',#465,.T.);
#467 = ADVANCED_FACE('',(#466),#454,.T.);
#468 = AXIS2_PLACEMENT_3D('',#383,#368,#16);
#469 = PLANE('',#468);
#470 = ORIENTED_EDGE('',*,*,#385,.F.);
#471 = VECTOR('',#16,1.);
#472 = LINE('',#377,#471);
#473 = EDGE_CURVE('',#378,#413,#472,.T.);
#474 = ORIENTED_EDGE('',*,*,#473,.T.);
#475 = ORIENTED_EDGE('',*,*,#414,.T.);
#476 = ORIENTED_EDGE('',*,*,#458,.F.);
#477 = EDGE_LOOP('',(#470,#474,#475,#476));
#478 = FACE_OUTER_BOUND('',#477,.T.);
#479 = ADVANCED_FACE('',(#478),#469,.T.);
#480 = DIRECTION('',(-0.382683432,0.923879533,0.));
#481 = AXIS2_PLACEMENT_3D('',#377,#480,#16);
#482 = PLANE('',#481);
#483 = ORIENTED_EDGE('',*,*,#379,.F.);
#484 = VECTOR('',#16,1.);
#485 = LINE('',#371,#484);
#486 = EDGE_CURVE('',#372,#419,#485,.T.);
#487 = ORIENTED_EDGE('',*,*,#486,.T.);
#488 = ORIENTED_EDGE('',*,*,#420,.T.);
#489 = ORIENTED_EDGE('',*,*,#473,.F.);
#490 = EDGE_LOOP('',(#483,#487,#488,#489));
#491 = FACE_OUTER_BOUND('',#490,.T.);
#492 = ADVANCED_FACE('',(#491),#482,.T.);
#493 = DIRECTION('',(-0.923879533,0.382683432,0.));
#494 = AXIS2_PLACEMENT_3D('',#371,#493,#16);
#495 = PLANE('',#494);
#496 = ORIENTED_EDGE('',*,*,#373,.F.);
#497 = VECTOR('',#16,1.);
#498 = LINE('',#363,#497);
#499 = EDGE_CURVE('',#365,#425,#498,.T.);
#500 = ORIENTED_EDGE('',*,*,#499,.T.);
#501 = ORIENTED_EDGE('',*,*,#426,.T.);
#502 = ORIENTED_EDGE('',*,*,#486,.F.);
#503 = EDGE_LOOP('',(#496,#500,#501,#502));
#504 = FACE_OUTER_BOUND('',#503,.T.);
#505 = ADVANCED_FACE('',(#504),#495,.T.);
#506 = DIRECTION('',(-0.923879533,-0.382683432,0.));
#507 = AXIS2_PLACEMENT_3D('',#363,#506,#16);
#508 = PLANE('',#507);
#509 = ORIENTED_EDGE('',*,*,#366,.T.);
#510 = VECTOR('',#16,1.);
#511 = LINE('',#356,#510);
#512 = EDGE_CURVE('',#358,#431,#511,.T.);
#513 = ORIENTED_EDGE('',*,*,#512,.T.);
#514 = ORIENTED_EDGE('',*,*,#432,.F.);
#515 = ORIENTED_EDGE('',*,*,#499,.F.);
#516 = EDGE_LOOP('',(#509,#513,#514,#515));
#517 = FACE_OUTER_BOUND('',#516,.T.);
#518 = ADVANCED_FACE('',(#517),#508,.T.);
#519 = DIRECTION('',(-0.382683432,-0.923879533,0.));
#520 = AXIS2_PLACEMENT_3D('',#356,#519,#20);
#521 = PLANE('',#520);
#522 = ORIENTED_EDGE('',*,*,#359,.T.);
#523 = VECTOR('',#16,1.);
#524 = LINE('',#348,#523);
#525 = EDGE_CURVE('',#350,#437,#524,.T.);
#526 = ORIENTED_EDGE('',*,*,#525,.T.);
#527 = ORIENTED_EDGE('',*,*,#438,.F.);
#528 = ORIENTED_EDGE('',*,*,#512,.F.);
#529 = EDGE_LOOP('',(#522,#526,#527,#528));
#530 = FACE_OUTER_BOUND('',#529,.T.);
#531 = ADVANCED_FACE('',(#530),#521,.T.);
#532 = AXIS2_PLACEMENT_3D('',#348,#361,#20);
#533 = PLANE('',#532);
#534 = ORIENTED_EDGE('',*,*,#352,.T.);
#535 = VECTOR('',#16,1.);
#536 = LINE('',#343,#535);
#537 = EDGE_CURVE('',#351,#443,#536,.T.);
#538 = ORIENTED_EDGE('',*,*,#537,.T.);
#539 = ORIENTED_EDGE('',*,*,#444,.F.);
#540 = ORIENTED_EDGE('',*,*,#525,.F.);
#541 = EDGE_LOOP('',(#534,#538,#539,#540));
#542 = FACE_OUTER_BOUND('',#541,.T.);
#543 = ADVANCED_FACE('',(#542),#533,.T.);
#544 = AXIS2_PLACEMENT_3D('',#343,#354,#20);
#545 = PLANE('',#544);
#546 = ORIENTED_EDGE('',*,*,#395,.T.);
#547 = ORIENTED_EDGE('',*,*,#463,.T.);
#548 = ORIENTED_EDGE('',*,*,#448,.F.);
#549 = ORIENTED_EDGE('',*,*,#537,.F.);
#550 = EDGE_LOOP('',(#546,#547,#548,#549));
#551 = FACE_OUTER_BOUND('',#550,.T.);
#552 = ADVANCED_FACE('',(#551),#545,.T.);
#553 = CLOSED_SHELL('',(#399,#452,#467,#479,#492,#505,#518,#531,#543,#552));
#554 = MANIFOLD_SOLID_BREP('lead',#553);
#555 = CARTESIAN_POINT('',(0.166170094,-2.706170094,0.007));
#556 = AXIS2_PLACEMENT_3D('',#555,#20,#21);
#557 = PLANE('',#556);
#558 = VECTOR('',#134,1.);
#559 = CARTESIAN_POINT('',(0.,-2.775,0.007));
#560 = LINE('',#559,#558);
#561 = VERTEX_POINT('',#559);
#562 = VERTEX_POINT('',#555);
#563 = EDGE_CURVE('',#561,#562,#560,.T.);
#564 = ORIENTED_EDGE('',*,*,#563,.F.);
#565 = VECTOR('',#142,1.);
#566 = CARTESIAN_POINT('',(-0.166170094,-2.706170094,0.007));
#567 = LINE('',#566,#565);
#568 = VERTEX_POINT('',#566);
#569 = EDGE_CURVE('',#568,#561,#567,.T.);
#570 = ORIENTED_EDGE('',*,*,#569,.F.);
#571 = VECTOR('',#149,1.);
#572 = CARTESIAN_POINT('',(-0.235,-2.54,0.007));
#573 = LINE('',#572,#571);
#574 = VERTEX_POINT('',#572);
#575 = EDGE_CURVE('',#574,#568,#573,.T.);
#576 = ORIENTED_EDGE('',*,*,#575,.F.);
#577 = VECTOR('',#156,1.);
#578 = LINE('',#572,#577);
#579 = CARTESIAN_POINT('',(-0.166170094,-2.373829906,0.007));
#580 = VERTEX_POINT('',#579);
#581 = EDGE_CURVE('',#574,#580,#578,.T.);
#582 = ORIENTED_EDGE('',*,*,#581,.T.);
#583 = VECTOR('',#134,1.);
#584 = LINE('',#579,#583);
#585 = CARTESIAN_POINT('',(0.,-2.305,0.007));
#586 = VERTEX_POINT('',#585);
#587 = EDGE_CURVE('',#580,#586,#584,.T.);
#588 = ORIENTED_EDGE('',*,*,#587,.T.);
#589 = VECTOR('',#142,1.);
#590 = LINE('',#585,#589);
#591 = CARTESIAN_POINT('',(0.166170094,-2.373829906,0.007));
#592 = VERTEX_POINT('',#591);
#593 = EDGE_CURVE('',#586,#592,#590,.T.);
#594 = ORIENTED_EDGE('',*,*,#593,.T.);
#595 = VECTOR('',#149,1.);
#596 = LINE('',#591,#595);
#597 = CARTESIAN_POINT('',(0.235,-2.54,0.007));
#598 = VERTEX_POINT('',#597);
#599 = EDGE_CURVE('',#592,#598,#596,.T.);
#600 = ORIENTED_EDGE('',*,*,#599,.T.);
#601 = VECTOR('',#156,1.);
#602 = LINE('',#555,#601);
#603 = EDGE_CURVE('',#562,#598,#602,.T.);
#604 = ORIENTED_EDGE('',*,*,#603,.F.);
#605 = EDGE_LOOP('',(#564,#570,#576,#582,#588,#594,#600,#604));
#606 = FACE_OUTER_BOUND('',#605,.T.);
#607 = ADVANCED_FACE('',(#606),#557,.T.);
#608 = CARTESIAN_POINT('',(0.235,-2.54,4.007));
#609 = AXIS2_PLACEMENT_3D('',#608,#16,#51);
#610 = PLANE('',#609);
#611 = VECTOR('',#149,1.);
#612 = CARTESIAN_POINT('',(0.166170094,-2.373829906,4.007));
#613 = LINE('',#612,#611);
#614 = VERTEX_POINT('',#612);
#615 = VERTEX_POINT('',#608);
#616 = EDGE_CURVE('',#614,#615,#613,.T.);
#617 = ORIENTED_EDGE('',*,*,#616,.F.);
#618 = VECTOR('',#142,1.);
#619 = CARTESIAN_POINT('',(0.,-2.305,4.007));
#620 = LINE('',#619,#618);
#621 = VERTEX_POINT('',#619);
#622 = EDGE_CURVE('',#621,#614,#620,.T.);
#623 = ORIENTED_EDGE('',*,*,#622,.F.);
#624 = VECTOR('',#134,1.);
#625 = CARTESIAN_POINT('',(-0.166170094,-2.373829906,4.007));
#626 = LINE('',#625,#624);
#627 = VERTEX_POINT('',#625);
#628 = EDGE_CURVE('',#627,#621,#626,.T.);
#629 = ORIENTED_EDGE('',*,*,#628,.F.);
#630 = VECTOR('',#156,1.);
#631 = CARTESIAN_POINT('',(-0.235,-2.54,4.007));
#632 = LINE('',#631,#630);
#633 = VERTEX_POINT('',#631);
#634 = EDGE_CURVE('',#633,#627,#632,.T.);
#635 = ORIENTED_EDGE('',*,*,#634,.F.);
#636 = VECTOR('',#149,1.);
#637 = LINE('',#631,#636);
#638 = CARTESIAN_POINT('',(-0.166170094,-2.706170094,4.007));
#639 = VERTEX_POINT('',#638);
#640 = EDGE_CURVE('',#633,#639,#637,.T.);
#641 = ORIENTED_EDGE('',*,*,#640,.T.);
#642 = VECTOR('',#142,1.);
#643 = LINE('',#638,#642);
#644 = CARTESIAN_POINT('',(0.,-2.775,4.007));
#645 = VERTEX_POINT('',#644);
#646 = EDGE_CURVE('',#639,#645,#643,.T.);
#647 = ORIENTED_EDGE('',*,*,#646,.T.);
#648 = VECTOR('',#134,1.);
#649 = LINE('',#644,#648);
#650 = CARTESIAN_POINT('',(0.166170094,-2.706170094,4.007));
#651 = VERTEX_POINT('',#650);
#652 = EDGE_CURVE('',#645,#651,#649,.T.);
#653 = ORIENTED_EDGE('',*,*,#652,.T.);
#654 = VECTOR('',#156,1.);
#655 = LINE('',#650,#654);
#656 = EDGE_CURVE('',#651,#615,#655,.T.);
#657 = ORIENTED_EDGE('',*,*,#656,.T.);
#658 = EDGE_LOOP('',(#617,#623,#629,#635,#641,#647,#653,#657));
#659 = FACE_OUTER_BOUND('',#658,.T.);
#660 = ADVANCED_FACE('',(#659),#610,.T.);
#661 = AXIS2_PLACEMENT_3D('',#597,#134,#20);
#662 = PLANE('',#661);
#663 = ORIENTED_EDGE('',*,*,#599,.F.);
#664 = VECTOR('',#16,1.);
#665 = LINE('',#591,#664);
#666 = EDGE_CURVE('',#592,#614,#665,.T.);
#667 = ORIENTED_EDGE('',*,*,#666,.T.);
#668 = ORIENTED_EDGE('',*,*,#616,.T.);
#669 = VECTOR('',#16,1.);
#670 = LINE('',#597,#669);
#671 = EDGE_CURVE('',#598,#615,#670,.T.);
#672 = ORIENTED_EDGE('',*,*,#671,.F.);
#673 = EDGE_LOOP('',(#663,#667,#668,#672));
#674 = FACE_OUTER_BOUND('',#673,.T.);
#675 = ADVANCED_FACE('',(#674),#662,.T.);
#676 = AXIS2_PLACEMENT_3D('',#591,#156,#16);
#677 = PLANE('',#676);
#678 = ORIENTED_EDGE('',*,*,#593,.F.);
#679 = VECTOR('',#16,1.);
#680 = LINE('',#585,#679);
#681 = EDGE_CURVE('',#586,#621,#680,.T.);
#682 = ORIENTED_EDGE('',*,*,#681,.T.);
#683 = ORIENTED_EDGE('',*,*,#622,.T.);
#684 = ORIENTED_EDGE('',*,*,#666,.F.);
#685 = EDGE_LOOP('',(#678,#682,#683,#684));
#686 = FACE_OUTER_BOUND('',#685,.T.);
#687 = ADVANCED_FACE('',(#686),#677,.T.);
#688 = AXIS2_PLACEMENT_3D('',#585,#268,#16);
#689 = PLANE('',#688);
#690 = ORIENTED_EDGE('',*,*,#587,.F.);
#691 = VECTOR('',#16,1.);
#692 = LINE('',#579,#691);
#693 = EDGE_CURVE('',#580,#627,#692,.T.);
#694 = ORIENTED_EDGE('',*,*,#693,.T.);
#695 = ORIENTED_EDGE('',*,*,#628,.T.);
#696 = ORIENTED_EDGE('',*,*,#681,.F.);
#697 = EDGE_LOOP('',(#690,#694,#695,#696));
#698 = FACE_OUTER_BOUND('',#697,.T.);
#699 = ADVANCED_FACE('',(#698),#689,.T.);
#700 = AXIS2_PLACEMENT_3D('',#579,#281,#16);
#701 = PLANE('',#700);
#702 = ORIENTED_EDGE('',*,*,#581,.F.);
#703 = VECTOR('',#16,1.);
#704 = LINE('',#572,#703);
#705 = EDGE_CURVE('',#574,#633,#704,.T.);
#706 = ORIENTED_EDGE('',*,*,#705,.T.);
#707 = ORIENTED_EDGE('',*,*,#634,.T.);
#708 = ORIENTED_EDGE('',*,*,#693,.F.);
#709 = EDGE_LOOP('',(#702,#706,#707,#708));
#710 = FACE_OUTER_BOUND('',#709,.T.);
#711 = ADVANCED_FACE('',(#710),#701,.T.);
#712 = AXIS2_PLACEMENT_3D('',#572,#294,#16);
#713 = PLANE('',#712);
#714 = ORIENTED_EDGE('',*,*,#575,.T.);
#715 = VECTOR('',#16,1.);
#716 = LINE('',#566,#715);
#717 = EDGE_CURVE('',#568,#639,#716,.T.);
#718 = ORIENTED_EDGE('',*,*,#717,.T.);
#719 = ORIENTED_EDGE('',*,*,#640,.F.);
#720 = ORIENTED_EDGE('',*,*,#705,.F.);
#721 = EDGE_LOOP('',(#714,#718,#719,#720));
#722 = FACE_OUTER_BOUND('',#721,.T.);
#723 = ADVANCED_FACE('',(#722),#713,.T.);
#724 = AXIS2_PLACEMENT_3D('',#566,#307,#20);
#725 = PLANE('',#724);
#726 = ORIENTED_EDGE('',*,*,#569,.T.);
#727 = VECTOR('',#16,1.);
#728 = LINE('',#559,#727);
#729 = EDGE_CURVE('',#561,#645,#728,.T.);
#730 = ORIENTED_EDGE('',*,*,#729,.T.);
#731 = ORIENTED_EDGE('',*,*,#646,.F.);
#732 = ORIENTED_EDGE('',*,*,#717,.F.);
#733 = EDGE_LOOP('',(#726,#730,#731,#732));
#734 = FACE_OUTER_BOUND('',#733,.T.);
#735 = ADVANCED_FACE('',(#734),#725,.T.);
#736 = AXIS2_PLACEMENT_3D('',#559,#149,#20);
#737 = PLANE('',#736);
#738 = ORIENTED_EDGE('',*,*,#563,.T.);
#739 = VECTOR('',#16,1.);
#740 = LINE('',#555,#739);
#741 = EDGE_CURVE('',#562,#651,#740,.T.);
#742 = ORIENTED_EDGE('',*,*,#741,.T.);
#743 = ORIENTED_EDGE('',*,*,#652,.F.);
#744 = ORIENTED_EDGE('',*,*,#729,.F.);
#745 = EDGE_LOOP('',(#738,#742,#743,#744));
#746 = FACE_OUTER_BOUND('',#745,.T.);
#747 = ADVANCED_FACE('',(#746),#737,.T.);
#748 = AXIS2_PLACEMENT_3D('',#555,#142,#20);
#749 = PLANE('',#748);
#750 = ORIENTED_EDGE('',*,*,#603,.T.);
#751 = ORIENTED_EDGE('',*,*,#671,.T.);
#752 = ORIENTED_EDGE('',*,*,#656,.F.);
#753 = ORIENTED_EDGE('',*,*,#741,.F.);
#754 = EDGE_LOOP('',(#750,#751,#752,#753));
#755 = FACE_OUTER_BOUND('',#754,.T.);
#756 = ADVANCED_FACE('',(#755),#749,.T.);
#757 = CLOSED_SHELL('',(#607,#660,#675,#687,#699,#711,#723,#735,#747,#756));
#758 = MANIFOLD_SOLID_BREP('contact',#757);
#759 = CARTESIAN_POINT('',(0.229809704,-2.769809704,8.057));
#760 = AXIS2_PLACEMENT_3D('',#759,#20,#21);
#761 = PLANE('',#760);
#762 = VECTOR('',#346,1.);
#763 = CARTESIAN_POINT('',(0.,-2.865,8.057));
#764 = LINE('',#763,#762);
#765 = VERTEX_POINT('',#763);
#766 = VERTEX_POINT('',#759);
#767 = EDGE_CURVE('',#765,#766,#764,.T.);
#768 = ORIENTED_EDGE('',*,*,#767,.F.);
#769 = VECTOR('',#354,1.);
#770 = CARTESIAN_POINT('',(-0.229809704,-2.769809704,8.057));
#771 = LINE('',#770,#769);
#772 = VERTEX_POINT('',#770);
#773 = EDGE_CURVE('',#772,#765,#771,.T.);
#774 = ORIENTED_EDGE('',*,*,#773,.F.);
#775 = VECTOR('',#361,1.);
#776 = CARTESIAN_POINT('',(-0.325,-2.54,8.057));
#777 = LINE('',#776,#775);
#778 = VERTEX_POINT('',#776);
#779 = EDGE_CURVE('',#778,#772,#777,.T.);
#780 = ORIENTED_EDGE('',*,*,#779,.F.);
#781 = VECTOR('',#368,1.);
#782 = LINE('',#776,#781);
#783 = CARTESIAN_POINT('',(-0.229809704,-2.310190296,8.057));
#784 = VERTEX_POINT('',#783);
#785 = EDGE_CURVE('',#778,#784,#782,.T.);
#786 = ORIENTED_EDGE('',*,*,#785,.T.);
#787 = VECTOR('',#346,1.);
#788 = LINE('',#783,#787);
#789 = CARTESIAN_POINT('',(0.,-2.215,8.057));
#790 = VERTEX_POINT('',#789);
#791 = EDGE_CURVE('',#784,#790,#788,.T.);
#792 = ORIENTED_EDGE('',*,*,#791,.T.);
#793 = VECTOR('',#354,1.);
#794 = LINE('',#789,#793);
#795 = CARTESIAN_POINT('',(0.229809704,-2.310190296,8.057));
#796 = VERTEX_POINT('',#795);
#797 = EDGE_CURVE('',#790,#796,#794,.T.);
#798 = ORIENTED_EDGE('',*,*,#797,.T.);
#799 = VECTOR('',#361,1.);
#800 = LINE('',#795,#799);
#801 = CARTESIAN_POINT('',(0.325,-2.54,8.057));
#802 = VERTEX_POINT('',#801);
#803 = EDGE_CURVE('',#796,#802,#800,.T.);
#804 = ORIENTED_EDGE('',*,*,#803,.T.);
#805 = VECTOR('',#368,1.);
#806 = LINE('',#759,#805);
#807 = EDGE_CURVE('',#766,#802,#806,.T.);
#808 = ORIENTED_EDGE('',*,*,#807,.F.);
#809 = EDGE_LOOP('',(#768,#774,#780,#786,#792,#798,#804,#808));
#810 = FACE_OUTER_BOUND('',#809,.T.);
#811 = ADVANCED_FACE('',(#810),#761,.T.);
#812 = CARTESIAN_POINT('',(0.325,-2.54,10.157));
#813 = AXIS2_PLACEMENT_3D('',#812,#16,#51);
#814 = PLANE('',#813);
#815 = VECTOR('',#361,1.);
#816 = CARTESIAN_POINT('',(0.229809704,-2.310190296,10.157));
#817 = LINE('',#816,#815);
#818 = VERTEX_POINT('',#816);
#819 = VERTEX_POINT('',#812);
#820 = EDGE_CURVE('',#818,#819,#817,.T.);
#821 = ORIENTED_EDGE('',*,*,#820,.F.);
#822 = VECTOR('',#354,1.);
#823 = CARTESIAN_POINT('',(0.,-2.215,10.157));
#824 = LINE('',#823,#822);
#825 = VERTEX_POINT('',#823);
#826 = EDGE_CURVE('',#825,#818,#824,.T.);
#827 = ORIENTED_EDGE('',*,*,#826,.F.);
#828 = VECTOR('',#346,1.);
#829 = CARTESIAN_POINT('',(-0.229809704,-2.310190296,10.157));
#830 = LINE('',#829,#828);
#831 = VERTEX_POINT('',#829);
#832 = EDGE_CURVE('',#831,#825,#830,.T.);
#833 = ORIENTED_EDGE('',*,*,#832,.F.);
#834 = VECTOR('',#368,1.);
#835 = CARTESIAN_POINT('',(-0.325,-2.54,10.157));
#836 = LINE('',#835,#834);
#837 = VERTEX_POINT('',#835);
#838 = EDGE_CURVE('',#837,#831,#836,.T.);
#839 = ORIENTED_EDGE('',*,*,#838,.F.);
#840 = VECTOR('',#361,1.);
#841 = LINE('',#835,#840);
#842 = CARTESIAN_POINT('',(-0.229809704,-2.769809704,10.157));
#843 = VERTEX_POINT('',#842);
#844 = EDGE_CURVE('',#837,#843,#841,.T.);
#845 = ORIENTED_EDGE('',*,*,#844,.T.);
#846 = VECTOR('',#354,1.);
#847 = LINE('',#842,#846);
#848 = CARTESIAN_POINT('',(0.,-2.865,10.157));
#849 = VERTEX_POINT('',#848);
#850 = EDGE_CURVE('',#843,#849,#847,.T.);
#851 = ORIENTED_EDGE('',*,*,#850,.T.);
#852 = VECTOR('',#346,1.);
#853 = LINE('',#848,#852);
#854 = CARTESIAN_POINT('',(0.229809704,-2.769809704,10.157));
#855 = VERTEX_POINT('',#854);
#856 = EDGE_CURVE('',#849,#855,#853,.T.);
#857 = ORIENTED_EDGE('',*,*,#856,.T.);
#858 = VECTOR('',#368,1.);
#859 = LINE('',#854,#858);
#860 = EDGE_CURVE('',#855,#819,#859,.T.);
#861 = ORIENTED_EDGE('',*,*,#860,.T.);
#862 = EDGE_LOOP('',(#821,#827,#833,#839,#845,#851,#857,#861));
#863 = FACE_OUTER_BOUND('',#862,.T.);
#864 = ADVANCED_FACE('',(#863),#814,.T.);
#865 = AXIS2_PLACEMENT_3D('',#801,#346,#20);
#866 = PLANE('',#865);
#867 = ORIENTED_EDGE('',*,*,#803,.F.);
#868 = VECTOR('',#16,1.);
#869 = LINE('',#795,#868);
#870 = EDGE_CURVE('',#796,#818,#869,.T.);
#871 = ORIENTED_EDGE('',*,*,#870,.T.);
#872 = ORIENTED_EDGE('',*,*,#820,.T.);
#873 = VECTOR('',#16,1.);
#874 = LINE('',#801,#873);
#875 = EDGE_CURVE('',#802,#819,#874,.T.);
#876 = ORIENTED_EDGE('',*,*,#875,.F.);
#877 = EDGE_LOOP('',(#867,#871,#872,#876));
#878 = FACE_OUTER_BOUND('',#877,.T.);
#879 = ADVANCED_FACE('',(#878),#866,.T.);
#880 = AXIS2_PLACEMENT_3D('',#795,#368,#16);
#881 = PLANE('',#880);
#882 = ORIENTED_EDGE('',*,*,#797,.F.);
#883 = VECTOR('',#16,1.);
#884 = LINE('',#789,#883);
#885 = EDGE_CURVE('',#790,#825,#884,.T.);
#886 = ORIENTED_EDGE('',*,*,#885,.T.);
#887 = ORIENTED_EDGE('',*,*,#826,.T.);
#888 = ORIENTED_EDGE('',*,*,#870,.F.);
#889 = EDGE_LOOP('',(#882,#886,#887,#888));
#890 = FACE_OUTER_BOUND('',#889,.T.);
#891 = ADVANCED_FACE('',(#890),#881,.T.);
#892 = AXIS2_PLACEMENT_3D('',#789,#480,#16);
#893 = PLANE('',#892);
#894 = ORIENTED_EDGE('',*,*,#791,.F.);
#895 = VECTOR('',#16,1.);
#896 = LINE('',#783,#895);
#897 = EDGE_CURVE('',#784,#831,#896,.T.);
#898 = ORIENTED_EDGE('',*,*,#897,.T.);
#899 = ORIENTED_EDGE('',*,*,#832,.T.);
#900 = ORIENTED_EDGE('',*,*,#885,.F.);
#901 = EDGE_LOOP('',(#894,#898,#899,#900));
#902 = FACE_OUTER_BOUND('',#901,.T.);
#903 = ADVANCED_FACE('',(#902),#893,.T.);
#904 = AXIS2_PLACEMENT_3D('',#783,#493,#16);
#905 = PLANE('',#904);
#906 = ORIENTED_EDGE('',*,*,#785,.F.);
#907 = VECTOR('',#16,1.);
#908 = LINE('',#776,#907);
#909 = EDGE_CURVE('',#778,#837,#908,.T.);
#910 = ORIENTED_EDGE('',*,*,#909,.T.);
#911 = ORIENTED_EDGE('',*,*,#838,.T.);
#912 = ORIENTED_EDGE('',*,*,#897,.F.);
#913 = EDGE_LOOP('',(#906,#910,#911,#912));
#914 = FACE_OUTER_BOUND('',#913,.T.);
#915 = ADVANCED_FACE('',(#914),#905,.T.);
#916 = AXIS2_PLACEMENT_3D('',#776,#506,#16);
#917 = PLANE('',#916);
#918 = ORIENTED_EDGE('',*,*,#779,.T.);
#919 = VECTOR('',#16,1.);
#920 = LINE('',#770,#919);
#921 = EDGE_CURVE('',#772,#843,#920,.T.);
#922 = ORIENTED_EDGE('',*,*,#921,.T.);
#923 = ORIENTED_EDGE('',*,*,#844,.F.);
#924 = ORIENTED_EDGE('',*,*,#909,.F.);
#925 = EDGE_LOOP('',(#918,#922,#923,#924));
#926 = FACE_OUTER_BOUND('',#925,.T.);
#927 = ADVANCED_FACE('',(#926),#917,.T.);
#928 = AXIS2_PLACEMENT_3D('',#770,#519,#20);
#929 = PLANE('',#928);
#930 = ORIENTED_EDGE('',*,*,#773,.T.);
#931 = VECTOR('',#16,1.);
#932 = LINE('',#763,#931);
#933 = EDGE_CURVE('',#765,#849,#932,.T.);
#934 = ORIENTED_EDGE('',*,*,#933,.T.);
#935 = ORIENTED_EDGE('',*,*,#850,.F.);
#936 = ORIENTED_EDGE('',*,*,#921,.F.);
#937 = EDGE_LOOP('',(#930,#934,#935,#936));
#938 = FACE_OUTER_BOUND('',#937,.T.);
#939 = ADVANCED_FACE('',(#938),#929,.T.);
#940 = AXIS2_PLACEMENT_3D('',#763,#361,#20);
#941 = PLANE('',#940);
#942 = ORIENTED_EDGE('',*,*,#767,.T.);
#943 = VECTOR('',#16,1.);
#944 = LINE('',#759,#943);
#945 = EDGE_CURVE('',#766,#855,#944,.T.);
#946 = ORIENTED_EDGE('',*,*,#945,.T.);
#947 = ORIENTED_EDGE('',*,*,#856,.F.);
#948 = ORIENTED_EDGE('',*,*,#933,.F.);
#949 = EDGE_LOOP('',(#942,#946,#947,#948));
#950 = FACE_OUTER_BOUND('',#949,.T.);
#951 = ADVANCED_FACE('',(#950),#941,.T.);
#952 = AXIS2_PLACEMENT_3D('',#759,#354,#20);
#953 = PLANE('',#952);
#954 = ORIENTED_EDGE('',*,*,#807,.T.);
#955 = ORIENTED_EDGE('',*,*,#875,.T.);
#956 = ORIENTED_EDGE('',*,*,#860,.F.);
#957 = ORIENTED_EDGE('',*,*,#945,.F.);
#958 = EDGE_LOOP('',(#954,#955,#956,#957));
#959 = FACE_OUTER_BOUND('',#958,.T.);
#960 = ADVANCED_FACE('',(#959),#953,.T.);
#961 = CLOSED_SHELL('',(#811,#864,#879,#891,#903,#915,#927,#939,#951,#960));
#962 = MANIFOLD_SOLID_BREP('lead',#961);
#963 = CARTESIAN_POINT('',(0.166170094,-5.246170094,0.007));
#964 = AXIS2_PLACEMENT_3D('',#963,#20,#21);
#965 = PLANE('',#964);
#966 = VECTOR('',#134,1.);
#967 = CARTESIAN_POINT('',(0.,-5.315,0.007));
#968 = LINE('',#967,#966);
#969 = VERTEX_POINT('',#967);
#970 = VERTEX_POINT('',#963);
#971 = EDGE_CURVE('',#969,#970,#968,.T.);
#972 = ORIENTED_EDGE('',*,*,#971,.F.);
#973 = VECTOR('',#142,1.);
#974 = CARTESIAN_POINT('',(-0.166170094,-5.246170094,0.007));
#975 = LINE('',#974,#973);
#976 = VERTEX_POINT('',#974);
#977 = EDGE_CURVE('',#976,#969,#975,.T.);
#978 = ORIENTED_EDGE('',*,*,#977,.F.);
#979 = VECTOR('',#149,1.);
#980 = CARTESIAN_POINT('',(-0.235,-5.08,0.007));
#981 = LINE('',#980,#979);
#982 = VERTEX_POINT('',#980);
#983 = EDGE_CURVE('',#982,#976,#981,.T.);
#984 = ORIENTED_EDGE('',*,*,#983,.F.);
#985 = VECTOR('',#156,1.);
#986 = LINE('',#980,#985);
#987 = CARTESIAN_POINT('',(-0.166170094,-4.913829906,0.007));
#988 = VERTEX_POINT('',#987);
#989 = EDGE_CURVE('',#982,#988,#986,.T.);
#990 = ORIENTED_EDGE('',*,*,#989,.T.);
#991 = VECTOR('',#134,1.);
#992 = LINE('',#987,#991);
#993 = CARTESIAN_POINT('',(0.,-4.845,0.007));
#994 = VERTEX_POINT('',#993);
#995 = EDGE_CURVE('',#988,#994,#992,.T.);
#996 = ORIENTED_EDGE('',*,*,#995,.T.);
#997 = VECTOR('',#142,1.);
#998 = LINE('',#993,#997);
#999 = CARTESIAN_POINT('',(0.166170094,-4.913829906,0.007));
#1000 = VERTEX_POINT('',#999);
#1001 = EDGE_CURVE('',#994,#1000,#998,.T.);
#1002 = ORIENTED_EDGE('',*,*,#1001,.T.);
#1003 = VECTOR('',#149,1.);
#1004 = LINE('',#999,#1003);
#1005 = CARTESIAN_POINT('',(0.235,-5.08,0.007));
#1006 = VERTEX_POINT('',#1005);
#1007 = EDGE_CURVE('',#1000,#1006,#1004,.T.);
#1008 = ORIENTED_EDGE('',*,*,#1007,.T.);
#1009 = VECTOR('',#156,1.);
#1010 = LINE('',#963,#1009);
#1011 = EDGE_CURVE('',#970,#1006,#1010,.T.);
#1012 = ORIENTED_EDGE('',*,*,#1011,.F.);
#1013 = EDGE_LOOP('',(#972,#978,#984,#990,#996,#1002,#1008,#1012));
#1014 = FACE_OUTER_BOUND('',#1013,.T.);
#1015 = ADVANCED_FACE('',(#1014),#965,.T.);
#1016 = CARTESIAN_POINT('',(0.235,-5.08,4.007));
#1017 = AXIS2_PLACEMENT_3D('',#1016,#16,#51);
#1018 = PLANE('',#1017);
#1019 = VECTOR('',#149,1.);
#1020 = CARTESIAN_POINT('',(0.166170094,-4.913829906,4.007));
#1021 = LINE('',#1020,#1019);
#1022 = VERTEX_POINT('',#1020);
#1023 = VERTEX_POINT('',#1016);
#1024 = EDGE_CURVE('',#1022,#1023,#1021,.T.);
#1025 = ORIENTED_EDGE('',*,*,#1024,.F.);
#1026 = VECTOR('',#142,1.);
#1027 = CARTESIAN_POINT('',(0.,-4.845,4.007));
#1028 = LINE('',#1027,#1026);
#1029 = VERTEX_POINT('',#1027);
#1030 = EDGE_CURVE('',#1029,#1022,#1028,.T.);
#1031 = ORIENTED_EDGE('',*,*,#1030,.F.);
#1032 = VECTOR('',#134,1.);
#1033 = CARTESIAN_POINT('',(-0.166170094,-4.913829906,4.007));
#1034 = LINE('',#1033,#1032);
#1035 = VERTEX_POINT('',#1033);
#1036 = EDGE_CURVE('',#1035,#1029,#1034,.T.);
#1037 = ORIENTED_EDGE('',*,*,#1036,.F.);
#1038 = VECTOR('',#156,1.);
#1039 = CARTESIAN_POINT('',(-0.235,-5.08,4.007));
#1040 = LINE('',#1039,#1038);
#1041 = VERTEX_POINT('',#1039);
#1042 = EDGE_CURVE('',#1041,#1035,#1040,.T.);
#1043 = ORIENTED_EDGE('',*,*,#1042,.F.);
#1044 = VECTOR('',#149,1.);
#1045 = LINE('',#1039,#1044);
#1046 = CARTESIAN_POINT('',(-0.166170094,-5.246170094,4.007));
#1047 = VERTEX_POINT('',#1046);
#1048 = EDGE_CURVE('',#1041,#1047,#1045,.T.);
#1049 = ORIENTED_EDGE('',*,*,#1048,.T.);
#1050 = VECTOR('',#142,1.);
#1051 = LINE('',#1046,#1050);
#1052 = CARTESIAN_POINT('',(0.,-5.315,4.007));
#1053 = VERTEX_POINT('',#1052);
#1054 = EDGE_CURVE('',#1047,#1053,#1051,.T.);
#1055 = ORIENTED_EDGE('',*,*,#1054,.T.);
#1056 = VECTOR('',#134,1.);
#1057 = LINE('',#1052,#1056);
#1058 = CARTESIAN_POINT('',(0.166170094,-5.246170094,4.007));
#1059 = VERTEX_POINT('',#1058);
#1060 = EDGE_CURVE('',#1053,#1059,#1057,.T.);
#1061 = ORIENTED_EDGE('',*,*,#1060,.T.);
#1062 = VECTOR('',#156,1.);
#1063 = LINE('',#1058,#1062);
#1064 = EDGE_CURVE('',#1059,#1023,#1063,.T.);
#1065 = ORIENTED_EDGE('',*,*,#1064,.T.);
#1066 = EDGE_LOOP('',(#1025,#1031,#1037,#1043,#1049,#1055,#1061,#1065));
#1067 = FACE_OUTER_BOUND('',#1066,.T.);
#1068 = ADVANCED_FACE('',(#1067),#1018,.T.);
#1069 = AXIS2_PLACEMENT_3D('',#1005,#134,#20);
#1070 = PLANE('',#1069);
#1071 = ORIENTED_EDGE('',*,*,#1007,.F.);
#1072 = VECTOR('',#16,1.);
#1073 = LINE('',#999,#1072);
#1074 = EDGE_CURVE('',#1000,#1022,#1073,.T.);
#1075 = ORIENTED_EDGE('',*,*,#1074,.T.);
#1076 = ORIENTED_EDGE('',*,*,#1024,.T.);
#1077 = VECTOR('',#16,1.);
#1078 = LINE('',#1005,#1077);
#1079 = EDGE_CURVE('',#1006,#1023,#1078,.T.);
#1080 = ORIENTED_EDGE('',*,*,#1079,.F.);
#1081 = EDGE_LOOP('',(#1071,#1075,#1076,#1080));
#1082 = FACE_OUTER_BOUND('',#1081,.T.);
#1083 = ADVANCED_FACE('',(#1082),#1070,.T.);
#1084 = AXIS2_PLACEMENT_3D('',#999,#156,#16);
#1085 = PLANE('',#1084);
#1086 = ORIENTED_EDGE('',*,*,#1001,.F.);
#1087 = VECTOR('',#16,1.);
#1088 = LINE('',#993,#1087);
#1089 = EDGE_CURVE('',#994,#1029,#1088,.T.);
#1090 = ORIENTED_EDGE('',*,*,#1089,.T.);
#1091 = ORIENTED_EDGE('',*,*,#1030,.T.);
#1092 = ORIENTED_EDGE('',*,*,#1074,.F.);
#1093 = EDGE_LOOP('',(#1086,#1090,#1091,#1092));
#1094 = FACE_OUTER_BOUND('',#1093,.T.);
#1095 = ADVANCED_FACE('',(#1094),#1085,.T.);
#1096 = AXIS2_PLACEMENT_3D('',#993,#268,#16);
#1097 = PLANE('',#1096);
#1098 = ORIENTED_EDGE('',*,*,#995,.F.);
#1099 = VECTOR('',#16,1.);
#1100 = LINE('',#987,#1099);
#1101 = EDGE_CURVE('',#988,#1035,#1100,.T.);
#1102 = ORIENTED_EDGE('',*,*,#1101,.T.);
#1103 = ORIENTED_EDGE('',*,*,#1036,.T.);
#1104 = ORIENTED_EDGE('',*,*,#1089,.F.);
#1105 = EDGE_LOOP('',(#1098,#1102,#1103,#1104));
#1106 = FACE_OUTER_BOUND('',#1105,.T.);
#1107 = ADVANCED_FACE('',(#1106),#1097,.T.);
#1108 = AXIS2_PLACEMENT_3D('',#987,#281,#16);
#1109 = PLANE('',#1108);
#1110 = ORIENTED_EDGE('',*,*,#989,.F.);
#1111 = VECTOR('',#16,1.);
#1112 = LINE('',#980,#1111);
#1113 = EDGE_CURVE('',#982,#1041,#1112,.T.);
#1114 = ORIENTED_EDGE('',*,*,#1113,.T.);
#1115 = ORIENTED_EDGE('',*,*,#1042,.T.);
#1116 = ORIENTED_EDGE('',*,*,#1101,.F.);
#1117 = EDGE_LOOP('',(#1110,#1114,#1115,#1116));
#1118 = FACE_OUTER_BOUND('',#1117,.T.);
#1119 = ADVANCED_FACE('',(#1118),#1109,.T.);
#1120 = AXIS2_PLACEMENT_3D('',#980,#294,#16);
#1121 = PLANE('',#1120);
#1122 = ORIENTED_EDGE('',*,*,#983,.T.);
#1123 = VECTOR('',#16,1.);
#1124 = LINE('',#974,#1123);
#1125 = EDGE_CURVE('',#976,#1047,#1124,.T.);
#1126 = ORIENTED_EDGE('',*,*,#1125,.T.);
#1127 = ORIENTED_EDGE('',*,*,#1048,.F.);
#1128 = ORIENTED_EDGE('',*,*,#1113,.F.);
#1129 = EDGE_LOOP('',(#1122,#1126,#1127,#1128));
#1130 = FACE_OUTER_BOUND('',#1129,.T.);
#1131 = ADVANCED_FACE('',(#1130),#1121,.T.);
#1132 = AXIS2_PLACEMENT_3D('',#974,#307,#20);
#1133 = PLANE('',#1132);
#1134 = ORIENTED_EDGE('',*,*,#977,.T.);
#1135 = VECTOR('',#16,1.);
#1136 = LINE('',#967,#1135);
#1137 = EDGE_CURVE('',#969,#1053,#1136,.T.);
#1138 = ORIENTED_EDGE('',*,*,#1137,.T.);
#1139 = ORIENTED_EDGE('',*,*,#1054,.F.);
#1140 = ORIENTED_EDGE('',*,*,#1125,.F.);
#1141 = EDGE_LOOP('',(#1134,#1138,#1139,#1140));
#1142 = FACE_OUTER_BOUND('',#1141,.T.);
#1143 = ADVANCED_FACE('',(#1142),#1133,.T.);
#1144 = AXIS2_PLACEMENT_3D('',#967,#149,#20);
#1145 = PLANE('',#1144);
#1146 = ORIENTED_EDGE('',*,*,#971,.T.);
#1147 = VECTOR('',#16,1.);
#1148 = LINE('',#963,#1147);
#1149 = EDGE_CURVE('',#970,#1059,#1148,.T.);
#1150 = ORIENTED_EDGE('',*,*,#1149,.T.);
#1151 = ORIENTED_EDGE('',*,*,#1060,.F.);
#1152 = ORIENTED_EDGE('',*,*,#1137,.F.);
#1153 = EDGE_LOOP('',(#1146,#1150,#1151,#1152));
#1154 = FACE_OUTER_BOUND('',#1153,.T.);
#1155 = ADVANCED_FACE('',(#1154),#1145,.T.);
#1156 = AXIS2_PLACEMENT_3D('',#963,#142,#20);
#1157 = PLANE('',#1156);
#1158 = ORIENTED_EDGE('',*,*,#1011,.T.);
#1159 = ORIENTED_EDGE('',*,*,#1079,.T.);
#1160 = ORIENTED_EDGE('',*,*,#1064,.F.);
#1161 = ORIENTED_EDGE('',*,*,#1149,.F.);
#1162 = EDGE_LOOP('',(#1158,#1159,#1160,#1161));
#1163 = FACE_OUTER_BOUND('',#1162,.T.);
#1164 = ADVANCED_FACE('',(#1163),#1157,.T.);
#1165 = CLOSED_SHELL('',(#1015,#1068,#1083,#1095,#1107,#1119,#1131,#1143,#1155,#1164));
#1166 = MANIFOLD_SOLID_BREP('contact',#1165);
#1167 = CARTESIAN_POINT('',(0.229809704,-5.309809704,8.057));
#1168 = AXIS2_PLACEMENT_3D('',#1167,#20,#21);
#1169 = PLANE('',#1168);
#1170 = VECTOR('',#346,1.);
#1171 = CARTESIAN_POINT('',(0.,-5.405,8.057));
#1172 = LINE('',#1171,#1170);
#1173 = VERTEX_POINT('',#1171);
#1174 = VERTEX_POINT('',#1167);
#1175 = EDGE_CURVE('',#1173,#1174,#1172,.T.);
#1176 = ORIENTED_EDGE('',*,*,#1175,.F.);
#1177 = VECTOR('',#354,1.);
#1178 = CARTESIAN_POINT('',(-0.229809704,-5.309809704,8.057));
#1179 = LINE('',#1178,#1177);
#1180 = VERTEX_POINT('',#1178);
#1181 = EDGE_CURVE('',#1180,#1173,#1179,.T.);
#1182 = ORIENTED_EDGE('',*,*,#1181,.F.);
#1183 = VECTOR('',#361,1.);
#1184 = CARTESIAN_POINT('',(-0.325,-5.08,8.057));
#1185 = LINE('',#1184,#1183);
#1186 = VERTEX_POINT('',#1184);
#1187 = EDGE_CURVE('',#1186,#1180,#1185,.T.);
#1188 = ORIENTED_EDGE('',*,*,#1187,.F.);
#1189 = VECTOR('',#368,1.);
#1190 = LINE('',#1184,#1189);
#1191 = CARTESIAN_POINT('',(-0.229809704,-4.850190296,8.057));
#1192 = VERTEX_POINT('',#1191);
#1193 = EDGE_CURVE('',#1186,#1192,#1190,.T.);
#1194 = ORIENTED_EDGE('',*,*,#1193,.T.);
#1195 = VECTOR('',#346,1.);
#1196 = LINE('',#1191,#1195);
#1197 = CARTESIAN_POINT('',(0.,-4.755,8.057));
#1198 = VERTEX_POINT('',#1197);
#1199 = EDGE_CURVE('',#1192,#1198,#1196,.T.);
#1200 = ORIENTED_EDGE('',*,*,#1199,.T.);
#1201 = VECTOR('',#354,1.);
#1202 = LINE('',#1197,#1201);
#1203 = CARTESIAN_POINT('',(0.229809704,-4.850190296,8.057));
#1204 = VERTEX_POINT('',#1203);
#1205 = EDGE_CURVE('',#1198,#1204,#1202,.T.);
#1206 = ORIENTED_EDGE('',*,*,#1205,.T.);
#1207 = VECTOR('',#361,1.);
#1208 = LINE('',#1203,#1207);
#1209 = CARTESIAN_POINT('',(0.325,-5.08,8.057));
#1210 = VERTEX_POINT('',#1209);
#1211 = EDGE_CURVE('',#1204,#1210,#1208,.T.);
#1212 = ORIENTED_EDGE('',*,*,#1211,.T.);
#1213 = VECTOR('',#368,1.);
#1214 = LINE('',#1167,#1213);
#1215 = EDGE_CURVE('',#1174,#1210,#1214,.T.);
#1216 = ORIENTED_EDGE('',*,*,#1215,.F.);
#1217 = EDGE_LOOP('',(#1176,#1182,#1188,#1194,#1200,#1206,#1212,#1216));
#1218 = FACE_OUTER_BOUND('',#1217,.T.);
#1219 = ADVANCED_FACE('',(#1218),#1169,.T.);
#1220 = CARTESIAN_POINT('',(0.325,-5.08,10.157));
#1221 = AXIS2_PLACEMENT_3D('',#1220,#16,#51);
#1222 = PLANE('',#1221);
#1223 = VECTOR('',#361,1.);
#1224 = CARTESIAN_POINT('',(0.229809704,-4.850190296,10.157));
#1225 = LINE('',#1224,#1223);
#1226 = VERTEX_POINT('',#1224);
#1227 = VERTEX_POINT('',#1220);
#1228 = EDGE_CURVE('',#1226,#1227,#1225,.T.);
#1229 = ORIENTED_EDGE('',*,*,#1228,.F.);
#1230 = VECTOR('',#354,1.);
#1231 = CARTESIAN_POINT('',(0.,-4.755,10.157));
#1232 = LINE('',#1231,#1230);
#1233 = VERTEX_POINT('',#1231);
#1234 = EDGE_CURVE('',#1233,#1226,#1232,.T.);
#1235 = ORIENTED_EDGE('',*,*,#1234,.F.);
#1236 = VECTOR('',#346,1.);
#1237 = CARTESIAN_POINT('',(-0.229809704,-4.850190296,10.157));
#1238 = LINE('',#1237,#1236);
#1239 = VERTEX_POINT('',#1237);
#1240 = EDGE_CURVE('',#1239,#1233,#1238,.T.);
#1241 = ORIENTED_EDGE('',*,*,#1240,.F.);
#1242 = VECTOR('',#368,1.);
#1243 = CARTESIAN_POINT('',(-0.325,-5.08,10.157));
#1244 = LINE('',#1243,#1242);
#1245 = VERTEX_POINT('',#1243);
#1246 = EDGE_CURVE('',#1245,#1239,#1244,.T.);
#1247 = ORIENTED_EDGE('',*,*,#1246,.F.);
#1248 = VECTOR('',#361,1.);
#1249 = LINE('',#1243,#1248);
#1250 = CARTESIAN_POINT('',(-0.229809704,-5.309809704,10.157));
#1251 = VERTEX_POINT('',#1250);
#1252 = EDGE_CURVE('',#1245,#1251,#1249,.T.);
#1253 = ORIENTED_EDGE('',*,*,#1252,.T.);
#1254 = VECTOR('',#354,1.);
#1255 = LINE('',#1250,#1254);
#1256 = CARTESIAN_POINT('',(0.,-5.405,10.157));
#1257 = VERTEX_POINT('',#1256);
#1258 = EDGE_CURVE('',#1251,#1257,#1255,.T.);
#1259 = ORIENTED_EDGE('',*,*,#1258,.T.);
#1260 = VECTOR('',#346,1.);
#1261 = LINE('',#1256,#1260);
#1262 = CARTESIAN_POINT('',(0.229809704,-5.309809704,10.157));
#1263 = VERTEX_POINT('',#1262);
#1264 = EDGE_CURVE('',#1257,#1263,#1261,.T.);
#1265 = ORIENTED_EDGE('',*,*,#1264,.T.);
#1266 = VECTOR('',#368,1.);
#1267 = LINE('',#1262,#1266);
#1268 = EDGE_CURVE('',#1263,#1227,#1267,.T.);
#1269 = ORIENTED_EDGE('',*,*,#1268,.T.);
#1270 = EDGE_LOOP('',(#1229,#1235,#1241,#1247,#1253,#1259,#1265,#1269));
#1271 = FACE_OUTER_BOUND('',#1270,.T.);
#1272 = ADVANCED_FACE('',(#1271),#1222,.T.);
#1273 = AXIS2_PLACEMENT_3D('',#1209,#346,#20);
#1274 = PLANE('',#1273);
#1275 = ORIENTED_EDGE('',*,*,#1211,.F.);
#1276 = VECTOR('',#16,1.);
#1277 = LINE('',#1203,#1276);
#1278 = EDGE_CURVE('',#1204,#1226,#1277,.T.);
#1279 = ORIENTED_EDGE('',*,*,#1278,.T.);
#1280 = ORIENTED_EDGE('',*,*,#1228,.T.);
#1281 = VECTOR('',#16,1.);
#1282 = LINE('',#1209,#1281);
#1283 = EDGE_CURVE('',#1210,#1227,#1282,.T.);
#1284 = ORIENTED_EDGE('',*,*,#1283,.F.);
#1285 = EDGE_LOOP('',(#1275,#1279,#1280,#1284));
#1286 = FACE_OUTER_BOUND('',#1285,.T.);
#1287 = ADVANCED_FACE('',(#1286),#1274,.T.);
#1288 = AXIS2_PLACEMENT_3D('',#1203,#368,#16);
#1289 = PLANE('',#1288);
#1290 = ORIENTED_EDGE('',*,*,#1205,.F.);
#1291 = VECTOR('',#16,1.);
#1292 = LINE('',#1197,#1291);
#1293 = EDGE_CURVE('',#1198,#1233,#1292,.T.);
#1294 = ORIENTED_EDGE('',*,*,#1293,.T.);
#1295 = ORIENTED_EDGE('',*,*,#1234,.T.);
#1296 = ORIENTED_EDGE('',*,*,#1278,.F.);
#1297 = EDGE_LOOP('',(#1290,#1294,#1295,#1296));
#1298 = FACE_OUTER_BOUND('',#1297,.T.);
#1299 = ADVANCED_FACE('',(#1298),#1289,.T.);
#1300 = AXIS2_PLACEMENT_3D('',#1197,#480,#16);
#1301 = PLANE('',#1300);
#1302 = ORIENTED_EDGE('',*,*,#1199,.F.);
#1303 = VECTOR('',#16,1.);
#1304 = LINE('',#1191,#1303);
#1305 = EDGE_CURVE('',#1192,#1239,#1304,.T.);
#1306 = ORIENTED_EDGE('',*,*,#1305,.T.);
#1307 = ORIENTED_EDGE('',*,*,#1240,.T.);
#1308 = ORIENTED_EDGE('',*,*,#1293,.F.);
#1309 = EDGE_LOOP('',(#1302,#1306,#1307,#1308));
#1310 = FACE_OUTER_BOUND('',#1309,.T.);
#1311 = ADVANCED_FACE('',(#1310),#1301,.T.);
#1312 = AXIS2_PLACEMENT_3D('',#1191,#493,#16);
#1313 = PLANE('',#1312);
#1314 = ORIENTED_EDGE('',*,*,#1193,.F.);
#1315 = VECTOR('',#16,1.);
#1316 = LINE('',#1184,#1315);
#1317 = EDGE_CURVE('',#1186,#1245,#1316,.T.);
#1318 = ORIENTED_EDGE('',*,*,#1317,.T.);
#1319 = ORIENTED_EDGE('',*,*,#1246,.T.);
#1320 = ORIENTED_EDGE('',*,*,#1305,.F.);
#1321 = EDGE_LOOP('',(#1314,#1318,#1319,#1320));
#1322 = FACE_OUTER_BOUND('',#1321,.T.);
#1323 = ADVANCED_FACE('',(#1322),#1313,.T.);
#1324 = AXIS2_PLACEMENT_3D('',#1184,#506,#16);
#1325 = PLANE('',#1324);
#1326 = ORIENTED_EDGE('',*,*,#1187,.T.);
#1327 = VECTOR('',#16,1.);
#1328 = LINE('',#1178,#1327);
#1329 = EDGE_CURVE('',#1180,#1251,#1328,.T.);
#1330 = ORIENTED_EDGE('',*,*,#1329,.T.);
#1331 = ORIENTED_EDGE('',*,*,#1252,.F.);
#1332 = ORIENTED_EDGE('',*,*,#1317,.F.);
#1333 = EDGE_LOOP('',(#1326,#1330,#1331,#1332));
#1334 = FACE_OUTER_BOUND('',#1333,.T.);
#1335 = ADVANCED_FACE('',(#1334),#1325,.T.);
#1336 = AXIS2_PLACEMENT_3D('',#1178,#519,#20);
#1337 = PLANE('',#1336);
#1338 = ORIENTED_EDGE('',*,*,#1181,.T.);
#1339 = VECTOR('',#16,1.);
#1340 = LINE('',#1171,#1339);
#1341 = EDGE_CURVE('',#1173,#1257,#1340,.T.);
#1342 = ORIENTED_EDGE('',*,*,#1341,.T.);
#1343 = ORIENTED_EDGE('',*,*,#1258,.F.);
#1344 = ORIENTED_EDGE('',*,*,#1329,.F.);
#1345 = EDGE_LOOP('',(#1338,#1342,#1343,#1344));
#1346 = FACE_OUTER_BOUND('',#1345,.T.);
#1347 = ADVANCED_FACE('',(#1346),#1337,.T.);
#1348 = AXIS2_PLACEMENT_3D('',#1171,#361,#20);
#1349 = PLANE('',#1348);
#1350 = ORIENTED_EDGE('',*,*,#1175,.T.);
#1351 = VECTOR('',#16,1.);
#1352 = LINE('',#1167,#1351);
#1353 = EDGE_CURVE('',#1174,#1263,#1352,.T.);
#1354 = ORIENTED_EDGE('',*,*,#1353,.T.);
#1355 = ORIENTED_EDGE('',*,*,#1264,.F.);
#1356 = ORIENTED_EDGE('',*,*,#1341,.F.);
#1357 = EDGE_LOOP('',(#1350,#1354,#1355,#1356));
#1358 = FACE_OUTER_BOUND('',#1357,.T.);
#1359 = ADVANCED_FACE('',(#1358),#1349,.T.);
#1360 = AXIS2_PLACEMENT_3D('',#1167,#354,#20);
#1361 = PLANE('',#1360);
#1362 = ORIENTED_EDGE('',*,*,#1215,.T.);
#1363 = ORIENTED_EDGE('',*,*,#1283,.T.);
#1364 = ORIENTED_EDGE('',*,*,#1268,.F.);
#1365 = ORIENTED_EDGE('',*,*,#1353,.F.);
#1366 = EDGE_LOOP('',(#1362,#1363,#1364,#1365));
#1367 = FACE_OUTER_BOUND('',#1366,.T.);
#1368 = ADVANCED_FACE('',(#1367),#1361,.T.);
#1369 = CLOSED_SHELL('',(#1219,#1272,#1287,#1299,#1311,#1323,#1335,#1347,#1359,#1368));
#1370 = MANIFOLD_SOLID_BREP('lead',#1369);
#1371 = CARTESIAN_POINT('',(0.166170094,-7.786170094,0.007));
#1372 = AXIS2_PLACEMENT_3D('',#1371,#20,#21);
#1373 = PLANE('',#1372);
#1374 = VECTOR('',#134,1.);
#1375 = CARTESIAN_POINT('',(0.,-7.855,0.007));
#1376 = LINE('',#1375,#1374);
#1377 = VERTEX_POINT('',#1375);
#1378 = VERTEX_POINT('',#1371);
#1379 = EDGE_CURVE('',#1377,#1378,#1376,.T.);
#1380 = ORIENTED_EDGE('',*,*,#1379,.F.);
#1381 = VECTOR('',#142,1.);
#1382 = CARTESIAN_POINT('',(-0.166170094,-7.786170094,0.007));
#1383 = LINE('',#1382,#1381);
#1384 = VERTEX_POINT('',#1382);
#1385 = EDGE_CURVE('',#1384,#1377,#1383,.T.);
#1386 = ORIENTED_EDGE('',*,*,#1385,.F.);
#1387 = VECTOR('',#149,1.);
#1388 = CARTESIAN_POINT('',(-0.235,-7.62,0.007));
#1389 = LINE('',#1388,#1387);
#1390 = VERTEX_POINT('',#1388);
#1391 = EDGE_CURVE('',#1390,#1384,#1389,.T.);
#1392 = ORIENTED_EDGE('',*,*,#1391,.F.);
#1393 = VECTOR('',#156,1.);
#1394 = LINE('',#1388,#1393);
#1395 = CARTESIAN_POINT('',(-0.166170094,-7.453829906,0.007));
#1396 = VERTEX_POINT('',#1395);
#1397 = EDGE_CURVE('',#1390,#1396,#1394,.T.);
#1398 = ORIENTED_EDGE('',*,*,#1397,.T.);
#1399 = VECTOR('',#134,1.);
#1400 = LINE('',#1395,#1399);
#1401 = CARTESIAN_POINT('',(0.,-7.385,0.007));
#1402 = VERTEX_POINT('',#1401);
#1403 = EDGE_CURVE('',#1396,#1402,#1400,.T.);
#1404 = ORIENTED_EDGE('',*,*,#1403,.T.);
#1405 = VECTOR('',#142,1.);
#1406 = LINE('',#1401,#1405);
#1407 = CARTESIAN_POINT('',(0.166170094,-7.453829906,0.007));
#1408 = VERTEX_POINT('',#1407);
#1409 = EDGE_CURVE('',#1402,#1408,#1406,.T.);
#1410 = ORIENTED_EDGE('',*,*,#1409,.T.);
#1411 = VECTOR('',#149,1.);
#1412 = LINE('',#1407,#1411);
#1413 = CARTESIAN_POINT('',(0.235,-7.62,0.007));
#1414 = VERTEX_POINT('',#1413);
#1415 = EDGE_CURVE('',#1408,#1414,#1412,.T.);
#1416 = ORIENTED_EDGE('',*,*,#1415,.T.);
#1417 = VECTOR('',#156,1.);
#1418 = LINE('',#1371,#1417);
#1419 = EDGE_CURVE('',#1378,#1414,#1418,.T.);
#1420 = ORIENTED_EDGE('',*,*,#1419,.F.);
#1421 = EDGE_LOOP('',(#1380,#1386,#1392,#1398,#1404,#1410,#1416,#1420));
#1422 = FACE_OUTER_BOUND('',#1421,.T.);
#1423 = ADVANCED_FACE('',(#1422),#1373,.T.);
#1424 = CARTESIAN_POINT('',(0.235,-7.62,4.007));
#1425 = AXIS2_PLACEMENT_3D('',#1424,#16,#51);
#1426 = PLANE('',#1425);
#1427 = VECTOR('',#149,1.);
#1428 = CARTESIAN_POINT('',(0.166170094,-7.453829906,4.007));
#1429 = LINE('',#1428,#1427);
#1430 = VERTEX_POINT('',#1428);
#1431 = VERTEX_POINT('',#1424);
#1432 = EDGE_CURVE('',#1430,#1431,#1429,.T.);
#1433 = ORIENTED_EDGE('',*,*,#1432,.F.);
#1434 = VECTOR('',#142,1.);
#1435 = CARTESIAN_POINT('',(0.,-7.385,4.007));
#1436 = LINE('',#1435,#1434);
#1437 = VERTEX_POINT('',#1435);
#1438 = EDGE_CURVE('',#1437,#1430,#1436,.T.);
#1439 = ORIENTED_EDGE('',*,*,#1438,.F.);
#1440 = VECTOR('',#134,1.);
#1441 = CARTESIAN_POINT('',(-0.166170094,-7.453829906,4.007));
#1442 = LINE('',#1441,#1440);
#1443 = VERTEX_POINT('',#1441);
#1444 = EDGE_CURVE('',#1443,#1437,#1442,.T.);
#1445 = ORIENTED_EDGE('',*,*,#1444,.F.);
#1446 = VECTOR('',#156,1.);
#1447 = CARTESIAN_POINT('',(-0.235,-7.62,4.007));
#1448 = LINE('',#1447,#1446);
#1449 = VERTEX_POINT('',#1447);
#1450 = EDGE_CURVE('',#1449,#1443,#1448,.T.);
#1451 = ORIENTED_EDGE('',*,*,#1450,.F.);
#1452 = VECTOR('',#149,1.);
#1453 = LINE('',#1447,#1452);
#1454 = CARTESIAN_POINT('',(-0.166170094,-7.786170094,4.007));
#1455 = VERTEX_POINT('',#1454);
#1456 = EDGE_CURVE('',#1449,#1455,#1453,.T.);
#1457 = ORIENTED_EDGE('',*,*,#1456,.T.);
#1458 = VECTOR('',#142,1.);
#1459 = LINE('',#1454,#1458);
#1460 = CARTESIAN_POINT('',(0.,-7.855,4.007));
#1461 = VERTEX_POINT('',#1460);
#1462 = EDGE_CURVE('',#1455,#1461,#1459,.T.);
#1463 = ORIENTED_EDGE('',*,*,#1462,.T.);
#1464 = VECTOR('',#134,1.);
#1465 = LINE('',#1460,#1464);
#1466 = CARTESIAN_POINT('',(0.166170094,-7.786170094,4.007));
#1467 = VERTEX_POINT('',#1466);
#1468 = EDGE_CURVE('',#1461,#1467,#1465,.T.);
#1469 = ORIENTED_EDGE('',*,*,#1468,.T.);
#1470 = VECTOR('',#156,1.);
#1471 = LINE('',#1466,#1470);
#1472 = EDGE_CURVE('',#1467,#1431,#1471,.T.);
#1473 = ORIENTED_EDGE('',*,*,#1472,.T.);
#1474 = EDGE_LOOP('',(#1433,#1439,#1445,#1451,#1457,#1463,#1469,#1473));
#1475 = FACE_OUTER_BOUND('',#1474,.T.);
#1476 = ADVANCED_FACE('',(#1475),#1426,.T.);
#1477 = AXIS2_PLACEMENT_3D('',#1413,#134,#20);
#1478 = PLANE('',#1477);
#1479 = ORIENTED_EDGE('',*,*,#1415,.F.);
#1480 = VECTOR('',#16,1.);
#1481 = LINE('',#1407,#1480);
#1482 = EDGE_CURVE('',#1408,#1430,#1481,.T.);
#1483 = ORIENTED_EDGE('',*,*,#1482,.T.);
#1484 = ORIENTED_EDGE('',*,*,#1432,.T.);
#1485 = VECTOR('',#16,1.);
#1486 = LINE('',#1413,#1485);
#1487 = EDGE_CURVE('',#1414,#1431,#1486,.T.);
#1488 = ORIENTED_EDGE('',*,*,#1487,.F.);
#1489 = EDGE_LOOP('',(#1479,#1483,#1484,#1488));
#1490 = FACE_OUTER_BOUND('',#1489,.T.);
#1491 = ADVANCED_FACE('',(#1490),#1478,.T.);
#1492 = AXIS2_PLACEMENT_3D('',#1407,#156,#16);
#1493 = PLANE('',#1492);
#1494 = ORIENTED_EDGE('',*,*,#1409,.F.);
#1495 = VECTOR('',#16,1.);
#1496 = LINE('',#1401,#1495);
#1497 = EDGE_CURVE('',#1402,#1437,#1496,.T.);
#1498 = ORIENTED_EDGE('',*,*,#1497,.T.);
#1499 = ORIENTED_EDGE('',*,*,#1438,.T.);
#1500 = ORIENTED_EDGE('',*,*,#1482,.F.);
#1501 = EDGE_LOOP('',(#1494,#1498,#1499,#1500));
#1502 = FACE_OUTER_BOUND('',#1501,.T.);
#1503 = ADVANCED_FACE('',(#1502),#1493,.T.);
#1504 = AXIS2_PLACEMENT_3D('',#1401,#268,#16);
#1505 = PLANE('',#1504);
#1506 = ORIENTED_EDGE('',*,*,#1403,.F.);
#1507 = VECTOR('',#16,1.);
#1508 = LINE('',#1395,#1507);
#1509 = EDGE_CURVE('',#1396,#1443,#1508,.T.);
#1510 = ORIENTED_EDGE('',*,*,#1509,.T.);
#1511 = ORIENTED_EDGE('',*,*,#1444,.T.);
#1512 = ORIENTED_EDGE('',*,*,#1497,.F.);
#1513 = EDGE_LOOP('',(#1506,#1510,#1511,#1512));
#1514 = FACE_OUTER_BOUND('',#1513,.T.);
#1515 = ADVANCED_FACE('',(#1514),#1505,.T.);
#1516 = AXIS2_PLACEMENT_3D('',#1395,#281,#16);
#1517 = PLANE('',#1516);
#1518 = ORIENTED_EDGE('',*,*,#1397,.F.);
#1519 = VECTOR('',#16,1.);
#1520 = LINE('',#1388,#1519);
#1521 = EDGE_CURVE('',#1390,#1449,#1520,.T.);
#1522 = ORIENTED_EDGE('',*,*,#1521,.T.);
#1523 = ORIENTED_EDGE('',*,*,#1450,.T.);
#1524 = ORIENTED_EDGE('',*,*,#1509,.F.);
#1525 = EDGE_LOOP('',(#1518,#1522,#1523,#1524));
#1526 = FACE_OUTER_BOUND('',#1525,.T.);
#1527 = ADVANCED_FACE('',(#1526),#1517,.T.);
#1528 = AXIS2_PLACEMENT_3D('',#1388,#294,#16);
#1529 = PLANE('',#1528);
#1530 = ORIENTED_EDGE('',*,*,#1391,.T.);
#1531 = VECTOR('',#16,1.);
#1532 = LINE('',#1382,#1531);
#1533 = EDGE_CURVE('',#1384,#1455,#1532,.T.);
#1534 = ORIENTED_EDGE('',*,*,#1533,.T.);
#1535 = ORIENTED_EDGE('',*,*,#1456,.F.);
#1536 = ORIENTED_EDGE('',*,*,#1521,.F.);
#1537 = EDGE_LOOP('',(#1530,#1534,#1535,#1536));
#1538 = FACE_OUTER_BOUND('',#1537,.T.);
#1539 = ADVANCED_FACE('',(#1538),#1529,.T.);
#1540 = AXIS2_PLACEMENT_3D('',#1382,#307,#20);
#1541 = PLANE('',#1540);
#1542 = ORIENTED_EDGE('',*,*,#1385,.T.);
#1543 = VECTOR('',#16,1.);
#1544 = LINE('',#1375,#1543);
#1545 = EDGE_CURVE('',#1377,#1461,#1544,.T.);
#1546 = ORIENTED_EDGE('',*,*,#1545,.T.);
#1547 = ORIENTED_EDGE('',*,*,#1462,.F.);
#1548 = ORIENTED_EDGE('',*,*,#1533,.F.);
#1549 = EDGE_LOOP('',(#1542,#1546,#1547,#1548));
#1550 = FACE_OUTER_BOUND('',#1549,.T.);
#1551 = ADVANCED_FACE('',(#1550),#1541,.T.);
#1552 = AXIS2_PLACEMENT_3D('',#1375,#149,#20);
#1553 = PLANE('',#1552);
#1554 = ORIENTED_EDGE('',*,*,#1379,.T.);
#1555 = VECTOR('',#16,1.);
#1556 = LINE('',#1371,#1555);
#1557 = EDGE_CURVE('',#1378,#1467,#1556,.T.);
#1558 = ORIENTED_EDGE('',*,*,#1557,.T.);
#1559 = ORIENTED_EDGE('',*,*,#1468,.F.);
#1560 = ORIENTED_EDGE('',*,*,#1545,.F.);
#1561 = EDGE_LOOP('',(#1554,#1558,#1559,#1560));
#1562 = FACE_OUTER_BOUND('',#1561,.T.);
#1563 = ADVANCED_FACE('',(#1562),#1553,.T.);
#1564 = AXIS2_PLACEMENT_3D('',#1371,#142,#20);
#1565 = PLANE('',#1564);
#1566 = ORIENTED_EDGE('',*,*,#1419,.T.);
#1567 = ORIENTED_EDGE('',*,*,#1487,.T.);
#1568 = ORIENTED_EDGE('',*,*,#1472,.F.);
#1569 = ORIENTED_EDGE('',*,*,#1557,.F.);
#1570 = EDGE_LOOP('',(#1566,#1567,#1568,#1569));
#1571 = FACE_OUTER_BOUND('',#1570,.T.);
#1572 = ADVANCED_FACE('',(#1571),#1565,.T.);
#1573 = CLOSED_SHELL('',(#1423,#1476,#1491,#1503,#1515,#1527,#1539,#1551,#1563,#1572));
#1574 = MANIFOLD_SOLID_BREP('contact',#1573);
#1575 = CARTESIAN_POINT('',(0.229809704,-7.849809704,8.057));
#1576 = AXIS2_PLACEMENT_3D('',#1575,#20,#21);
#1577 = PLANE('',#1576);
#1578 = VECTOR('',#346,1.);
#1579 = CARTESIAN_POINT('',(0.,-7.945,8.057));
#1580 = LINE('',#1579,#1578);
#1581 = VERTEX_POINT('',#1579);
#1582 = VERTEX_POINT('',#1575);
#1583 = EDGE_CURVE('',#1581,#1582,#1580,.T.);
#1584 = ORIENTED_EDGE('',*,*,#1583,.F.);
#1585 = VECTOR('',#354,1.);
#1586 = CARTESIAN_POINT('',(-0.229809704,-7.849809704,8.057));
#1587 = LINE('',#1586,#1585);
#1588 = VERTEX_POINT('',#1586);
#1589 = EDGE_CURVE('',#1588,#1581,#1587,.T.);
#1590 = ORIENTED_EDGE('',*,*,#1589,.F.);
#1591 = VECTOR('',#361,1.);
#1592 = CARTESIAN_POINT('',(-0.325,-7.62,8.057));
#1593 = LINE('',#1592,#1591);
#1594 = VERTEX_POINT('',#1592);
#1595 = EDGE_CURVE('',#1594,#1588,#1593,.T.);
#1596 = ORIENTED_EDGE('',*,*,#1595,.F.);
#1597 = VECTOR('',#368,1.);
#1598 = LINE('',#1592,#1597);
#1599 = CARTESIAN_POINT('',(-0.229809704,-7.390190296,8.057));
#1600 = VERTEX_POINT('',#1599);
#1601 = EDGE_CURVE('',#1594,#1600,#1598,.T.);
#1602 = ORIENTED_EDGE('',*,*,#1601,.T.);
#1603 = VECTOR('',#346,1.);
#1604 = LINE('',#1599,#1603);
#1605 = CARTESIAN_POINT('',(0.,-7.295,8.057));
#1606 = VERTEX_POINT('',#1605);
#1607 = EDGE_CURVE('',#1600,#1606,#1604,.T.);
#1608 = ORIENTED_EDGE('',*,*,#1607,.T.);
#1609 = VECTOR('',#354,1.);
#1610 = LINE('',#1605,#1609);
#1611 = CARTESIAN_POINT('',(0.229809704,-7.390190296,8.057));
#1612 = VERTEX_POINT('',#1611);
#1613 = EDGE_CURVE('',#1606,#1612,#1610,.T.);
#1614 = ORIENTED_EDGE('',*,*,#1613,.T.);
#1615 = VECTOR('',#361,1.);
#1616 = LINE('',#1611,#1615);
#1617 = CARTESIAN_POINT('',(0.325,-7.62,8.057));
#1618 = VERTEX_POINT('',#1617);
#1619 = EDGE_CURVE('',#1612,#1618,#1616,.T.);
#1620 = ORIENTED_EDGE('',*,*,#1619,.T.);
#1621 = VECTOR('',#368,1.);
#1622 = LINE('',#1575,#1621);
#1623 = EDGE_CURVE('',#1582,#1618,#1622,.T.);
#1624 = ORIENTED_EDGE('',*,*,#1623,.F.);
#1625 = EDGE_LOOP('',(#1584,#1590,#1596,#1602,#1608,#1614,#1620,#1624));
#1626 = FACE_OUTER_BOUND('',#1625,.T.);
#1627 = ADVANCED_FACE('',(#1626),#1577,.T.);
#1628 = CARTESIAN_POINT('',(0.325,-7.62,10.157));
#1629 = AXIS2_PLACEMENT_3D('',#1628,#16,#51);
#1630 = PLANE('',#1629);
#1631 = VECTOR('',#361,1.);
#1632 = CARTESIAN_POINT('',(0.229809704,-7.390190296,10.157));
#1633 = LINE('',#1632,#1631);
#1634 = VERTEX_POINT('',#1632);
#1635 = VERTEX_POINT('',#1628);
#1636 = EDGE_CURVE('',#1634,#1635,#1633,.T.);
#1637 = ORIENTED_EDGE('',*,*,#1636,.F.);
#1638 = VECTOR('',#354,1.);
#1639 = CARTESIAN_POINT('',(0.,-7.295,10.157));
#1640 = LINE('',#1639,#1638);
#1641 = VERTEX_POINT('',#1639);
#1642 = EDGE_CURVE('',#1641,#1634,#1640,.T.);
#1643 = ORIENTED_EDGE('',*,*,#1642,.F.);
#1644 = VECTOR('',#346,1.);
#1645 = CARTESIAN_POINT('',(-0.229809704,-7.390190296,10.157));
#1646 = LINE('',#1645,#1644);
#1647 = VERTEX_POINT('',#1645);
#1648 = EDGE_CURVE('',#1647,#1641,#1646,.T.);
#1649 = ORIENTED_EDGE('',*,*,#1648,.F.);
#1650 = VECTOR('',#368,1.);
#1651 = CARTESIAN_POINT('',(-0.325,-7.62,10.157));
#1652 = LINE('',#1651,#1650);
#1653 = VERTEX_POINT('',#1651);
#1654 = EDGE_CURVE('',#1653,#1647,#1652,.T.);
#1655 = ORIENTED_EDGE('',*,*,#1654,.F.);
#1656 = VECTOR('',#361,1.);
#1657 = LINE('',#1651,#1656);
#1658 = CARTESIAN_POINT('',(-0.229809704,-7.849809704,10.157));
#1659 = VERTEX_POINT('',#1658);
#1660 = EDGE_CURVE('',#1653,#1659,#1657,.T.);
#1661 = ORIENTED_EDGE('',*,*,#1660,.T.);
#1662 = VECTOR('',#354,1.);
#1663 = LINE('',#1658,#1662);
#1664 = CARTESIAN_POINT('',(0.,-7.945,10.157));
#1665 = VERTEX_POINT('',#1664);
#1666 = EDGE_CURVE('',#1659,#1665,#1663,.T.);
#1667 = ORIENTED_EDGE('',*,*,#1666,.T.);
#1668 = VECTOR('',#346,1.);
#1669 = LINE('',#1664,#1668);
#1670 = CARTESIAN_POINT('',(0.229809704,-7.849809704,10.157));
#1671 = VERTEX_POINT('',#1670);
#1672 = EDGE_CURVE('',#1665,#1671,#1669,.T.);
#1673 = ORIENTED_EDGE('',*,*,#1672,.T.);
#1674 = VECTOR('',#368,1.);
#1675 = LINE('',#1670,#1674);
#1676 = EDGE_CURVE('',#1671,#1635,#1675,.T.);
#1677 = ORIENTED_EDGE('',*,*,#1676,.T.);
#1678 = EDGE_LOOP('',(#1637,#1643,#1649,#1655,#1661,#1667,#1673,#1677));
#1679 = FACE_OUTER_BOUND('',#1678,.T.);
#1680 = ADVANCED_FACE('',(#1679),#1630,.T.);
#1681 = AXIS2_PLACEMENT_3D('',#1617,#346,#20);
#1682 = PLANE('',#1681);
#1683 = ORIENTED_EDGE('',*,*,#1619,.F.);
#1684 = VECTOR('',#16,1.);
#1685 = LINE('',#1611,#1684);
#1686 = EDGE_CURVE('',#1612,#1634,#1685,.T.);
#1687 = ORIENTED_EDGE('',*,*,#1686,.T.);
#1688 = ORIENTED_EDGE('',*,*,#1636,.T.);
#1689 = VECTOR('',#16,1.);
#1690 = LINE('',#1617,#1689);
#1691 = EDGE_CURVE('',#1618,#1635,#1690,.T.);
#1692 = ORIENTED_EDGE('',*,*,#1691,.F.);
#1693 = EDGE_LOOP('',(#1683,#1687,#1688,#1692));
#1694 = FACE_OUTER_BOUND('',#1693,.T.);
#1695 = ADVANCED_FACE('',(#1694),#1682,.T.);
#1696 = AXIS2_PLACEMENT_3D('',#1611,#368,#16);
#1697 = PLANE('',#1696);
#1698 = ORIENTED_EDGE('',*,*,#1613,.F.);
#1699 = VECTOR('',#16,1.);
#1700 = LINE('',#1605,#1699);
#1701 = EDGE_CURVE('',#1606,#1641,#1700,.T.);
#1702 = ORIENTED_EDGE('',*,*,#1701,.T.);
#1703 = ORIENTED_EDGE('',*,*,#1642,.T.);
#1704 = ORIENTED_EDGE('',*,*,#1686,.F.);
#1705 = EDGE_LOOP('',(#1698,#1702,#1703,#1704));
#1706 = FACE_OUTER_BOUND('',#1705,.T.);
#1707 = ADVANCED_FACE('',(#1706),#1697,.T.);
#1708 = AXIS2_PLACEMENT_3D('',#1605,#480,#16);
#1709 = PLANE('',#1708);
#1710 = ORIENTED_EDGE('',*,*,#1607,.F.);
#1711 = VECTOR('',#16,1.);
#1712 = LINE('',#1599,#1711);
#1713 = EDGE_CURVE('',#1600,#1647,#1712,.T.);
#1714 = ORIENTED_EDGE('',*,*,#1713,.T.);
#1715 = ORIENTED_EDGE('',*,*,#1648,.T.);
#1716 = ORIENTED_EDGE('',*,*,#1701,.F.);
#1717 = EDGE_LOOP('',(#1710,#1714,#1715,#1716));
#1718 = FACE_OUTER_BOUND('',#1717,.T.);
#1719 = ADVANCED_FACE('',(#1718),#1709,.T.);
#1720 = AXIS2_PLACEMENT_3D('',#1599,#493,#16);
#1721 = PLANE('',#1720);
#1722 = ORIENTED_EDGE('',*,*,#1601,.F.);
#1723 = VECTOR('',#16,1.);
#1724 = LINE('',#1592,#1723);
#1725 = EDGE_CURVE('',#1594,#1653,#1724,.T.);
#1726 = ORIENTED_EDGE('',*,*,#1725,.T.);
#1727 = ORIENTED_EDGE('',*,*,#1654,.T.);
#1728 = ORIENTED_EDGE('',*,*,#1713,.F.);
#1729 = EDGE_LOOP('',(#1722,#1726,#1727,#1728));
#1730 = FACE_OUTER_BOUND('',#1729,.T.);
#1731 = ADVANCED_FACE('',(#1730),#1721,.T.);
#1732 = AXIS2_PLACEMENT_3D('',#1592,#506,#16);
#1733 = PLANE('',#1732);
#1734 = ORIENTED_EDGE('',*,*,#1595,.T.);
#1735 = VECTOR('',#16,1.);
#1736 = LINE('',#1586,#1735);
#1737 = EDGE_CURVE('',#1588,#1659,#1736,.T.);
#1738 = ORIENTED_EDGE('',*,*,#1737,.T.);
#1739 = ORIENTED_EDGE('',*,*,#1660,.F.);
#1740 = ORIENTED_EDGE('',*,*,#1725,.F.);
#1741 = EDGE_LOOP('',(#1734,#1738,#1739,#1740));
#1742 = FACE_OUTER_BOUND('',#1741,.T.);
#1743 = ADVANCED_FACE('',(#1742),#1733,.T.);
#1744 = AXIS2_PLACEMENT_3D('',#1586,#519,#20);
#1745 = PLANE('',#1744);
#1746 = ORIENTED_EDGE('',*,*,#1589,.T.);
#1747 = VECTOR('',#16,1.);
#1748 = LINE('',#1579,#1747);
#1749 = EDGE_CURVE('',#1581,#1665,#1748,.T.);
#1750 = ORIENTED_EDGE('',*,*,#1749,.T.);
#1751 = ORIENTED_EDGE('',*,*,#1666,.F.);
#1752 = ORIENTED_EDGE('',*,*,#1737,.F.);
#1753 = EDGE_LOOP('',(#1746,#1750,#1751,#1752));
#1754 = FACE_OUTER_BOUND('',#1753,.T.);
#1755 = ADVANCED_FACE('',(#1754),#1745,.T.);
#1756 = AXIS2_PLACEMENT_3D('',#1579,#361,#20);
#1757 = PLANE('',#1756);
#1758 = ORIENTED_EDGE('',*,*,#1583,.T.);
#1759 = VECTOR('',#16,1.);
#1760 = LINE('',#1575,#1759);
#1761 = EDGE_CURVE('',#1582,#1671,#1760,.T.);
#1762 = ORIENTED_EDGE('',*,*,#1761,.T.);
#1763 = ORIENTED_EDGE('',*,*,#1672,.F.);
#1764 = ORIENTED_EDGE('',*,*,#1749,.F.);
#1765 = EDGE_LOOP('',(#1758,#1762,#1763,#1764));
#1766 = FACE_OUTER_BOUND('',#1765,.T.);
#1767 = ADVANCED_FACE('',(#1766),#1757,.T.);
#1768 = AXIS2_PLACEMENT_3D('',#1575,#354,#20);
#1769 = PLANE('',#1768);
#1770 = ORIENTED_EDGE('',*,*,#1623,.T.);
#1771 = ORIENTED_EDGE('',*,*,#1691,.T.);
#1772 = ORIENTED_EDGE('',*,*,#1676,.F.);
#1773 = ORIENTED_EDGE('',*,*,#1761,.F.);
#1774 = EDGE_LOOP('',(#1770,#1771,#1772,#1773));
#1775 = FACE_OUTER_BOUND('',#1774,.T.);
#1776 = ADVANCED_FACE('',(#1775),#1769,.T.);
#1777 = CLOSED_SHELL('',(#1627,#1680,#1695,#1707,#1719,#1731,#1743,#1755,#1767,#1776));
#1778 = MANIFOLD_SOLID_BREP('lead',#1777);
#1779 = CARTESIAN_POINT('',(0.166170094,-10.326170094,0.007));
#1780 = AXIS2_PLACEMENT_3D('',#1779,#20,#21);
#1781 = PLANE('',#1780);
#1782 = VECTOR('',#134,1.);
#1783 = CARTESIAN_POINT('',(0.,-10.395,0.007));
#1784 = LINE('',#1783,#1782);
#1785 = VERTEX_POINT('',#1783);
#1786 = VERTEX_POINT('',#1779);
#1787 = EDGE_CURVE('',#1785,#1786,#1784,.T.);
#1788 = ORIENTED_EDGE('',*,*,#1787,.F.);
#1789 = VECTOR('',#142,1.);
#1790 = CARTESIAN_POINT('',(-0.166170094,-10.326170094,0.007));
#1791 = LINE('',#1790,#1789);
#1792 = VERTEX_POINT('',#1790);
#1793 = EDGE_CURVE('',#1792,#1785,#1791,.T.);
#1794 = ORIENTED_EDGE('',*,*,#1793,.F.);
#1795 = VECTOR('',#149,1.);
#1796 = CARTESIAN_POINT('',(-0.235,-10.16,0.007));
#1797 = LINE('',#1796,#1795);
#1798 = VERTEX_POINT('',#1796);
#1799 = EDGE_CURVE('',#1798,#1792,#1797,.T.);
#1800 = ORIENTED_EDGE('',*,*,#1799,.F.);
#1801 = VECTOR('',#156,1.);
#1802 = LINE('',#1796,#1801);
#1803 = CARTESIAN_POINT('',(-0.166170094,-9.993829906,0.007));
#1804 = VERTEX_POINT('',#1803);
#1805 = EDGE_CURVE('',#1798,#1804,#1802,.T.);
#1806 = ORIENTED_EDGE('',*,*,#1805,.T.);
#1807 = VECTOR('',#134,1.);
#1808 = LINE('',#1803,#1807);
#1809 = CARTESIAN_POINT('',(0.,-9.925,0.007));
#1810 = VERTEX_POINT('',#1809);
#1811 = EDGE_CURVE('',#1804,#1810,#1808,.T.);
#1812 = ORIENTED_EDGE('',*,*,#1811,.T.);
#1813 = VECTOR('',#142,1.);
#1814 = LINE('',#1809,#1813);
#1815 = CARTESIAN_POINT('',(0.166170094,-9.993829906,0.007));
#1816 = VERTEX_POINT('',#1815);
#1817 = EDGE_CURVE('',#1810,#1816,#1814,.T.);
#1818 = ORIENTED_EDGE('',*,*,#1817,.T.);
#1819 = VECTOR('',#149,1.);
#1820 = LINE('',#1815,#1819);
#1821 = CARTESIAN_POINT('',(0.235,-10.16,0.007));
#1822 = VERTEX_POINT('',#1821);
#1823 = EDGE_CURVE('',#1816,#1822,#1820,.T.);
#1824 = ORIENTED_EDGE('',*,*,#1823,.T.);
#1825 = VECTOR('',#156,1.);
#1826 = LINE('',#1779,#1825);
#1827 = EDGE_CURVE('',#1786,#1822,#1826,.T.);
#1828 = ORIENTED_EDGE('',*,*,#1827,.F.);
#1829 = EDGE_LOOP('',(#1788,#1794,#1800,#1806,#1812,#1818,#1824,#1828));
#1830 = FACE_OUTER_BOUND('',#1829,.T.);
#1831 = ADVANCED_FACE('',(#1830),#1781,.T.);
#1832 = CARTESIAN_POINT('',(0.235,-10.16,4.007));
#1833 = AXIS2_PLACEMENT_3D('',#1832,#16,#51);
#1834 = PLANE('',#1833);
#1835 = VECTOR('',#149,1.);
#1836 = CARTESIAN_POINT('',(0.166170094,-9.993829906,4.007));
#1837 = LINE('',#1836,#1835);
#1838 = VERTEX_POINT('',#1836);
#1839 = VERTEX_POINT('',#1832);
#1840 = EDGE_CURVE('',#1838,#1839,#1837,.T.);
#1841 = ORIENTED_EDGE('',*,*,#1840,.F.);
#1842 = VECTOR('',#142,1.);
#1843 = CARTESIAN_POINT('',(0.,-9.925,4.007));
#1844 = LINE('',#1843,#1842);
#1845 = VERTEX_POINT('',#1843);
#1846 = EDGE_CURVE('',#1845,#1838,#1844,.T.);
#1847 = ORIENTED_EDGE('',*,*,#1846,.F.);
#1848 = VECTOR('',#134,1.);
#1849 = CARTESIAN_POINT('',(-0.166170094,-9.993829906,4.007));
#1850 = LINE('',#1849,#1848);
#1851 = VERTEX_POINT('',#1849);
#1852 = EDGE_CURVE('',#1851,#1845,#1850,.T.);
#1853 = ORIENTED_EDGE('',*,*,#1852,.F.);
#1854 = VECTOR('',#156,1.);
#1855 = CARTESIAN_POINT('',(-0.235,-10.16,4.007));
#1856 = LINE('',#1855,#1854);
#1857 = VERTEX_POINT('',#1855);
#1858 = EDGE_CURVE('',#1857,#1851,#1856,.T.);
#1859 = ORIENTED_EDGE('',*,*,#1858,.F.);
#1860 = VECTOR('',#149,1.);
#1861 = LINE('',#1855,#1860);
#1862 = CARTESIAN_POINT('',(-0.166170094,-10.326170094,4.007));
#1863 = VERTEX_POINT('',#1862);
#1864 = EDGE_CURVE('',#1857,#1863,#1861,.T.);
#1865 = ORIENTED_EDGE('',*,*,#1864,.T.);
#1866 = VECTOR('',#142,1.);
#1867 = LINE('',#1862,#1866);
#1868 = CARTESIAN_POINT('',(0.,-10.395,4.007));
#1869 = VERTEX_POINT('',#1868);
#1870 = EDGE_CURVE('',#1863,#1869,#1867,.T.);
#1871 = ORIENTED_EDGE('',*,*,#1870,.T.);
#1872 = VECTOR('',#134,1.);
#1873 = LINE('',#1868,#1872);
#1874 = CARTESIAN_POINT('',(0.166170094,-10.326170094,4.007));
#1875 = VERTEX_POINT('',#1874);
#1876 = EDGE_CURVE('',#1869,#1875,#1873,.T.);
#1877 = ORIENTED_EDGE('',*,*,#1876,.T.);
#1878 = VECTOR('',#156,1.);
#1879 = LINE('',#1874,#1878);
#1880 = EDGE_CURVE('',#1875,#1839,#1879,.T.);
#1881 = ORIENTED_EDGE('',*,*,#1880,.T.);
#1882 = EDGE_LOOP('',(#1841,#1847,#1853,#1859,#1865,#1871,#1877,#1881));
#1883 = FACE_OUTER_BOUND('',#1882,.T.);
#1884 = ADVANCED_FACE('',(#1883),#1834,.T.);
#1885 = AXIS2_PLACEMENT_3D('',#1821,#134,#20);
#1886 = PLANE('',#1885);
#1887 = ORIENTED_EDGE('',*,*,#1823,.F.);
#1888 = VECTOR('',#16,1.);
#1889 = LINE('',#1815,#1888);
#1890 = EDGE_CURVE('',#1816,#1838,#1889,.T.);
#1891 = ORIENTED_EDGE('',*,*,#1890,.T.);
#1892 = ORIENTED_EDGE('',*,*,#1840,.T.);
#1893 = VECTOR('',#16,1.);
#1894 = LINE('',#1821,#1893);
#1895 = EDGE_CURVE('',#1822,#1839,#1894,.T.);
#1896 = ORIENTED_EDGE('',*,*,#1895,.F.);
#1897 = EDGE_LOOP('',(#1887,#1891,#1892,#1896));
#1898 = FACE_OUTER_BOUND('',#1897,.T.);
#1899 = ADVANCED_FACE('',(#1898),#1886,.T.);
#1900 = AXIS2_PLACEMENT_3D('',#1815,#156,#16);
#1901 = PLANE('',#1900);
#1902 = ORIENTED_EDGE('',*,*,#1817,.F.);
#1903 = VECTOR('',#16,1.);
#1904 = LINE('',#1809,#1903);
#1905 = EDGE_CURVE('',#1810,#1845,#1904,.T.);
#1906 = ORIENTED_EDGE('',*,*,#1905,.T.);
#1907 = ORIENTED_EDGE('',*,*,#1846,.T.);
#1908 = ORIENTED_EDGE('',*,*,#1890,.F.);
#1909 = EDGE_LOOP('',(#1902,#1906,#1907,#1908));
#1910 = FACE_OUTER_BOUND('',#1909,.T.);
#1911 = ADVANCED_FACE('',(#1910),#1901,.T.);
#1912 = AXIS2_PLACEMENT_3D('',#1809,#268,#16);
#1913 = PLANE('',#1912);
#1914 = ORIENTED_EDGE('',*,*,#1811,.F.);
#1915 = VECTOR('',#16,1.);
#1916 = LINE('',#1803,#1915);
#1917 = EDGE_CURVE('',#1804,#1851,#1916,.T.);
#1918 = ORIENTED_EDGE('',*,*,#1917,.T.);
#1919 = ORIENTED_EDGE('',*,*,#1852,.T.);
#1920 = ORIENTED_EDGE('',*,*,#1905,.F.);
#1921 = EDGE_LOOP('',(#1914,#1918,#1919,#1920));
#1922 = FACE_OUTER_BOUND('',#1921,.T.);
#1923 = ADVANCED_FACE('',(#1922),#1913,.T.);
#1924 = AXIS2_PLACEMENT_3D('',#1803,#281,#16);
#1925 = PLANE('',#1924);
#1926 = ORIENTED_EDGE('',*,*,#1805,.F.);
#1927 = VECTOR('',#16,1.);
#1928 = LINE('',#1796,#1927);
#1929 = EDGE_CURVE('',#1798,#1857,#1928,.T.);
#1930 = ORIENTED_EDGE('',*,*,#1929,.T.);
#1931 = ORIENTED_EDGE('',*,*,#1858,.T.);
#1932 = ORIENTED_EDGE('',*,*,#1917,.F.);
#1933 = EDGE_LOOP('',(#1926,#1930,#1931,#1932));
#1934 = FACE_OUTER_BOUND('',#1933,.T.);
#1935 = ADVANCED_FACE('',(#1934),#1925,.T.);
#1936 = AXIS2_PLACEMENT_3D('',#1796,#294,#16);
#1937 = PLANE('',#1936);
#1938 = ORIENTED_EDGE('',*,*,#1799,.T.);
#1939 = VECTOR('',#16,1.);
#1940 = LINE('',#1790,#1939);
#1941 = EDGE_CURVE('',#1792,#1863,#1940,.T.);
#1942 = ORIENTED_EDGE('',*,*,#1941,.T.);
#1943 = ORIENTED_EDGE('',*,*,#1864,.F.);
#1944 = ORIENTED_EDGE('',*,*,#1929,.F.);
#1945 = EDGE_LOOP('',(#1938,#1942,#1943,#1944));
#1946 = FACE_OUTER_BOUND('',#1945,.T.);
#1947 = ADVANCED_FACE('',(#1946),#1937,.T.);
#1948 = AXIS2_PLACEMENT_3D('',#1790,#307,#20);
#1949 = PLANE('',#1948);
#1950 = ORIENTED_EDGE('',*,*,#1793,.T.);
#1951 = VECTOR('',#16,1.);
#1952 = LINE('',#1783,#1951);
#1953 = EDGE_CURVE('',#1785,#1869,#1952,.T.);
#1954 = ORIENTED_EDGE('',*,*,#1953,.T.);
#1955 = ORIENTED_EDGE('',*,*,#1870,.F.);
#1956 = ORIENTED_EDGE('',*,*,#1941,.F.);
#1957 = EDGE_LOOP('',(#1950,#1954,#1955,#1956));
#1958 = FACE_OUTER_BOUND('',#1957,.T.);
#1959 = ADVANCED_FACE('',(#1958),#1949,.T.);
#1960 = AXIS2_PLACEMENT_3D('',#1783,#149,#20);
#1961 = PLANE('',#1960);
#1962 = ORIENTED_EDGE('',*,*,#1787,.T.);
#1963 = VECTOR('',#16,1.);
#1964 = LINE('',#1779,#1963);
#1965 = EDGE_CURVE('',#1786,#1875,#1964,.T.);
#1966 = ORIENTED_EDGE('',*,*,#1965,.T.);
#1967 = ORIENTED_EDGE('',*,*,#1876,.F.);
#1968 = ORIENTED_EDGE('',*,*,#1953,.F.);
#1969 = EDGE_LOOP('',(#1962,#1966,#1967,#1968));
#1970 = FACE_OUTER_BOUND('',#1969,.T.);
#1971 = ADVANCED_FACE('',(#1970),#1961,.T.);
#1972 = AXIS2_PLACEMENT_3D('',#1779,#142,#20);
#1973 = PLANE('',#1972);
#1974 = ORIENTED_EDGE('',*,*,#1827,.T.);
#1975 = ORIENTED_EDGE('',*,*,#1895,.T.);
#1976 = ORIENTED_EDGE('',*,*,#1880,.F.);
#1977 = ORIENTED_EDGE('',*,*,#1965,.F.);
#1978 = EDGE_LOOP('',(#1974,#1975,#1976,#1977));
#1979 = FACE_OUTER_BOUND('',#1978,.T.);
#1980 = ADVANCED_FACE('',(#1979),#1973,.T.);
#1981 = CLOSED_SHELL('',(#1831,#1884,#1899,#1911,#1923,#1935,#1947,#1959,#1971,#1980));
#1982 = MANIFOLD_SOLID_BREP('contact',#1981);
#1983 = CARTESIAN_POINT('',(0.229809704,-10.389809704,8.057));
#1984 = AXIS2_PLACEMENT_3D('',#1983,#20,#21);
#1985 = PLANE('',#1984);
#1986 = VECTOR('',#346,1.);
#1987 = CARTESIAN_POINT('',(0.,-10.485,8.057));
#1988 = LINE('',#1987,#1986);
#1989 = VERTEX_POINT('',#1987);
#1990 = VERTEX_POINT('',#1983);
#1991 = EDGE_CURVE('',#1989,#1990,#1988,.T.);
#1992 = ORIENTED_EDGE('',*,*,#1991,.F.);
#1993 = VECTOR('',#354,1.);
#1994 = CARTESIAN_POINT('',(-0.229809704,-10.389809704,8.057));
#1995 = LINE('',#1994,#1993);
#1996 = VERTEX_POINT('',#1994);
#1997 = EDGE_CURVE('',#1996,#1989,#1995,.T.);
#1998 = ORIENTED_EDGE('',*,*,#1997,.F.);
#1999 = VECTOR('',#361,1.);
#2000 = CARTESIAN_POINT('',(-0.325,-10.16,8.057));
#2001 = LINE('',#2000,#1999);
#2002 = VERTEX_POINT('',#2000);
#2003 = EDGE_CURVE('',#2002,#1996,#2001,.T.);
#2004 = ORIENTED_EDGE('',*,*,#2003,.F.);
#2005 = VECTOR('',#368,1.);
#2006 = LINE('',#2000,#2005);
#2007 = CARTESIAN_POINT('',(-0.229809704,-9.930190296,8.057));
#2008 = VERTEX_POINT('',#2007);
#2009 = EDGE_CURVE('',#2002,#2008,#2006,.T.);
#2010 = ORIENTED_EDGE('',*,*,#2009,.T.);
#2011 = VECTOR('',#346,1.);
#2012 = LINE('',#2007,#2011);
#2013 = CARTESIAN_POINT('',(0.,-9.835,8.057));
#2014 = VERTEX_POINT('',#2013);
#2015 = EDGE_CURVE('',#2008,#2014,#2012,.T.);
#2016 = ORIENTED_EDGE('',*,*,#2015,.T.);
#2017 = VECTOR('',#354,1.);
#2018 = LINE('',#2013,#2017);
#2019 = CARTESIAN_POINT('',(0.229809704,-9.930190296,8.057));
#2020 = VERTEX_POINT('',#2019);
#2021 = EDGE_CURVE('',#2014,#2020,#2018,.T.);
#2022 = ORIENTED_EDGE('',*,*,#2021,.T.);
#2023 = VECTOR('',#361,1.);
#2024 = LINE('',#2019,#2023);
#2025 = CARTESIAN_POINT('',(0.325,-10.16,8.057));
#2026 = VERTEX_POINT('',#2025);
#2027 = EDGE_CURVE('',#2020,#2026,#2024,.T.);
#2028 = ORIENTED_EDGE('',*,*,#2027,.T.);
#2029 = VECTOR('',#368,1.);
#2030 = LINE('',#1983,#2029);
#2031 = EDGE_CURVE('',#1990,#2026,#2030,.T.);
#2032 = ORIENTED_EDGE('',*,*,#2031,.F.);
#2033 = EDGE_LOOP('',(#1992,#1998,#2004,#2010,#2016,#2022,#2028,#2032));
#2034 = FACE_OUTER_BOUND('',#2033,.T.);
#2035 = ADVANCED_FACE('',(#2034),#1985,.T.);
#2036 = CARTESIAN_POINT('',(0.325,-10.16,10.157));
#2037 = AXIS2_PLACEMENT_3D('',#2036,#16,#51);
#2038 = PLANE('',#2037);
#2039 = VECTOR('',#361,1.);
#2040 = CARTESIAN_POINT('',(0.229809704,-9.930190296,10.157));
#2041 = LINE('',#2040,#2039);
#2042 = VERTEX_POINT('',#2040);
#2043 = VERTEX_POINT('',#2036);
#2044 = EDGE_CURVE('',#2042,#2043,#2041,.T.);
#2045 = ORIENTED_EDGE('',*,*,#2044,.F.);
#2046 = VECTOR('',#354,1.);
#2047 = CARTESIAN_POINT('',(0.,-9.835,10.157));
#2048 = LINE('',#2047,#2046);
#2049 = VERTEX_POINT('',#2047);
#2050 = EDGE_CURVE('',#2049,#2042,#2048,.T.);
#2051 = ORIENTED_EDGE('',*,*,#2050,.F.);
#2052 = VECTOR('',#346,1.);
#2053 = CARTESIAN_POINT('',(-0.229809704,-9.930190296,10.157));
#2054 = LINE('',#2053,#2052);
#2055 = VERTEX_POINT('',#2053);
#2056 = EDGE_CURVE('',#2055,#2049,#2054,.T.);
#2057 = ORIENTED_EDGE('',*,*,#2056,.F.);
#2058 = VECTOR('',#368,1.);
#2059 = CARTESIAN_POINT('',(-0.325,-10.16,10.157));
#2060 = LINE('',#2059,#2058);
#2061 = VERTEX_POINT('',#2059);
#2062 = EDGE_CURVE('',#2061,#2055,#2060,.T.);
#2063 = ORIENTED_EDGE('',*,*,#2062,.F.);
#2064 = VECTOR('',#361,1.);
#2065 = LINE('',#2059,#2064);
#2066 = CARTESIAN_POINT('',(-0.229809704,-10.389809704,10.157));
#2067 = VERTEX_POINT('',#2066);
#2068 = EDGE_CURVE('',#2061,#2067,#2065,.T.);
#2069 = ORIENTED_EDGE('',*,*,#2068,.T.);
#2070 = VECTOR('',#354,1.);
#2071 = LINE('',#2066,#2070);
#2072 = CARTESIAN_POINT('',(0.,-10.485,10.157));
#2073 = VERTEX_POINT('',#2072);
#2074 = EDGE_CURVE('',#2067,#2073,#2071,.T.);
#2075 = ORIENTED_EDGE('',*,*,#2074,.T.);
#2076 = VECTOR('',#346,1.);
#2077 = LINE('',#2072,#2076);
#2078 = CARTESIAN_POINT('',(0.229809704,-10.389809704,10.157));
#2079 = VERTEX_POINT('',#2078);
#2080 = EDGE_CURVE('',#2073,#2079,#2077,.T.);
#2081 = ORIENTED_EDGE('',*,*,#2080,.T.);
#2082 = VECTOR('',#368,1.);
#2083 = LINE('',#2078,#2082);
#2084 = EDGE_CURVE('',#2079,#2043,#2083,.T.);
#2085 = ORIENTED_EDGE('',*,*,#2084,.T.);
#2086 = EDGE_LOOP('',(#2045,#2051,#2057,#2063,#2069,#2075,#2081,#2085));
#2087 = FACE_OUTER_BOUND('',#2086,.T.);
#2088 = ADVANCED_FACE('',(#2087),#2038,.T.);
#2089 = AXIS2_PLACEMENT_3D('',#2025,#346,#20);
#2090 = PLANE('',#2089);
#2091 = ORIENTED_EDGE('',*,*,#2027,.F.);
#2092 = VECTOR('',#16,1.);
#2093 = LINE('',#2019,#2092);
#2094 = EDGE_CURVE('',#2020,#2042,#2093,.T.);
#2095 = ORIENTED_EDGE('',*,*,#2094,.T.);
#2096 = ORIENTED_EDGE('',*,*,#2044,.T.);
#2097 = VECTOR('',#16,1.);
#2098 = LINE('',#2025,#2097);
#2099 = EDGE_CURVE('',#2026,#2043,#2098,.T.);
#2100 = ORIENTED_EDGE('',*,*,#2099,.F.);
#2101 = EDGE_LOOP('',(#2091,#2095,#2096,#2100));
#2102 = FACE_OUTER_BOUND('',#2101,.T.);
#2103 = ADVANCED_FACE('',(#2102),#2090,.T.);
#2104 = AXIS2_PLACEMENT_3D('',#2019,#368,#16);
#2105 = PLANE('',#2104);
#2106 = ORIENTED_EDGE('',*,*,#2021,.F.);
#2107 = VECTOR('',#16,1.);
#2108 = LINE('',#2013,#2107);
#2109 = EDGE_CURVE('',#2014,#2049,#2108,.T.);
#2110 = ORIENTED_EDGE('',*,*,#2109,.T.);
#2111 = ORIENTED_EDGE('',*,*,#2050,.T.);
#2112 = ORIENTED_EDGE('',*,*,#2094,.F.);
#2113 = EDGE_LOOP('',(#2106,#2110,#2111,#2112));
#2114 = FACE_OUTER_BOUND('',#2113,.T.);
#2115 = ADVANCED_FACE('',(#2114),#2105,.T.);
#2116 = AXIS2_PLACEMENT_3D('',#2013,#480,#16);
#2117 = PLANE('',#2116);
#2118 = ORIENTED_EDGE('',*,*,#2015,.F.);
#2119 = VECTOR('',#16,1.);
#2120 = LINE('',#2007,#2119);
#2121 = EDGE_CURVE('',#2008,#2055,#2120,.T.);
#2122 = ORIENTED_EDGE('',*,*,#2121,.T.);
#2123 = ORIENTED_EDGE('',*,*,#2056,.T.);
#2124 = ORIENTED_EDGE('',*,*,#2109,.F.);
#2125 = EDGE_LOOP('',(#2118,#2122,#2123,#2124));
#2126 = FACE_OUTER_BOUND('',#2125,.T.);
#2127 = ADVANCED_FACE('',(#2126),#2117,.T.);
#2128 = AXIS2_PLACEMENT_3D('',#2007,#493,#16);
#2129 = PLANE('',#2128);
#2130 = ORIENTED_EDGE('',*,*,#2009,.F.);
#2131 = VECTOR('',#16,1.);
#2132 = LINE('',#2000,#2131);
#2133 = EDGE_CURVE('',#2002,#2061,#2132,.T.);
#2134 = ORIENTED_EDGE('',*,*,#2133,.T.);
#2135 = ORIENTED_EDGE('',*,*,#2062,.T.);
#2136 = ORIENTED_EDGE('',*,*,#2121,.F.);
#2137 = EDGE_LOOP('',(#2130,#2134,#2135,#2136));
#2138 = FACE_OUTER_BOUND('',#2137,.T.);
#2139 = ADVANCED_FACE('',(#2138),#2129,.T.);
#2140 = AXIS2_PLACEMENT_3D('',#2000,#506,#16);
#2141 = PLANE('',#2140);
#2142 = ORIENTED_EDGE('',*,*,#2003,.T.);
#2143 = VECTOR('',#16,1.);
#2144 = LINE('',#1994,#2143);
#2145 = EDGE_CURVE('',#1996,#2067,#2144,.T.);
#2146 = ORIENTED_EDGE('',*,*,#2145,.T.);
#2147 = ORIENTED_EDGE('',*,*,#2068,.F.);
#2148 = ORIENTED_EDGE('',*,*,#2133,.F.);
#2149 = EDGE_LOOP('',(#2142,#2146,#2147,#2148));
#2150 = FACE_OUTER_BOUND('',#2149,.T.);
#2151 = ADVANCED_FACE('',(#2150),#2141,.T.);
#2152 = AXIS2_PLACEMENT_3D('',#1994,#519,#20);
#2153 = PLANE('',#2152);
#2154 = ORIENTED_EDGE('',*,*,#1997,.T.);
#2155 = VECTOR('',#16,1.);
#2156 = LINE('',#1987,#2155);
#2157 = EDGE_CURVE('',#1989,#2073,#2156,.T.);
#2158 = ORIENTED_EDGE('',*,*,#2157,.T.);
#2159 = ORIENTED_EDGE('',*,*,#2074,.F.);
#2160 = ORIENTED_EDGE('',*,*,#2145,.F.);
#2161 = EDGE_LOOP('',(#2154,#2158,#2159,#2160));
#2162 = FACE_OUTER_BOUND('',#2161,.T.);
#2163 = ADVANCED_FACE('',(#2162),#2153,.T.);
#2164 = AXIS2_PLACEMENT_3D('',#1987,#361,#20);
#2165 = PLANE('',#2164);
#2166 = ORIENTED_EDGE('',*,*,#1991,.T.);
#2167 = VECTOR('',#16,1.);
#2168 = LINE('',#1983,#2167);
#2169 = EDGE_CURVE('',#1990,#2079,#2168,.T.);
#2170 = ORIENTED_EDGE('',*,*,#2169,.T.);
#2171 = ORIENTED_EDGE('',*,*,#2080,.F.);
#2172 = ORIENTED_EDGE('',*,*,#2157,.F.);
#2173 = EDGE_LOOP('',(#2166,#2170,#2171,#2172));
#2174 = FACE_OUTER_BOUND('',#2173,.T.);
#2175 = ADVANCED_FACE('',(#2174),#2165,.T.);
#2176 = AXIS2_PLACEMENT_3D('',#1983,#354,#20);
#2177 = PLANE('',#2176);
#2178 = ORIENTED_EDGE('',*,*,#2031,.T.);
#2179 = ORIENTED_EDGE('',*,*,#2099,.T.);
#2180 = ORIENTED_EDGE('',*,*,#2084,.F.);
#2181 = ORIENTED_EDGE('',*,*,#2169,.F.);
#2182 = EDGE_LOOP('',(#2178,#2179,#2180,#2181));
#2183 = FACE_OUTER_BOUND('',#2182,.T.);
#2184 = ADVANCED_FACE('',(#2183),#2177,.T.);
#2185 = CLOSED_SHELL('',(#2035,#2088,#2103,#2115,#2127,#2139,#2151,#2163,#2175,#2184));
#2186 = MANIFOLD_SOLID_BREP('lead',#2185);
#2187 = CARTESIAN_POINT('',(0.166170094,-12.866170094,0.007));
#2188 = AXIS2_PLACEMENT_3D('',#2187,#20,#21);
#2189 = PLANE('',#2188);
#2190 = VECTOR('',#134,1.);
#2191 = CARTESIAN_POINT('',(0.,-12.935,0.007));
#2192 = LINE('',#2191,#2190);
#2193 = VERTEX_POINT('',#2191);
#2194 = VERTEX_POINT('',#2187);
#2195 = EDGE_CURVE('',#2193,#2194,#2192,.T.);
#2196 = ORIENTED_EDGE('',*,*,#2195,.F.);
#2197 = VECTOR('',#142,1.);
#2198 = CARTESIAN_POINT('',(-0.166170094,-12.866170094,0.007));
#2199 = LINE('',#2198,#2197);
#2200 = VERTEX_POINT('',#2198);
#2201 = EDGE_CURVE('',#2200,#2193,#2199,.T.);
#2202 = ORIENTED_EDGE('',*,*,#2201,.F.);
#2203 = VECTOR('',#149,1.);
#2204 = CARTESIAN_POINT('',(-0.235,-12.7,0.007));
#2205 = LINE('',#2204,#2203);
#2206 = VERTEX_POINT('',#2204);
#2207 = EDGE_CURVE('',#2206,#2200,#2205,.T.);
#2208 = ORIENTED_EDGE('',*,*,#2207,.F.);
#2209 = VECTOR('',#156,1.);
#2210 = LINE('',#2204,#2209);
#2211 = CARTESIAN_POINT('',(-0.166170094,-12.533829906,0.007));
#2212 = VERTEX_POINT('',#2211);
#2213 = EDGE_CURVE('',#2206,#2212,#2210,.T.);
#2214 = ORIENTED_EDGE('',*,*,#2213,.T.);
#2215 = VECTOR('',#134,1.);
#2216 = LINE('',#2211,#2215);
#2217 = CARTESIAN_POINT('',(0.,-12.465,0.007));
#2218 = VERTEX_POINT('',#2217);
#2219 = EDGE_CURVE('',#2212,#2218,#2216,.T.);
#2220 = ORIENTED_EDGE('',*,*,#2219,.T.);
#2221 = VECTOR('',#142,1.);
#2222 = LINE('',#2217,#2221);
#2223 = CARTESIAN_POINT('',(0.166170094,-12.533829906,0.007));
#2224 = VERTEX_POINT('',#2223);
#2225 = EDGE_CURVE('',#2218,#2224,#2222,.T.);
#2226 = ORIENTED_EDGE('',*,*,#2225,.T.);
#2227 = VECTOR('',#149,1.);
#2228 = LINE('',#2223,#2227);
#2229 = CARTESIAN_POINT('',(0.235,-12.7,0.007));
#2230 = VERTEX_POINT('',#2229);
#2231 = EDGE_CURVE('',#2224,#2230,#2228,.T.);
#2232 = ORIENTED_EDGE('',*,*,#2231,.T.);
#2233 = VECTOR('',#156,1.);
#2234 = LINE('',#2187,#2233);
#2235 = EDGE_CURVE('',#2194,#2230,#2234,.T.);
#2236 = ORIENTED_EDGE('',*,*,#2235,.F.);
#2237 = EDGE_LOOP('',(#2196,#2202,#2208,#2214,#2220,#2226,#2232,#2236));
#2238 = FACE_OUTER_BOUND('',#2237,.T.);
#2239 = ADVANCED_FACE('',(#2238),#2189,.T.);
#2240 = CARTESIAN_POINT('',(0.235,-12.7,4.007));
#2241 = AXIS2_PLACEMENT_3D('',#2240,#16,#51);
#2242 = PLANE('',#2241);
#2243 = VECTOR('',#149,1.);
#2244 = CARTESIAN_POINT('',(0.166170094,-12.533829906,4.007));
#2245 = LINE('',#2244,#2243);
#2246 = VERTEX_POINT('',#2244);
#2247 = VERTEX_POINT('',#2240);
#2248 = EDGE_CURVE('',#2246,#2247,#2245,.T.);
#2249 = ORIENTED_EDGE('',*,*,#2248,.F.);
#2250 = VECTOR('',#142,1.);
#2251 = CARTESIAN_POINT('',(0.,-12.465,4.007));
#2252 = LINE('',#2251,#2250);
#2253 = VERTEX_POINT('',#2251);
#2254 = EDGE_CURVE('',#2253,#2246,#2252,.T.);
#2255 = ORIENTED_EDGE('',*,*,#2254,.F.);
#2256 = VECTOR('',#134,1.);
#2257 = CARTESIAN_POINT('',(-0.166170094,-12.533829906,4.007));
#2258 = LINE('',#2257,#2256);
#2259 = VERTEX_POINT('',#2257);
#2260 = EDGE_CURVE('',#2259,#2253,#2258,.T.);
#2261 = ORIENTED_EDGE('',*,*,#2260,.F.);
#2262 = VECTOR('',#156,1.);
#2263 = CARTESIAN_POINT('',(-0.235,-12.7,4.007));
#2264 = LINE('',#2263,#2262);
#2265 = VERTEX_POINT('',#2263);
#2266 = EDGE_CURVE('',#2265,#2259,#2264,.T.);
#2267 = ORIENTED_EDGE('',*,*,#2266,.F.);
#2268 = VECTOR('',#149,1.);
#2269 = LINE('',#2263,#2268);
#2270 = CARTESIAN_POINT('',(-0.166170094,-12.866170094,4.007));
#2271 = VERTEX_POINT('',#2270);
#2272 = EDGE_CURVE('',#2265,#2271,#2269,.T.);
#2273 = ORIENTED_EDGE('',*,*,#2272,.T.);
#2274 = VECTOR('',#142,1.);
#2275 = LINE('',#2270,#2274);
#2276 = CARTESIAN_POINT('',(0.,-12.935,4.007));
#2277 = VERTEX_POINT('',#2276);
#2278 = EDGE_CURVE('',#2271,#2277,#2275,.T.);
#2279 = ORIENTED_EDGE('',*,*,#2278,.T.);
#2280 = VECTOR('',#134,1.);
#2281 = LINE('',#2276,#2280);
#2282 = CARTESIAN_POINT('',(0.166170094,-12.866170094,4.007));
#2283 = VERTEX_POINT('',#2282);
#2284 = EDGE_CURVE('',#2277,#2283,#2281,.T.);
#2285 = ORIENTED_EDGE('',*,*,#2284,.T.);
#2286 = VECTOR('',#156,1.);
#2287 = LINE('',#2282,#2286);
#2288 = EDGE_CURVE('',#2283,#2247,#2287,.T.);
#2289 = ORIENTED_EDGE('',*,*,#2288,.T.);
#2290 = EDGE_LOOP('',(#2249,#2255,#2261,#2267,#2273,#2279,#2285,#2289));
#2291 = FACE_OUTER_BOUND('',#2290,.T.);
#2292 = ADVANCED_FACE('',(#2291),#2242,.T.);
#2293 = AXIS2_PLACEMENT_3D('',#2229,#134,#20);
#2294 = PLANE('',#2293);
#2295 = ORIENTED_EDGE('',*,*,#2231,.F.);
#2296 = VECTOR('',#16,1.);
#2297 = LINE('',#2223,#2296);
#2298 = EDGE_CURVE('',#2224,#2246,#2297,.T.);
#2299 = ORIENTED_EDGE('',*,*,#2298,.T.);
#2300 = ORIENTED_EDGE('',*,*,#2248,.T.);
#2301 = VECTOR('',#16,1.);
#2302 = LINE('',#2229,#2301);
#2303 = EDGE_CURVE('',#2230,#2247,#2302,.T.);
#2304 = ORIENTED_EDGE('',*,*,#2303,.F.);
#2305 = EDGE_LOOP('',(#2295,#2299,#2300,#2304));
#2306 = FACE_OUTER_BOUND('',#2305,.T.);
#2307 = ADVANCED_FACE('',(#2306),#2294,.T.);
#2308 = AXIS2_PLACEMENT_3D('',#2223,#156,#16);
#2309 = PLANE('',#2308);
#2310 = ORIENTED_EDGE('',*,*,#2225,.F.);
#2311 = VECTOR('',#16,1.);
#2312 = LINE('',#2217,#2311);
#2313 = EDGE_CURVE('',#2218,#2253,#2312,.T.);
#2314 = ORIENTED_EDGE('',*,*,#2313,.T.);
#2315 = ORIENTED_EDGE('',*,*,#2254,.T.);
#2316 = ORIENTED_EDGE('',*,*,#2298,.F.);
#2317 = EDGE_LOOP('',(#2310,#2314,#2315,#2316));
#2318 = FACE_OUTER_BOUND('',#2317,.T.);
#2319 = ADVANCED_FACE('',(#2318),#2309,.T.);
#2320 = AXIS2_PLACEMENT_3D('',#2217,#268,#16);
#2321 = PLANE('',#2320);
#2322 = ORIENTED_EDGE('',*,*,#2219,.F.);
#2323 = VECTOR('',#16,1.);
#2324 = LINE('',#2211,#2323);
#2325 = EDGE_CURVE('',#2212,#2259,#2324,.T.);
#2326 = ORIENTED_EDGE('',*,*,#2325,.T.);
#2327 = ORIENTED_EDGE('',*,*,#2260,.T.);
#2328 = ORIENTED_EDGE('',*,*,#2313,.F.);
#2329 = EDGE_LOOP('',(#2322,#2326,#2327,#2328));
#2330 = FACE_OUTER_BOUND('',#2329,.T.);
#2331 = ADVANCED_FACE('',(#2330),#2321,.T.);
#2332 = AXIS2_PLACEMENT_3D('',#2211,#281,#16);
#2333 = PLANE('',#2332);
#2334 = ORIENTED_EDGE('',*,*,#2213,.F.);
#2335 = VECTOR('',#16,1.);
#2336 = LINE('',#2204,#2335);
#2337 = EDGE_CURVE('',#2206,#2265,#2336,.T.);
#2338 = ORIENTED_EDGE('',*,*,#2337,.T.);
#2339 = ORIENTED_EDGE('',*,*,#2266,.T.);
#2340 = ORIENTED_EDGE('',*,*,#2325,.F.);
#2341 = EDGE_LOOP('',(#2334,#2338,#2339,#2340));
#2342 = FACE_OUTER_BOUND('',#2341,.T.);
#2343 = ADVANCED_FACE('',(#2342),#2333,.T.);
#2344 = AXIS2_PLACEMENT_3D('',#2204,#294,#16);
#2345 = PLANE('',#2344);
#2346 = ORIENTED_EDGE('',*,*,#2207,.T.);
#2347 = VECTOR('',#16,1.);
#2348 = LINE('',#2198,#2347);
#2349 = EDGE_CURVE('',#2200,#2271,#2348,.T.);
#2350 = ORIENTED_EDGE('',*,*,#2349,.T.);
#2351 = ORIENTED_EDGE('',*,*,#2272,.F.);
#2352 = ORIENTED_EDGE('',*,*,#2337,.F.);
#2353 = EDGE_LOOP('',(#2346,#2350,#2351,#2352));
#2354 = FACE_OUTER_BOUND('',#2353,.T.);
#2355 = ADVANCED_FACE('',(#2354),#2345,.T.);
#2356 = AXIS2_PLACEMENT_3D('',#2198,#307,#20);
#2357 = PLANE('',#2356);
#2358 = ORIENTED_EDGE('',*,*,#2201,.T.);
#2359 = VECTOR('',#16,1.);
#2360 = LINE('',#2191,#2359);
#2361 = EDGE_CURVE('',#2193,#2277,#2360,.T.);
#2362 = ORIENTED_EDGE('',*,*,#2361,.T.);
#2363 = ORIENTED_EDGE('',*,*,#2278,.F.);
#2364 = ORIENTED_EDGE('',*,*,#2349,.F.);
#2365 = EDGE_LOOP('',(#2358,#2362,#2363,#2364));
#2366 = FACE_OUTER_BOUND('',#2365,.T.);
#2367 = ADVANCED_FACE('',(#2366),#2357,.T.);
#2368 = AXIS2_PLACEMENT_3D('',#2191,#149,#20);
#2369 = PLANE('',#2368);
#2370 = ORIENTED_EDGE('',*,*,#2195,.T.);
#2371 = VECTOR('',#16,1.);
#2372 = LINE('',#2187,#2371);
#2373 = EDGE_CURVE('',#2194,#2283,#2372,.T.);
#2374 = ORIENTED_EDGE('',*,*,#2373,.T.);
#2375 = ORIENTED_EDGE('',*,*,#2284,.F.);
#2376 = ORIENTED_EDGE('',*,*,#2361,.F.);
#2377 = EDGE_LOOP('',(#2370,#2374,#2375,#2376));
#2378 = FACE_OUTER_BOUND('',#2377,.T.);
#2379 = ADVANCED_FACE('',(#2378),#2369,.T.);
#2380 = AXIS2_PLACEMENT_3D('',#2187,#142,#20);
#2381 = PLANE('',#2380);
#2382 = ORIENTED_EDGE('',*,*,#2235,.T.);
#2383 = ORIENTED_EDGE('',*,*,#2303,.T.);
#2384 = ORIENTED_EDGE('',*,*,#2288,.F.);
#2385 = ORIENTED_EDGE('',*,*,#2373,.F.);
#2386 = EDGE_LOOP('',(#2382,#2383,#2384,#2385));
#2387 = FACE_OUTER_BOUND('',#2386,.T.);
#2388 = ADVANCED_FACE('',(#2387),#2381,.T.);
#2389 = CLOSED_SHELL('',(#2239,#2292,#2307,#2319,#2331,#2343,#2355,#2367,#2379,#2388));
#2390 = MANIFOLD_SOLID_BREP('contact',#2389);
#2391 = CARTESIAN_POINT('',(0.229809704,-12.929809704,8.057));
#2392 = AXIS2_PLACEMENT_3D('',#2391,#20,#21);
#2393 = PLANE('',#2392);
#2394 = VECTOR('',#346,1.);
#2395 = CARTESIAN_POINT('',(0.,-13.025,8.057));
#2396 = LINE('',#2395,#2394);
#2397 = VERTEX_POINT('',#2395);
#2398 = VERTEX_POINT('',#2391);
#2399 = EDGE_CURVE('',#2397,#2398,#2396,.T.);
#2400 = ORIENTED_EDGE('',*,*,#2399,.F.);
#2401 = VECTOR('',#354,1.);
#2402 = CARTESIAN_POINT('',(-0.229809704,-12.929809704,8.057));
#2403 = LINE('',#2402,#2401);
#2404 = VERTEX_POINT('',#2402);
#2405 = EDGE_CURVE('',#2404,#2397,#2403,.T.);
#2406 = ORIENTED_EDGE('',*,*,#2405,.F.);
#2407 = VECTOR('',#361,1.);
#2408 = CARTESIAN_POINT('',(-0.325,-12.7,8.057));
#2409 = LINE('',#2408,#2407);
#2410 = VERTEX_POINT('',#2408);
#2411 = EDGE_CURVE('',#2410,#2404,#2409,.T.);
#2412 = ORIENTED_EDGE('',*,*,#2411,.F.);
#2413 = VECTOR('',#368,1.);
#2414 = LINE('',#2408,#2413);
#2415 = CARTESIAN_POINT('',(-0.229809704,-12.470190296,8.057));
#2416 = VERTEX_POINT('',#2415);
#2417 = EDGE_CURVE('',#2410,#2416,#2414,.T.);
#2418 = ORIENTED_EDGE('',*,*,#2417,.T.);
#2419 = VECTOR('',#346,1.);
#2420 = LINE('',#2415,#2419);
#2421 = CARTESIAN_POINT('',(0.,-12.375,8.057));
#2422 = VERTEX_POINT('',#2421);
#2423 = EDGE_CURVE('',#2416,#2422,#2420,.T.);
#2424 = ORIENTED_EDGE('',*,*,#2423,.T.);
#2425 = VECTOR('',#354,1.);
#2426 = LINE('',#2421,#2425);
#2427 = CARTESIAN_POINT('',(0.229809704,-12.470190296,8.057));
#2428 = VERTEX_POINT('',#2427);
#2429 = EDGE_CURVE('',#2422,#2428,#2426,.T.);
#2430 = ORIENTED_EDGE('',*,*,#2429,.T.);
#2431 = VECTOR('',#361,1.);
#2432 = LINE('',#2427,#2431);
#2433 = CARTESIAN_POINT('',(0.325,-12.7,8.057));
#2434 = VERTEX_POINT('',#2433);
#2435 = EDGE_CURVE('',#2428,#2434,#2432,.T.);
#2436 = ORIENTED_EDGE('',*,*,#2435,.T.);
#2437 = VECTOR('',#368,1.);
#2438 = LINE('',#2391,#2437);
#2439 = EDGE_CURVE('',#2398,#2434,#2438,.T.);
#2440 = ORIENTED_EDGE('',*,*,#2439,.F.);
#2441 = EDGE_LOOP('',(#2400,#2406,#2412,#2418,#2424,#2430,#2436,#2440));
#2442 = FACE_OUTER_BOUND('',#2441,.T.);
#2443 = ADVANCED_FACE('',(#2442),#2393,.T.);
#2444 = CARTESIAN_POINT('',(0.325,-12.7,10.157));
#2445 = AXIS2_PLACEMENT_3D('',#2444,#16,#51);
#2446 = PLANE('',#2445);
#2447 = VECTOR('',#361,1.);
#2448 = CARTESIAN_POINT('',(0.229809704,-12.470190296,10.157));
#2449 = LINE('',#2448,#2447);
#2450 = VERTEX_POINT('',#2448);
#2451 = VERTEX_POINT('',#2444);
#2452 = EDGE_CURVE('',#2450,#2451,#2449,.T.);
#2453 = ORIENTED_EDGE('',*,*,#2452,.F.);
#2454 = VECTOR('',#354,1.);
#2455 = CARTESIAN_POINT('',(0.,-12.375,10.157));
#2456 = LINE('',#2455,#2454);
#2457 = VERTEX_POINT('',#2455);
#2458 = EDGE_CURVE('',#2457,#2450,#2456,.T.);
#2459 = ORIENTED_EDGE('',*,*,#2458,.F.);
#2460 = VECTOR('',#346,1.);
#2461 = CARTESIAN_POINT('',(-0.229809704,-12.470190296,10.157));
#2462 = LINE('',#2461,#2460);
#2463 = VERTEX_POINT('',#2461);
#2464 = EDGE_CURVE('',#2463,#2457,#2462,.T.);
#2465 = ORIENTED_EDGE('',*,*,#2464,.F.);
#2466 = VECTOR('',#368,1.);
#2467 = CARTESIAN_POINT('',(-0.325,-12.7,10.157));
#2468 = LINE('',#2467,#2466);
#2469 = VERTEX_POINT('',#2467);
#2470 = EDGE_CURVE('',#2469,#2463,#2468,.T.);
#2471 = ORIENTED_EDGE('',*,*,#2470,.F.);
#2472 = VECTOR('',#361,1.);
#2473 = LINE('',#2467,#2472);
#2474 = CARTESIAN_POINT('',(-0.229809704,-12.929809704,10.157));
#2475 = VERTEX_POINT('',#2474);
#2476 = EDGE_CURVE('',#2469,#2475,#2473,.T.);
#2477 = ORIENTED_EDGE('',*,*,#2476,.T.);
#2478 = VECTOR('',#354,1.);
#2479 = LINE('',#2474,#2478);
#2480 = CARTESIAN_POINT('',(0.,-13.025,10.157));
#2481 = VERTEX_POINT('',#2480);
#2482 = EDGE_CURVE('',#2475,#2481,#2479,.T.);
#2483 = ORIENTED_EDGE('',*,*,#2482,.T.);
#2484 = VECTOR('',#346,1.);
#2485 = LINE('',#2480,#2484);
#2486 = CARTESIAN_POINT('',(0.229809704,-12.929809704,10.157));
#2487 = VERTEX_POINT('',#2486);
#2488 = EDGE_CURVE('',#2481,#2487,#2485,.T.);
#2489 = ORIENTED_EDGE('',*,*,#2488,.T.);
#2490 = VECTOR('',#368,1.);
#2491 = LINE('',#2486,#2490);
#2492 = EDGE_CURVE('',#2487,#2451,#2491,.T.);
#2493 = ORIENTED_EDGE('',*,*,#2492,.T.);
#2494 = EDGE_LOOP('',(#2453,#2459,#2465,#2471,#2477,#2483,#2489,#2493));
#2495 = FACE_OUTER_BOUND('',#2494,.T.);
#2496 = ADVANCED_FACE('',(#2495),#2446,.T.);
#2497 = AXIS2_PLACEMENT_3D('',#2433,#346,#20);
#2498 = PLANE('',#2497);
#2499 = ORIENTED_EDGE('',*,*,#2435,.F.);
#2500 = VECTOR('',#16,1.);
#2501 = LINE('',#2427,#2500);
#2502 = EDGE_CURVE('',#2428,#2450,#2501,.T.);
#2503 = ORIENTED_EDGE('',*,*,#2502,.T.);
#2504 = ORIENTED_EDGE('',*,*,#2452,.T.);
#2505 = VECTOR('',#16,1.);
#2506 = LINE('',#2433,#2505);
#2507 = EDGE_CURVE('',#2434,#2451,#2506,.T.);
#2508 = ORIENTED_EDGE('',*,*,#2507,.F.);
#2509 = EDGE_LOOP('',(#2499,#2503,#2504,#2508));
#2510 = FACE_OUTER_BOUND('',#2509,.T.);
#2511 = ADVANCED_FACE('',(#2510),#2498,.T.);
#2512 = AXIS2_PLACEMENT_3D('',#2427,#368,#16);
#2513 = PLANE('',#2512);
#2514 = ORIENTED_EDGE('',*,*,#2429,.F.);
#2515 = VECTOR('',#16,1.);
#2516 = LINE('',#2421,#2515);
#2517 = EDGE_CURVE('',#2422,#2457,#2516,.T.);
#2518 = ORIENTED_EDGE('',*,*,#2517,.T.);
#2519 = ORIENTED_EDGE('',*,*,#2458,.T.);
#2520 = ORIENTED_EDGE('',*,*,#2502,.F.);
#2521 = EDGE_LOOP('',(#2514,#2518,#2519,#2520));
#2522 = FACE_OUTER_BOUND('',#2521,.T.);
#2523 = ADVANCED_FACE('',(#2522),#2513,.T.);
#2524 = AXIS2_PLACEMENT_3D('',#2421,#480,#16);
#2525 = PLANE('',#2524);
#2526 = ORIENTED_EDGE('',*,*,#2423,.F.);
#2527 = VECTOR('',#16,1.);
#2528 = LINE('',#2415,#2527);
#2529 = EDGE_CURVE('',#2416,#2463,#2528,.T.);
#2530 = ORIENTED_EDGE('',*,*,#2529,.T.);
#2531 = ORIENTED_EDGE('',*,*,#2464,.T.);
#2532 = ORIENTED_EDGE('',*,*,#2517,.F.);
#2533 = EDGE_LOOP('',(#2526,#2530,#2531,#2532));
#2534 = FACE_OUTER_BOUND('',#2533,.T.);
#2535 = ADVANCED_FACE('',(#2534),#2525,.T.);
#2536 = AXIS2_PLACEMENT_3D('',#2415,#493,#16);
#2537 = PLANE('',#2536);
#2538 = ORIENTED_EDGE('',*,*,#2417,.F.);
#2539 = VECTOR('',#16,1.);
#2540 = LINE('',#2408,#2539);
#2541 = EDGE_CURVE('',#2410,#2469,#2540,.T.);
#2542 = ORIENTED_EDGE('',*,*,#2541,.T.);
#2543 = ORIENTED_EDGE('',*,*,#2470,.T.);
#2544 = ORIENTED_EDGE('',*,*,#2529,.F.);
#2545 = EDGE_LOOP('',(#2538,#2542,#2543,#2544));
#2546 = FACE_OUTER_BOUND('',#2545,.T.);
#2547 = ADVANCED_FACE('',(#2546),#2537,.T.);
#2548 = AXIS2_PLACEMENT_3D('',#2408,#506,#16);
#2549 = PLANE('',#2548);
#2550 = ORIENTED_EDGE('',*,*,#2411,.T.);
#2551 = VECTOR('',#16,1.);
#2552 = LINE('',#2402,#2551);
#2553 = EDGE_CURVE('',#2404,#2475,#2552,.T.);
#2554 = ORIENTED_EDGE('',*,*,#2553,.T.);
#2555 = ORIENTED_EDGE('',*,*,#2476,.F.);
#2556 = ORIENTED_EDGE('',*,*,#2541,.F.);
#2557 = EDGE_LOOP('',(#2550,#2554,#2555,#2556));
#2558 = FACE_OUTER_BOUND('',#2557,.T.);
#2559 = ADVANCED_FACE('',(#2558),#2549,.T.);
#2560 = AXIS2_PLACEMENT_3D('',#2402,#519,#20);
#2561 = PLANE('',#2560);
#2562 = ORIENTED_EDGE('',*,*,#2405,.T.);
#2563 = VECTOR('',#16,1.);
#2564 = LINE('',#2395,#2563);
#2565 = EDGE_CURVE('',#2397,#2481,#2564,.T.);
#2566 = ORIENTED_EDGE('',*,*,#2565,.T.);
#2567 = ORIENTED_EDGE('',*,*,#2482,.F.);
#2568 = ORIENTED_EDGE('',*,*,#2553,.F.);
#2569 = EDGE_LOOP('',(#2562,#2566,#2567,#2568));
#2570 = FACE_OUTER_BOUND('',#2569,.T.);
#2571 = ADVANCED_FACE('',(#2570),#2561,.T.);
#2572 = AXIS2_PLACEMENT_3D('',#2395,#361,#20);
#2573 = PLANE('',#2572);
#2574 = ORIENTED_EDGE('',*,*,#2399,.T.);
#2575 = VECTOR('',#16,1.);
#2576 = LINE('',#2391,#2575);
#2577 = EDGE_CURVE('',#2398,#2487,#2576,.T.);
#2578 = ORIENTED_EDGE('',*,*,#2577,.T.);
#2579 = ORIENTED_EDGE('',*,*,#2488,.F.);
#2580 = ORIENTED_EDGE('',*,*,#2565,.F.);
#2581 = EDGE_LOOP('',(#2574,#2578,#2579,#2580));
#2582 = FACE_OUTER_BOUND('',#2581,.T.);
#2583 = ADVANCED_FACE('',(#2582),#2573,.T.);
#2584 = AXIS2_PLACEMENT_3D('',#2391,#354,#20);
#2585 = PLANE('',#2584);
#2586 = ORIENTED_EDGE('',*,*,#2439,.T.);
#2587 = ORIENTED_EDGE('',*,*,#2507,.T.);
#2588 = ORIENTED_EDGE('',*,*,#2492,.F.);
#2589 = ORIENTED_EDGE('',*,*,#2577,.F.);
#2590 = EDGE_LOOP('',(#2586,#2587,#2588,#2589));
#2591 = FACE_OUTER_BOUND('',#2590,.T.);
#2592 = ADVANCED_FACE('',(#2591),#2585,.T.);
#2593 = CLOSED_SHELL('',(#2443,#2496,#2511,#2523,#2535,#2547,#2559,#2571,#2583,#2592));
#2594 = MANIFOLD_SOLID_BREP('lead',#2593);
#2595 = CARTESIAN_POINT('',(0.166170094,-15.406170094,0.007));
#2596 = AXIS2_PLACEMENT_3D('',#2595,#20,#21);
#2597 = PLANE('',#2596);
#2598 = VECTOR('',#134,1.);
#2599 = CARTESIAN_POINT('',(0.,-15.475,0.007));
#2600 = LINE('',#2599,#2598);
#2601 = VERTEX_POINT('',#2599);
#2602 = VERTEX_POINT('',#2595);
#2603 = EDGE_CURVE('',#2601,#2602,#2600,.T.);
#2604 = ORIENTED_EDGE('',*,*,#2603,.F.);
#2605 = VECTOR('',#142,1.);
#2606 = CARTESIAN_POINT('',(-0.166170094,-15.406170094,0.007));
#2607 = LINE('',#2606,#2605);
#2608 = VERTEX_POINT('',#2606);
#2609 = EDGE_CURVE('',#2608,#2601,#2607,.T.);
#2610 = ORIENTED_EDGE('',*,*,#2609,.F.);
#2611 = VECTOR('',#149,1.);
#2612 = CARTESIAN_POINT('',(-0.235,-15.24,0.007));
#2613 = LINE('',#2612,#2611);
#2614 = VERTEX_POINT('',#2612);
#2615 = EDGE_CURVE('',#2614,#2608,#2613,.T.);
#2616 = ORIENTED_EDGE('',*,*,#2615,.F.);
#2617 = VECTOR('',#156,1.);
#2618 = LINE('',#2612,#2617);
#2619 = CARTESIAN_POINT('',(-0.166170094,-15.073829906,0.007));
#2620 = VERTEX_POINT('',#2619);
#2621 = EDGE_CURVE('',#2614,#2620,#2618,.T.);
#2622 = ORIENTED_EDGE('',*,*,#2621,.T.);
#2623 = VECTOR('',#134,1.);
#2624 = LINE('',#2619,#2623);
#2625 = CARTESIAN_POINT('',(0.,-15.005,0.007));
#2626 = VERTEX_POINT('',#2625);
#2627 = EDGE_CURVE('',#2620,#2626,#2624,.T.);
#2628 = ORIENTED_EDGE('',*,*,#2627,.T.);
#2629 = VECTOR('',#142,1.);
#2630 = LINE('',#2625,#2629);
#2631 = CARTESIAN_POINT('',(0.166170094,-15.073829906,0.007));
#2632 = VERTEX_POINT('',#2631);
#2633 = EDGE_CURVE('',#2626,#2632,#2630,.T.);
#2634 = ORIENTED_EDGE('',*,*,#2633,.T.);
#2635 = VECTOR('',#149,1.);
#2636 = LINE('',#2631,#2635);
#2637 = CARTESIAN_POINT('',(0.235,-15.24,0.007));
#2638 = VERTEX_POINT('',#2637);
#2639 = EDGE_CURVE('',#2632,#2638,#2636,.T.);
#2640 = ORIENTED_EDGE('',*,*,#2639,.T.);
#2641 = VECTOR('',#156,1.);
#2642 = LINE('',#2595,#2641);
#2643 = EDGE_CURVE('',#2602,#2638,#2642,.T.);
#2644 = ORIENTED_EDGE('',*,*,#2643,.F.);
#2645 = EDGE_LOOP('',(#2604,#2610,#2616,#2622,#2628,#2634,#2640,#2644));
#2646 = FACE_OUTER_BOUND('',#2645,.T.);
#2647 = ADVANCED_FACE('',(#2646),#2597,.T.);
#2648 = CARTESIAN_POINT('',(0.235,-15.24,4.007));
#2649 = AXIS2_PLACEMENT_3D('',#2648,#16,#51);
#2650 = PLANE('',#2649);
#2651 = VECTOR('',#149,1.);
#2652 = CARTESIAN_POINT('',(0.166170094,-15.073829906,4.007));
#2653 = LINE('',#2652,#2651);
#2654 = VERTEX_POINT('',#2652);
#2655 = VERTEX_POINT('',#2648);
#2656 = EDGE_CURVE('',#2654,#2655,#2653,.T.);
#2657 = ORIENTED_EDGE('',*,*,#2656,.F.);
#2658 = VECTOR('',#142,1.);
#2659 = CARTESIAN_POINT('',(0.,-15.005,4.007));
#2660 = LINE('',#2659,#2658);
#2661 = VERTEX_POINT('',#2659);
#2662 = EDGE_CURVE('',#2661,#2654,#2660,.T.);
#2663 = ORIENTED_EDGE('',*,*,#2662,.F.);
#2664 = VECTOR('',#134,1.);
#2665 = CARTESIAN_POINT('',(-0.166170094,-15.073829906,4.007));
#2666 = LINE('',#2665,#2664);
#2667 = VERTEX_POINT('',#2665);
#2668 = EDGE_CURVE('',#2667,#2661,#2666,.T.);
#2669 = ORIENTED_EDGE('',*,*,#2668,.F.);
#2670 = VECTOR('',#156,1.);
#2671 = CARTESIAN_POINT('',(-0.235,-15.24,4.007));
#2672 = LINE('',#2671,#2670);
#2673 = VERTEX_POINT('',#2671);
#2674 = EDGE_CURVE('',#2673,#2667,#2672,.T.);
#2675 = ORIENTED_EDGE('',*,*,#2674,.F.);
#2676 = VECTOR('',#149,1.);
#2677 = LINE('',#2671,#2676);
#2678 = CARTESIAN_POINT('',(-0.166170094,-15.406170094,4.007));
#2679 = VERTEX_POINT('',#2678);
#2680 = EDGE_CURVE('',#2673,#2679,#2677,.T.);
#2681 = ORIENTED_EDGE('',*,*,#2680,.T.);
#2682 = VECTOR('',#142,1.);
#2683 = LINE('',#2678,#2682);
#2684 = CARTESIAN_POINT('',(0.,-15.475,4.007));
#2685 = VERTEX_POINT('',#2684);
#2686 = EDGE_CURVE('',#2679,#2685,#2683,.T.);
#2687 = ORIENTED_EDGE('',*,*,#2686,.T.);
#2688 = VECTOR('',#134,1.);
#2689 = LINE('',#2684,#2688);
#2690 = CARTESIAN_POINT('',(0.166170094,-15.406170094,4.007));
#2691 = VERTEX_POINT('',#2690);
#2692 = EDGE_CURVE('',#2685,#2691,#2689,.T.);
#2693 = ORIENTED_EDGE('',*,*,#2692,.T.);
#2694 = VECTOR('',#156,1.);
#2695 = LINE('',#2690,#2694);
#2696 = EDGE_CURVE('',#2691,#2655,#2695,.T.);
#2697 = ORIENTED_EDGE('',*,*,#2696,.T.);
#2698 = EDGE_LOOP('',(#2657,#2663,#2669,#2675,#2681,#2687,#2693,#2697));
#2699 = FACE_OUTER_BOUND('',#2698,.T.);
#2700 = ADVANCED_FACE('',(#2699),#2650,.T.);
#2701 = AXIS2_PLACEMENT_3D('',#2637,#134,#20);
#2702 = PLANE('',#2701);
#2703 = ORIENTED_EDGE('',*,*,#2639,.F.);
#2704 = VECTOR('',#16,1.);
#2705 = LINE('',#2631,#2704);
#2706 = EDGE_CURVE('',#2632,#2654,#2705,.T.);
#2707 = ORIENTED_EDGE('',*,*,#2706,.T.);
#2708 = ORIENTED_EDGE('',*,*,#2656,.T.);
#2709 = VECTOR('',#16,1.);
#2710 = LINE('',#2637,#2709);
#2711 = EDGE_CURVE('',#2638,#2655,#2710,.T.);
#2712 = ORIENTED_EDGE('',*,*,#2711,.F.);
#2713 = EDGE_LOOP('',(#2703,#2707,#2708,#2712));
#2714 = FACE_OUTER_BOUND('',#2713,.T.);
#2715 = ADVANCED_FACE('',(#2714),#2702,.T.);
#2716 = AXIS2_PLACEMENT_3D('',#2631,#156,#16);
#2717 = PLANE('',#2716);
#2718 = ORIENTED_EDGE('',*,*,#2633,.F.);
#2719 = VECTOR('',#16,1.);
#2720 = LINE('',#2625,#2719);
#2721 = EDGE_CURVE('',#2626,#2661,#2720,.T.);
#2722 = ORIENTED_EDGE('',*,*,#2721,.T.);
#2723 = ORIENTED_EDGE('',*,*,#2662,.T.);
#2724 = ORIENTED_EDGE('',*,*,#2706,.F.);
#2725 = EDGE_LOOP('',(#2718,#2722,#2723,#2724));
#2726 = FACE_OUTER_BOUND('',#2725,.T.);
#2727 = ADVANCED_FACE('',(#2726),#2717,.T.);
#2728 = AXIS2_PLACEMENT_3D('',#2625,#268,#16);
#2729 = PLANE('',#2728);
#2730 = ORIENTED_EDGE('',*,*,#2627,.F.);
#2731 = VECTOR('',#16,1.);
#2732 = LINE('',#2619,#2731);
#2733 = EDGE_CURVE('',#2620,#2667,#2732,.T.);
#2734 = ORIENTED_EDGE('',*,*,#2733,.T.);
#2735 = ORIENTED_EDGE('',*,*,#2668,.T.);
#2736 = ORIENTED_EDGE('',*,*,#2721,.F.);
#2737 = EDGE_LOOP('',(#2730,#2734,#2735,#2736));
#2738 = FACE_OUTER_BOUND('',#2737,.T.);
#2739 = ADVANCED_FACE('',(#2738),#2729,.T.);
#2740 = AXIS2_PLACEMENT_3D('',#2619,#281,#16);
#2741 = PLANE('',#2740);
#2742 = ORIENTED_EDGE('',*,*,#2621,.F.);
#2743 = VECTOR('',#16,1.);
#2744 = LINE('',#2612,#2743);
#2745 = EDGE_CURVE('',#2614,#2673,#2744,.T.);
#2746 = ORIENTED_EDGE('',*,*,#2745,.T.);
#2747 = ORIENTED_EDGE('',*,*,#2674,.T.);
#2748 = ORIENTED_EDGE('',*,*,#2733,.F.);
#2749 = EDGE_LOOP('',(#2742,#2746,#2747,#2748));
#2750 = FACE_OUTER_BOUND('',#2749,.T.);
#2751 = ADVANCED_FACE('',(#2750),#2741,.T.);
#2752 = AXIS2_PLACEMENT_3D('',#2612,#294,#16);
#2753 = PLANE('',#2752);
#2754 = ORIENTED_EDGE('',*,*,#2615,.T.);
#2755 = VECTOR('',#16,1.);
#2756 = LINE('',#2606,#2755);
#2757 = EDGE_CURVE('',#2608,#2679,#2756,.T.);
#2758 = ORIENTED_EDGE('',*,*,#2757,.T.);
#2759 = ORIENTED_EDGE('',*,*,#2680,.F.);
#2760 = ORIENTED_EDGE('',*,*,#2745,.F.);
#2761 = EDGE_LOOP('',(#2754,#2758,#2759,#2760));
#2762 = FACE_OUTER_BOUND('',#2761,.T.);
#2763 = ADVANCED_FACE('',(#2762),#2753,.T.);
#2764 = AXIS2_PLACEMENT_3D('',#2606,#307,#20);
#2765 = PLANE('',#2764);
#2766 = ORIENTED_EDGE('',*,*,#2609,.T.);
#2767 = VECTOR('',#16,1.);
#2768 = LINE('',#2599,#2767);
#2769 = EDGE_CURVE('',#2601,#2685,#2768,.T.);
#2770 = ORIENTED_EDGE('',*,*,#2769,.T.);
#2771 = ORIENTED_EDGE('',*,*,#2686,.F.);
#2772 = ORIENTED_EDGE('',*,*,#2757,.F.);
#2773 = EDGE_LOOP('',(#2766,#2770,#2771,#2772));
#2774 = FACE_OUTER_BOUND('',#2773,.T.);
#2775 = ADVANCED_FACE('',(#2774),#2765,.T.);
#2776 = AXIS2_PLACEMENT_3D('',#2599,#149,#20);
#2777 = PLANE('',#2776);
#2778 = ORIENTED_EDGE('',*,*,#2603,.T.);
#2779 = VECTOR('',#16,1.);
#2780 = LINE('',#2595,#2779);
#2781 = EDGE_CURVE('',#2602,#2691,#2780,.T.);
#2782 = ORIENTED_EDGE('',*,*,#2781,.T.);
#2783 = ORIENTED_EDGE('',*,*,#2692,.F.);
#2784 = ORIENTED_EDGE('',*,*,#2769,.F.);
#2785 = EDGE_LOOP('',(#2778,#2782,#2783,#2784));
#2786 = FACE_OUTER_BOUND('',#2785,.T.);
#2787 = ADVANCED_FACE('',(#2786),#2777,.T.);
#2788 = AXIS2_PLACEMENT_3D('',#2595,#142,#20);
#2789 = PLANE('',#2788);
#2790 = ORIENTED_EDGE('',*,*,#2643,.T.);
#2791 = ORIENTED_EDGE('',*,*,#2711,.T.);
#2792 = ORIENTED_EDGE('',*,*,#2696,.F.);
#2793 = ORIENTED_EDGE('',*,*,#2781,.F.);
#2794 = EDGE_LOOP('',(#2790,#2791,#2792,#2793));
#2795 = FACE_OUTER_BOUND('',#2794,.T.);
#2796 = ADVANCED_FACE('',(#2795),#2789,.T.);
#2797 = CLOSED_SHELL('',(#2647,#2700,#2715,#2727,#2739,#2751,#2763,#2775,#2787,#2796));
#2798 = MANIFOLD_SOLID_BREP('contact',#2797);
#2799 = CARTESIAN_POINT('',(0.229809704,-15.469809704,8.057));
#2800 = AXIS2_PLACEMENT_3D('',#2799,#20,#21);
#2801 = PLANE('',#2800);
#2802 = VECTOR('',#346,1.);
#2803 = CARTESIAN_POINT('',(0.,-15.565,8.057));
#2804 = LINE('',#2803,#2802);
#2805 = VERTEX_POINT('',#2803);
#2806 = VERTEX_POINT('',#2799);
#2807 = EDGE_CURVE('',#2805,#2806,#2804,.T.);
#2808 = ORIENTED_EDGE('',*,*,#2807,.F.);
#2809 = VECTOR('',#354,1.);
#2810 = CARTESIAN_POINT('',(-0.229809704,-15.469809704,8.057));
#2811 = LINE('',#2810,#2809);
#2812 = VERTEX_POINT('',#2810);
#2813 = EDGE_CURVE('',#2812,#2805,#2811,.T.);
#2814 = ORIENTED_EDGE('',*,*,#2813,.F.);
#2815 = VECTOR('',#361,1.);
#2816 = CARTESIAN_POINT('',(-0.325,-15.24,8.057));
#2817 = LINE('',#2816,#2815);
#2818 = VERTEX_POINT('',#2816);
#2819 = EDGE_CURVE('',#2818,#2812,#2817,.T.);
#2820 = ORIENTED_EDGE('',*,*,#2819,.F.);
#2821 = VECTOR('',#368,1.);
#2822 = LINE('',#2816,#2821);
#2823 = CARTESIAN_POINT('',(-0.229809704,-15.010190296,8.057));
#2824 = VERTEX_POINT('',#2823);
#2825 = EDGE_CURVE('',#2818,#2824,#2822,.T.);
#2826 = ORIENTED_EDGE('',*,*,#2825,.T.);
#2827 = VECTOR('',#346,1.);
#2828 = LINE('',#2823,#2827);
#2829 = CARTESIAN_POINT('',(0.,-14.915,8.057));
#2830 = VERTEX_POINT('',#2829);
#2831 = EDGE_CURVE('',#2824,#2830,#2828,.T.);
#2832 = ORIENTED_EDGE('',*,*,#2831,.T.);
#2833 = VECTOR('',#354,1.);
#2834 = LINE('',#2829,#2833);
#2835 = CARTESIAN_POINT('',(0.229809704,-15.010190296,8.057));
#2836 = VERTEX_POINT('',#2835);
#2837 = EDGE_CURVE('',#2830,#2836,#2834,.T.);
#2838 = ORIENTED_EDGE('',*,*,#2837,.T.);
#2839 = VECTOR('',#361,1.);
#2840 = LINE('',#2835,#2839);
#2841 = CARTESIAN_POINT('',(0.325,-15.24,8.057));
#2842 = VERTEX_POINT('',#2841);
#2843 = EDGE_CURVE('',#2836,#2842,#2840,.T.);
#2844 = ORIENTED_EDGE('',*,*,#2843,.T.);
#2845 = VECTOR('',#368,1.);
#2846 = LINE('',#2799,#2845);
#2847 = EDGE_CURVE('',#2806,#2842,#2846,.T.);
#2848 = ORIENTED_EDGE('',*,*,#2847,.F.);
#2849 = EDGE_LOOP('',(#2808,#2814,#2820,#2826,#2832,#2838,#2844,#2848));
#2850 = FACE_OUTER_BOUND('',#2849,.T.);
#2851 = ADVANCED_FACE('',(#2850),#2801,.T.);
#2852 = CARTESIAN_POINT('',(0.325,-15.24,10.157));
#2853 = AXIS2_PLACEMENT_3D('',#2852,#16,#51);
#2854 = PLANE('',#2853);
#2855 = VECTOR('',#361,1.);
#2856 = CARTESIAN_POINT('',(0.229809704,-15.010190296,10.157));
#2857 = LINE('',#2856,#2855);
#2858 = VERTEX_POINT('',#2856);
#2859 = VERTEX_POINT('',#2852);
#2860 = EDGE_CURVE('',#2858,#2859,#2857,.T.);
#2861 = ORIENTED_EDGE('',*,*,#2860,.F.);
#2862 = VECTOR('',#354,1.);
#2863 = CARTESIAN_POINT('',(0.,-14.915,10.157));
#2864 = LINE('',#2863,#2862);
#2865 = VERTEX_POINT('',#2863);
#2866 = EDGE_CURVE('',#2865,#2858,#2864,.T.);
#2867 = ORIENTED_EDGE('',*,*,#2866,.F.);
#2868 = VECTOR('',#346,1.);
#2869 = CARTESIAN_POINT('',(-0.229809704,-15.010190296,10.157));
#2870 = LINE('',#2869,#2868);
#2871 = VERTEX_POINT('',#2869);
#2872 = EDGE_CURVE('',#2871,#2865,#2870,.T.);
#2873 = ORIENTED_EDGE('',*,*,#2872,.F.);
#2874 = VECTOR('',#368,1.);
#2875 = CARTESIAN_POINT('',(-0.325,-15.24,10.157));
#2876 = LINE('',#2875,#2874);
#2877 = VERTEX_POINT('',#2875);
#2878 = EDGE_CURVE('',#2877,#2871,#2876,.T.);
#2879 = ORIENTED_EDGE('',*,*,#2878,.F.);
#2880 = VECTOR('',#361,1.);
#2881 = LINE('',#2875,#2880);
#2882 = CARTESIAN_POINT('',(-0.229809704,-15.469809704,10.157));
#2883 = VERTEX_POINT('',#2882);
#2884 = EDGE_CURVE('',#2877,#2883,#2881,.T.);
#2885 = ORIENTED_EDGE('',*,*,#2884,.T.);
#2886 = VECTOR('',#354,1.);
#2887 = LINE('',#2882,#2886);
#2888 = CARTESIAN_POINT('',(0.,-15.565,10.157));
#2889 = VERTEX_POINT('',#2888);
#2890 = EDGE_CURVE('',#2883,#2889,#2887,.T.);
#2891 = ORIENTED_EDGE('',*,*,#2890,.T.);
#2892 = VECTOR('',#346,1.);
#2893 = LINE('',#2888,#2892);
#2894 = CARTESIAN_POINT('',(0.229809704,-15.469809704,10.157));
#2895 = VERTEX_POINT('',#2894);
#2896 = EDGE_CURVE('',#2889,#2895,#2893,.T.);
#2897 = ORIENTED_EDGE('',*,*,#2896,.T.);
#2898 = VECTOR('',#368,1.);
#2899 = LINE('',#2894,#2898);
#2900 = EDGE_CURVE('',#2895,#2859,#2899,.T.);
#2901 = ORIENTED_EDGE('',*,*,#2900,.T.);
#2902 = EDGE_LOOP('',(#2861,#2867,#2873,#2879,#2885,#2891,#2897,#2901));
#2903 = FACE_OUTER_BOUND('',#2902,.T.);
#2904 = ADVANCED_FACE('',(#2903),#2854,.T.);
#2905 = AXIS2_PLACEMENT_3D('',#2841,#346,#20);
#2906 = PLANE('',#2905);
#2907 = ORIENTED_EDGE('',*,*,#2843,.F.);
#2908 = VECTOR('',#16,1.);
#2909 = LINE('',#2835,#2908);
#2910 = EDGE_CURVE('',#2836,#2858,#2909,.T.);
#2911 = ORIENTED_EDGE('',*,*,#2910,.T.);
#2912 = ORIENTED_EDGE('',*,*,#2860,.T.);
#2913 = VECTOR('',#16,1.);
#2914 = LINE('',#2841,#2913);
#2915 = EDGE_CURVE('',#2842,#2859,#2914,.T.);
#2916 = ORIENTED_EDGE('',*,*,#2915,.F.);
#2917 = EDGE_LOOP('',(#2907,#2911,#2912,#2916));
#2918 = FACE_OUTER_BOUND('',#2917,.T.);
#2919 = ADVANCED_FACE('',(#2918),#2906,.T.);
#2920 = AXIS2_PLACEMENT_3D('',#2835,#368,#16);
#2921 = PLANE('',#2920);
#2922 = ORIENTED_EDGE('',*,*,#2837,.F.);
#2923 = VECTOR('',#16,1.);
#2924 = LINE('',#2829,#2923);
#2925 = EDGE_CURVE('',#2830,#2865,#2924,.T.);
#2926 = ORIENTED_EDGE('',*,*,#2925,.T.);
#2927 = ORIENTED_EDGE('',*,*,#2866,.T.);
#2928 = ORIENTED_EDGE('',*,*,#2910,.F.);
#2929 = EDGE_LOOP('',(#2922,#2926,#2927,#2928));
#2930 = FACE_OUTER_BOUND('',#2929,.T.);
#2931 = ADVANCED_FACE('',(#2930),#2921,.T.);
#2932 = AXIS2_PLACEMENT_3D('',#2829,#480,#16);
#2933 = PLANE('',#2932);
#2934 = ORIENTED_EDGE('',*,*,#2831,.F.);
#2935 = VECTOR('',#16,1.);
#2936 = LINE('',#2823,#2935);
#2937 = EDGE_CURVE('',#2824,#2871,#2936,.T.);
#2938 = ORIENTED_EDGE('',*,*,#2937,.T.);
#2939 = ORIENTED_EDGE('',*,*,#2872,.T.);
#2940 = ORIENTED_EDGE('',*,*,#2925,.F.);
#2941 = EDGE_LOOP('',(#2934,#2938,#2939,#2940));
#2942 = FACE_OUTER_BOUND('',#2941,.T.);
#2943 = ADVANCED_FACE('',(#2942),#2933,.T.);
#2944 = AXIS2_PLACEMENT_3D('',#2823,#493,#16);
#2945 = PLANE('',#2944);
#2946 = ORIENTED_EDGE('',*,*,#2825,.F.);
#2947 = VECTOR('',#16,1.);
#2948 = LINE('',#2816,#2947);
#2949 = EDGE_CURVE('',#2818,#2877,#2948,.T.);
#2950 = ORIENTED_EDGE('',*,*,#2949,.T.);
#2951 = ORIENTED_EDGE('',*,*,#2878,.T.);
#2952 = ORIENTED_EDGE('',*,*,#2937,.F.);
#2953 = EDGE_LOOP('',(#2946,#2950,#2951,#2952));
#2954 = FACE_OUTER_BOUND('',#2953,.T.);
#2955 = ADVANCED_FACE('',(#2954),#2945,.T.);
#2956 = AXIS2_PLACEMENT_3D('',#2816,#506,#16);
#2957 = PLANE('',#2956);
#2958 = ORIENTED_EDGE('',*,*,#2819,.T.);
#2959 = VECTOR('',#16,1.);
#2960 = LINE('',#2810,#2959);
#2961 = EDGE_CURVE('',#2812,#2883,#2960,.T.);
#2962 = ORIENTED_EDGE('',*,*,#2961,.T.);
#2963 = ORIENTED_EDGE('',*,*,#2884,.F.);
#2964 = ORIENTED_EDGE('',*,*,#2949,.F.);
#2965 = EDGE_LOOP('',(#2958,#2962,#2963,#2964));
#2966 = FACE_OUTER_BOUND('',#2965,.T.);
#2967 = ADVANCED_FACE('',(#2966),#2957,.T.);
#2968 = AXIS2_PLACEMENT_3D('',#2810,#519,#20);
#2969 = PLANE('',#2968);
#2970 = ORIENTED_EDGE('',*,*,#2813,.T.);
#2971 = VECTOR('',#16,1.);
#2972 = LINE('',#2803,#2971);
#2973 = EDGE_CURVE('',#2805,#2889,#2972,.T.);
#2974 = ORIENTED_EDGE('',*,*,#2973,.T.);
#2975 = ORIENTED_EDGE('',*,*,#2890,.F.);
#2976 = ORIENTED_EDGE('',*,*,#2961,.F.);
#2977 = EDGE_LOOP('',(#2970,#2974,#2975,#2976));
#2978 = FACE_OUTER_BOUND('',#2977,.T.);
#2979 = ADVANCED_FACE('',(#2978),#2969,.T.);
#2980 = AXIS2_PLACEMENT_3D('',#2803,#361,#20);
#2981 = PLANE('',#2980);
#2982 = ORIENTED_EDGE('',*,*,#2807,.T.);
#2983 = VECTOR('',#16,1.);
#2984 = LINE('',#2799,#2983);
#2985 = EDGE_CURVE('',#2806,#2895,#2984,.T.);
#2986 = ORIENTED_EDGE('',*,*,#2985,.T.);
#2987 = ORIENTED_EDGE('',*,*,#2896,.F.);
#2988 = ORIENTED_EDGE('',*,*,#2973,.F.);
#2989 = EDGE_LOOP('',(#2982,#2986,#2987,#2988));
#2990 = FACE_OUTER_BOUND('',#2989,.T.);
#2991 = ADVANCED_FACE('',(#2990),#2981,.T.);
#2992 = AXIS2_PLACEMENT_3D('',#2799,#354,#20);
#2993 = PLANE('',#2992);
#2994 = ORIENTED_EDGE('',*,*,#2847,.T.);
#2995 = ORIENTED_EDGE('',*,*,#2915,.T.);
#2996 = ORIENTED_EDGE('',*,*,#2900,.F.);
#2997 = ORIENTED_EDGE('',*,*,#2985,.F.);
#2998 = EDGE_LOOP('',(#2994,#2995,#2996,#2997));
#2999 = FACE_OUTER_BOUND('',#2998,.T.);
#3000 = ADVANCED_FACE('',(#2999),#2993,.T.);
#3001 = CLOSED_SHELL('',(#2851,#2904,#2919,#2931,#2943,#2955,#2967,#2979,#2991,#3000));
#3002 = MANIFOLD_SOLID_BREP('lead',#3001);
#3003 = CARTESIAN_POINT('',(0.166170094,-17.946170094,0.007));
#3004 = AXIS2_PLACEMENT_3D('',#3003,#20,#21);
#3005 = PLANE('',#3004);
#3006 = VECTOR('',#134,1.);
#3007 = CARTESIAN_POINT('',(0.,-18.015,0.007));
#3008 = LINE('',#3007,#3006);
#3009 = VERTEX_POINT('',#3007);
#3010 = VERTEX_POINT('',#3003);
#3011 = EDGE_CURVE('',#3009,#3010,#3008,.T.);
#3012 = ORIENTED_EDGE('',*,*,#3011,.F.);
#3013 = VECTOR('',#142,1.);
#3014 = CARTESIAN_POINT('',(-0.166170094,-17.946170094,0.007));
#3015 = LINE('',#3014,#3013);
#3016 = VERTEX_POINT('',#3014);
#3017 = EDGE_CURVE('',#3016,#3009,#3015,.T.);
#3018 = ORIENTED_EDGE('',*,*,#3017,.F.);
#3019 = VECTOR('',#149,1.);
#3020 = CARTESIAN_POINT('',(-0.235,-17.78,0.007));
#3021 = LINE('',#3020,#3019);
#3022 = VERTEX_POINT('',#3020);
#3023 = EDGE_CURVE('',#3022,#3016,#3021,.T.);
#3024 = ORIENTED_EDGE('',*,*,#3023,.F.);
#3025 = VECTOR('',#156,1.);
#3026 = LINE('',#3020,#3025);
#3027 = CARTESIAN_POINT('',(-0.166170094,-17.613829906,0.007));
#3028 = VERTEX_POINT('',#3027);
#3029 = EDGE_CURVE('',#3022,#3028,#3026,.T.);
#3030 = ORIENTED_EDGE('',*,*,#3029,.T.);
#3031 = VECTOR('',#134,1.);
#3032 = LINE('',#3027,#3031);
#3033 = CARTESIAN_POINT('',(0.,-17.545,0.007));
#3034 = VERTEX_POINT('',#3033);
#3035 = EDGE_CURVE('',#3028,#3034,#3032,.T.);
#3036 = ORIENTED_EDGE('',*,*,#3035,.T.);
#3037 = VECTOR('',#142,1.);
#3038 = LINE('',#3033,#3037);
#3039 = CARTESIAN_POINT('',(0.166170094,-17.613829906,0.007));
#3040 = VERTEX_POINT('',#3039);
#3041 = EDGE_CURVE('',#3034,#3040,#3038,.T.);
#3042 = ORIENTED_EDGE('',*,*,#3041,.T.);
#3043 = VECTOR('',#149,1.);
#3044 = LINE('',#3039,#3043);
#3045 = CARTESIAN_POINT('',(0.235,-17.78,0.007));
#3046 = VERTEX_POINT('',#3045);
#3047 = EDGE_CURVE('',#3040,#3046,#3044,.T.);
#3048 = ORIENTED_EDGE('',*,*,#3047,.T.);
#3049 = VECTOR('',#156,1.);
#3050 = LINE('',#3003,#3049);
#3051 = EDGE_CURVE('',#3010,#3046,#3050,.T.);
#3052 = ORIENTED_EDGE('',*,*,#3051,.F.);
#3053 = EDGE_LOOP('',(#3012,#3018,#3024,#3030,#3036,#3042,#3048,#3052));
#3054 = FACE_OUTER_BOUND('',#3053,.T.);
#3055 = ADVANCED_FACE('',(#3054),#3005,.T.);
#3056 = CARTESIAN_POINT('',(0.235,-17.78,4.007));
#3057 = AXIS2_PLACEMENT_3D('',#3056,#16,#51);
#3058 = PLANE('',#3057);
#3059 = VECTOR('',#149,1.);
#3060 = CARTESIAN_POINT('',(0.166170094,-17.613829906,4.007));
#3061 = LINE('',#3060,#3059);
#3062 = VERTEX_POINT('',#3060);
#3063 = VERTEX_POINT('',#3056);
#3064 = EDGE_CURVE('',#3062,#3063,#3061,.T.);
#3065 = ORIENTED_EDGE('',*,*,#3064,.F.);
#3066 = VECTOR('',#142,1.);
#3067 = CARTESIAN_POINT('',(0.,-17.545,4.007));
#3068 = LINE('',#3067,#3066);
#3069 = VERTEX_POINT('',#3067);
#3070 = EDGE_CURVE('',#3069,#3062,#3068,.T.);
#3071 = ORIENTED_EDGE('',*,*,#3070,.F.);
#3072 = VECTOR('',#134,1.);
#3073 = CARTESIAN_POINT('',(-0.166170094,-17.613829906,4.007));
#3074 = LINE('',#3073,#3072);
#3075 = VERTEX_POINT('',#3073);
#3076 = EDGE_CURVE('',#3075,#3069,#3074,.T.);
#3077 = ORIENTED_EDGE('',*,*,#3076,.F.);
#3078 = VECTOR('',#156,1.);
#3079 = CARTESIAN_POINT('',(-0.235,-17.78,4.007));
#3080 = LINE('',#3079,#3078);
#3081 = VERTEX_POINT('',#3079);
#3082 = EDGE_CURVE('',#3081,#3075,#3080,.T.);
#3083 = ORIENTED_EDGE('',*,*,#3082,.F.);
#3084 = VECTOR('',#149,1.);
#3085 = LINE('',#3079,#3084);
#3086 = CARTESIAN_POINT('',(-0.166170094,-17.946170094,4.007));
#3087 = VERTEX_POINT('',#3086);
#3088 = EDGE_CURVE('',#3081,#3087,#3085,.T.);
#3089 = ORIENTED_EDGE('',*,*,#3088,.T.);
#3090 = VECTOR('',#142,1.);
#3091 = LINE('',#3086,#3090);
#3092 = CARTESIAN_POINT('',(0.,-18.015,4.007));
#3093 = VERTEX_POINT('',#3092);
#3094 = EDGE_CURVE('',#3087,#3093,#3091,.T.);
#3095 = ORIENTED_EDGE('',*,*,#3094,.T.);
#3096 = VECTOR('',#134,1.);
#3097 = LINE('',#3092,#3096);
#3098 = CARTESIAN_POINT('',(0.166170094,-17.946170094,4.007));
#3099 = VERTEX_POINT('',#3098);
#3100 = EDGE_CURVE('',#3093,#3099,#3097,.T.);
#3101 = ORIENTED_EDGE('',*,*,#3100,.T.);
#3102 = VECTOR('',#156,1.);
#3103 = LINE('',#3098,#3102);
#3104 = EDGE_CURVE('',#3099,#3063,#3103,.T.);
#3105 = ORIENTED_EDGE('',*,*,#3104,.T.);
#3106 = EDGE_LOOP('',(#3065,#3071,#3077,#3083,#3089,#3095,#3101,#3105));
#3107 = FACE_OUTER_BOUND('',#3106,.T.);
#3108 = ADVANCED_FACE('',(#3107),#3058,.T.);
#3109 = AXIS2_PLACEMENT_3D('',#3045,#134,#20);
#3110 = PLANE('',#3109);
#3111 = ORIENTED_EDGE('',*,*,#3047,.F.);
#3112 = VECTOR('',#16,1.);
#3113 = LINE('',#3039,#3112);
#3114 = EDGE_CURVE('',#3040,#3062,#3113,.T.);
#3115 = ORIENTED_EDGE('',*,*,#3114,.T.);
#3116 = ORIENTED_EDGE('',*,*,#3064,.T.);
#3117 = VECTOR('',#16,1.);
#3118 = LINE('',#3045,#3117);
#3119 = EDGE_CURVE('',#3046,#3063,#3118,.T.);
#3120 = ORIENTED_EDGE('',*,*,#3119,.F.);
#3121 = EDGE_LOOP('',(#3111,#3115,#3116,#3120));
#3122 = FACE_OUTER_BOUND('',#3121,.T.);
#3123 = ADVANCED_FACE('',(#3122),#3110,.T.);
#3124 = AXIS2_PLACEMENT_3D('',#3039,#156,#16);
#3125 = PLANE('',#3124);
#3126 = ORIENTED_EDGE('',*,*,#3041,.F.);
#3127 = VECTOR('',#16,1.);
#3128 = LINE('',#3033,#3127);
#3129 = EDGE_CURVE('',#3034,#3069,#3128,.T.);
#3130 = ORIENTED_EDGE('',*,*,#3129,.T.);
#3131 = ORIENTED_EDGE('',*,*,#3070,.T.);
#3132 = ORIENTED_EDGE('',*,*,#3114,.F.);
#3133 = EDGE_LOOP('',(#3126,#3130,#3131,#3132));
#3134 = FACE_OUTER_BOUND('',#3133,.T.);
#3135 = ADVANCED_FACE('',(#3134),#3125,.T.);
#3136 = AXIS2_PLACEMENT_3D('',#3033,#268,#16);
#3137 = PLANE('',#3136);
#3138 = ORIENTED_EDGE('',*,*,#3035,.F.);
#3139 = VECTOR('',#16,1.);
#3140 = LINE('',#3027,#3139);
#3141 = EDGE_CURVE('',#3028,#3075,#3140,.T.);
#3142 = ORIENTED_EDGE('',*,*,#3141,.T.);
#3143 = ORIENTED_EDGE('',*,*,#3076,.T.);
#3144 = ORIENTED_EDGE('',*,*,#3129,.F.);
#3145 = EDGE_LOOP('',(#3138,#3142,#3143,#3144));
#3146 = FACE_OUTER_BOUND('',#3145,.T.);
#3147 = ADVANCED_FACE('',(#3146),#3137,.T.);
#3148 = AXIS2_PLACEMENT_3D('',#3027,#281,#16);
#3149 = PLANE('',#3148);
#3150 = ORIENTED_EDGE('',*,*,#3029,.F.);
#3151 = VECTOR('',#16,1.);
#3152 = LINE('',#3020,#3151);
#3153 = EDGE_CURVE('',#3022,#3081,#3152,.T.);
#3154 = ORIENTED_EDGE('',*,*,#3153,.T.);
#3155 = ORIENTED_EDGE('',*,*,#3082,.T.);
#3156 = ORIENTED_EDGE('',*,*,#3141,.F.);
#3157 = EDGE_LOOP('',(#3150,#3154,#3155,#3156));
#3158 = FACE_OUTER_BOUND('',#3157,.T.);
#3159 = ADVANCED_FACE('',(#3158),#3149,.T.);
#3160 = AXIS2_PLACEMENT_3D('',#3020,#294,#16);
#3161 = PLANE('',#3160);
#3162 = ORIENTED_EDGE('',*,*,#3023,.T.);
#3163 = VECTOR('',#16,1.);
#3164 = LINE('',#3014,#3163);
#3165 = EDGE_CURVE('',#3016,#3087,#3164,.T.);
#3166 = ORIENTED_EDGE('',*,*,#3165,.T.);
#3167 = ORIENTED_EDGE('',*,*,#3088,.F.);
#3168 = ORIENTED_EDGE('',*,*,#3153,.F.);
#3169 = EDGE_LOOP('',(#3162,#3166,#3167,#3168));
#3170 = FACE_OUTER_BOUND('',#3169,.T.);
#3171 = ADVANCED_FACE('',(#3170),#3161,.T.);
#3172 = AXIS2_PLACEMENT_3D('',#3014,#307,#20);
#3173 = PLANE('',#3172);
#3174 = ORIENTED_EDGE('',*,*,#3017,.T.);
#3175 = VECTOR('',#16,1.);
#3176 = LINE('',#3007,#3175);
#3177 = EDGE_CURVE('',#3009,#3093,#3176,.T.);
#3178 = ORIENTED_EDGE('',*,*,#3177,.T.);
#3179 = ORIENTED_EDGE('',*,*,#3094,.F.);
#3180 = ORIENTED_EDGE('',*,*,#3165,.F.);
#3181 = EDGE_LOOP('',(#3174,#3178,#3179,#3180));
#3182 = FACE_OUTER_BOUND('',#3181,.T.);
#3183 = ADVANCED_FACE('',(#3182),#3173,.T.);
#3184 = AXIS2_PLACEMENT_3D('',#3007,#149,#20);
#3185 = PLANE('',#3184);
#3186 = ORIENTED_EDGE('',*,*,#3011,.T.);
#3187 = VECTOR('',#16,1.);
#3188 = LINE('',#3003,#3187);
#3189 = EDGE_CURVE('',#3010,#3099,#3188,.T.);
#3190 = ORIENTED_EDGE('',*,*,#3189,.T.);
#3191 = ORIENTED_EDGE('',*,*,#3100,.F.);
#3192 = ORIENTED_EDGE('',*,*,#3177,.F.);
#3193 = EDGE_LOOP('',(#3186,#3190,#3191,#3192));
#3194 = FACE_OUTER_BOUND('',#3193,.T.);
#3195 = ADVANCED_FACE('',(#3194),#3185,.T.);
#3196 = AXIS2_PLACEMENT_3D('',#3003,#142,#20);
#3197 = PLANE('',#3196);
#3198 = ORIENTED_EDGE('',*,*,#3051,.T.);
#3199 = ORIENTED_EDGE('',*,*,#3119,.T.);
#3200 = ORIENTED_EDGE('',*,*,#3104,.F.);
#3201 = ORIENTED_EDGE('',*,*,#3189,.F.);
#3202 = EDGE_LOOP('',(#3198,#3199,#3200,#3201));
#3203 = FACE_OUTER_BOUND('',#3202,.T.);
#3204 = ADVANCED_FACE('',(#3203),#3197,.T.);
#3205 = CLOSED_SHELL('',(#3055,#3108,#3123,#3135,#3147,#3159,#3171,#3183,#3195,#3204));
#3206 = MANIFOLD_SOLID_BREP('contact',#3205);
#3207 = CARTESIAN_POINT('',(0.229809704,-18.009809704,8.057));
#3208 = AXIS2_PLACEMENT_3D('',#3207,#20,#21);
#3209 = PLANE('',#3208);
#3210 = VECTOR('',#346,1.);
#3211 = CARTESIAN_POINT('',(0.,-18.105,8.057));
#3212 = LINE('',#3211,#3210);
#3213 = VERTEX_POINT('',#3211);
#3214 = VERTEX_POINT('',#3207);
#3215 = EDGE_CURVE('',#3213,#3214,#3212,.T.);
#3216 = ORIENTED_EDGE('',*,*,#3215,.F.);
#3217 = VECTOR('',#354,1.);
#3218 = CARTESIAN_POINT('',(-0.229809704,-18.009809704,8.057));
#3219 = LINE('',#3218,#3217);
#3220 = VERTEX_POINT('',#3218);
#3221 = EDGE_CURVE('',#3220,#3213,#3219,.T.);
#3222 = ORIENTED_EDGE('',*,*,#3221,.F.);
#3223 = VECTOR('',#361,1.);
#3224 = CARTESIAN_POINT('',(-0.325,-17.78,8.057));
#3225 = LINE('',#3224,#3223);
#3226 = VERTEX_POINT('',#3224);
#3227 = EDGE_CURVE('',#3226,#3220,#3225,.T.);
#3228 = ORIENTED_EDGE('',*,*,#3227,.F.);
#3229 = VECTOR('',#368,1.);
#3230 = LINE('',#3224,#3229);
#3231 = CARTESIAN_POINT('',(-0.229809704,-17.550190296,8.057));
#3232 = VERTEX_POINT('',#3231);
#3233 = EDGE_CURVE('',#3226,#3232,#3230,.T.);
#3234 = ORIENTED_EDGE('',*,*,#3233,.T.);
#3235 = VECTOR('',#346,1.);
#3236 = LINE('',#3231,#3235);
#3237 = CARTESIAN_POINT('',(0.,-17.455,8.057));
#3238 = VERTEX_POINT('',#3237);
#3239 = EDGE_CURVE('',#3232,#3238,#3236,.T.);
#3240 = ORIENTED_EDGE('',*,*,#3239,.T.);
#3241 = VECTOR('',#354,1.);
#3242 = LINE('',#3237,#3241);
#3243 = CARTESIAN_POINT('',(0.229809704,-17.550190296,8.057));
#3244 = VERTEX_POINT('',#3243);
#3245 = EDGE_CURVE('',#3238,#3244,#3242,.T.);
#3246 = ORIENTED_EDGE('',*,*,#3245,.T.);
#3247 = VECTOR('',#361,1.);
#3248 = LINE('',#3243,#3247);
#3249 = CARTESIAN_POINT('',(0.325,-17.78,8.057));
#3250 = VERTEX_POINT('',#3249);
#3251 = EDGE_CURVE('',#3244,#3250,#3248,.T.);
#3252 = ORIENTED_EDGE('',*,*,#3251,.T.);
#3253 = VECTOR('',#368,1.);
#3254 = LINE('',#3207,#3253);
#3255 = EDGE_CURVE('',#3214,#3250,#3254,.T.);
#3256 = ORIENTED_EDGE('',*,*,#3255,.F.);
#3257 = EDGE_LOOP('',(#3216,#3222,#3228,#3234,#3240,#3246,#3252,#3256));
#3258 = FACE_OUTER_BOUND('',#3257,.T.);
#3259 = ADVANCED_FACE('',(#3258),#3209,.T.);
#3260 = CARTESIAN_POINT('',(0.325,-17.78,10.157));
#3261 = AXIS2_PLACEMENT_3D('',#3260,#16,#51);
#3262 = PLANE('',#3261);
#3263 = VECTOR('',#361,1.);
#3264 = CARTESIAN_POINT('',(0.229809704,-17.550190296,10.157));
#3265 = LINE('',#3264,#3263);
#3266 = VERTEX_POINT('',#3264);
#3267 = VERTEX_POINT('',#3260);
#3268 = EDGE_CURVE('',#3266,#3267,#3265,.T.);
#3269 = ORIENTED_EDGE('',*,*,#3268,.F.);
#3270 = VECTOR('',#354,1.);
#3271 = CARTESIAN_POINT('',(0.,-17.455,10.157));
#3272 = LINE('',#3271,#3270);
#3273 = VERTEX_POINT('',#3271);
#3274 = EDGE_CURVE('',#3273,#3266,#3272,.T.);
#3275 = ORIENTED_EDGE('',*,*,#3274,.F.);
#3276 = VECTOR('',#346,1.);
#3277 = CARTESIAN_POINT('',(-0.229809704,-17.550190296,10.157));
#3278 = LINE('',#3277,#3276);
#3279 = VERTEX_POINT('',#3277);
#3280 = EDGE_CURVE('',#3279,#3273,#3278,.T.);
#3281 = ORIENTED_EDGE('',*,*,#3280,.F.);
#3282 = VECTOR('',#368,1.);
#3283 = CARTESIAN_POINT('',(-0.325,-17.78,10.157));
#3284 = LINE('',#3283,#3282);
#3285 = VERTEX_POINT('',#3283);
#3286 = EDGE_CURVE('',#3285,#3279,#3284,.T.);
#3287 = ORIENTED_EDGE('',*,*,#3286,.F.);
#3288 = VECTOR('',#361,1.);
#3289 = LINE('',#3283,#3288);
#3290 = CARTESIAN_POINT('',(-0.229809704,-18.009809704,10.157));
#3291 = VERTEX_POINT('',#3290);
#3292 = EDGE_CURVE('',#3285,#3291,#3289,.T.);
#3293 = ORIENTED_EDGE('',*,*,#3292,.T.);
#3294 = VECTOR('',#354,1.);
#3295 = LINE('',#3290,#3294);
#3296 = CARTESIAN_POINT('',(0.,-18.105,10.157));
#3297 = VERTEX_POINT('',#3296);
#3298 = EDGE_CURVE('',#3291,#3297,#3295,.T.);
#3299 = ORIENTED_EDGE('',*,*,#3298,.T.);
#3300 = VECTOR('',#346,1.);
#3301 = LINE('',#3296,#3300);
#3302 = CARTESIAN_POINT('',(0.229809704,-18.009809704,10.157));
#3303 = VERTEX_POINT('',#3302);
#3304 = EDGE_CURVE('',#3297,#3303,#3301,.T.);
#3305 = ORIENTED_EDGE('',*,*,#3304,.T.);
#3306 = VECTOR('',#368,1.);
#3307 = LINE('',#3302,#3306);
#3308 = EDGE_CURVE('',#3303,#3267,#3307,.T.);
#3309 = ORIENTED_EDGE('',*,*,#3308,.T.);
#3310 = EDGE_LOOP('',(#3269,#3275,#3281,#3287,#3293,#3299,#3305,#3309));
#3311 = FACE_OUTER_BOUND('',#3310,.T.);
#3312 = ADVANCED_FACE('',(#3311),#3262,.T.);
#3313 = AXIS2_PLACEMENT_3D('',#3249,#346,#20);
#3314 = PLANE('',#3313);
#3315 = ORIENTED_EDGE('',*,*,#3251,.F.);
#3316 = VECTOR('',#16,1.);
#3317 = LINE('',#3243,#3316);
#3318 = EDGE_CURVE('',#3244,#3266,#3317,.T.);
#3319 = ORIENTED_EDGE('',*,*,#3318,.T.);
#3320 = ORIENTED_EDGE('',*,*,#3268,.T.);
#3321 = VECTOR('',#16,1.);
#3322 = LINE('',#3249,#3321);
#3323 = EDGE_CURVE('',#3250,#3267,#3322,.T.);
#3324 = ORIENTED_EDGE('',*,*,#3323,.F.);
#3325 = EDGE_LOOP('',(#3315,#3319,#3320,#3324));
#3326 = FACE_OUTER_BOUND('',#3325,.T.);
#3327 = ADVANCED_FACE('',(#3326),#3314,.T.);
#3328 = AXIS2_PLACEMENT_3D('',#3243,#368,#16);
#3329 = PLANE('',#3328);
#3330 = ORIENTED_EDGE('',*,*,#3245,.F.);
#3331 = VECTOR('',#16,1.);
#3332 = LINE('',#3237,#3331);
#3333 = EDGE_CURVE('',#3238,#3273,#3332,.T.);
#3334 = ORIENTED_EDGE('',*,*,#3333,.T.);
#3335 = ORIENTED_EDGE('',*,*,#3274,.T.);
#3336 = ORIENTED_EDGE('',*,*,#3318,.F.);
#3337 = EDGE_LOOP('',(#3330,#3334,#3335,#3336));
#3338 = FACE_OUTER_BOUND('',#3337,.T.);
#3339 = ADVANCED_FACE('',(#3338),#3329,.T.);
#3340 = AXIS2_PLACEMENT_3D('',#3237,#480,#16);
#3341 = PLANE('',#3340);
#3342 = ORIENTED_EDGE('',*,*,#3239,.F.);
#3343 = VECTOR('',#16,1.);
#3344 = LINE('',#3231,#3343);
#3345 = EDGE_CURVE('',#3232,#3279,#3344,.T.);
#3346 = ORIENTED_EDGE('',*,*,#3345,.T.);
#3347 = ORIENTED_EDGE('',*,*,#3280,.T.);
#3348 = ORIENTED_EDGE('',*,*,#3333,.F.);
#3349 = EDGE_LOOP('',(#3342,#3346,#3347,#3348));
#3350 = FACE_OUTER_BOUND('',#3349,.T.);
#3351 = ADVANCED_FACE('',(#3350),#3341,.T.);
#3352 = AXIS2_PLACEMENT_3D('',#3231,#493,#16);
#3353 = PLANE('',#3352);
#3354 = ORIENTED_EDGE('',*,*,#3233,.F.);
#3355 = VECTOR('',#16,1.);
#3356 = LINE('',#3224,#3355);
#3357 = EDGE_CURVE('',#3226,#3285,#3356,.T.);
#3358 = ORIENTED_EDGE('',*,*,#3357,.T.);
#3359 = ORIENTED_EDGE('',*,*,#3286,.T.);
#3360 = ORIENTED_EDGE('',*,*,#3345,.F.);
#3361 = EDGE_LOOP('',(#3354,#3358,#3359,#3360));
#3362 = FACE_OUTER_BOUND('',#3361,.T.);
#3363 = ADVANCED_FACE('',(#3362),#3353,.T.);
#3364 = AXIS2_PLACEMENT_3D('',#3224,#506,#16);
#3365 = PLANE('',#3364);
#3366 = ORIENTED_EDGE('',*,*,#3227,.T.);
#3367 = VECTOR('',#16,1.);
#3368 = LINE('',#3218,#3367);
#3369 = EDGE_CURVE('',#3220,#3291,#3368,.T.);
#3370 = ORIENTED_EDGE('',*,*,#3369,.T.);
#3371 = ORIENTED_EDGE('',*,*,#3292,.F.);
#3372 = ORIENTED_EDGE('',*,*,#3357,.F.);
#3373 = EDGE_LOOP('',(#3366,#3370,#3371,#3372));
#3374 = FACE_OUTER_BOUND('',#3373,.T.);
#3375 = ADVANCED_FACE('',(#3374),#3365,.T.);
#3376 = AXIS2_PLACEMENT_3D('',#3218,#519,#20);
#3377 = PLANE('',#3376);
#3378 = ORIENTED_EDGE('',*,*,#3221,.T.);
#3379 = VECTOR('',#16,1.);
#3380 = LINE('',#3211,#3379);
#3381 = EDGE_CURVE('',#3213,#3297,#3380,.T.);
#3382 = ORIENTED_EDGE('',*,*,#3381,.T.);
#3383 = ORIENTED_EDGE('',*,*,#3298,.F.);
#3384 = ORIENTED_EDGE('',*,*,#3369,.F.);
#3385 = EDGE_LOOP('',(#3378,#3382,#3383,#3384));
#3386 = FACE_OUTER_BOUND('',#3385,.T.);
#3387 = ADVANCED_FACE('',(#3386),#3377,.T.);
#3388 = AXIS2_PLACEMENT_3D('',#3211,#361,#20);
#3389 = PLANE('',#3388);
#3390 = ORIENTED_EDGE('',*,*,#3215,.T.);
#3391 = VECTOR('',#16,1.);
#3392 = LINE('',#3207,#3391);
#3393 = EDGE_CURVE('',#3214,#3303,#3392,.T.);
#3394 = ORIENTED_EDGE('',*,*,#3393,.T.);
#3395 = ORIENTED_EDGE('',*,*,#3304,.F.);
#3396 = ORIENTED_EDGE('',*,*,#3381,.F.);
#3397 = EDGE_LOOP('',(#3390,#3394,#3395,#3396));
#3398 = FACE_OUTER_BOUND('',#3397,.T.);
#3399 = ADVANCED_FACE('',(#3398),#3389,.T.);
#3400 = AXIS2_PLACEMENT_3D('',#3207,#354,#20);
#3401 = PLANE('',#3400);
#3402 = ORIENTED_EDGE('',*,*,#3255,.T.);
#3403 = ORIENTED_EDGE('',*,*,#3323,.T.);
#3404 = ORIENTED_EDGE('',*,*,#3308,.F.);
#3405 = ORIENTED_EDGE('',*,*,#3393,.F.);
#3406 = EDGE_LOOP('',(#3402,#3403,#3404,#3405));
#3407 = FACE_OUTER_BOUND('',#3406,.T.);
#3408 = ADVANCED_FACE('',(#3407),#3401,.T.);
#3409 = CLOSED_SHELL('',(#3259,#3312,#3327,#3339,#3351,#3363,#3375,#3387,#3399,#3408));
#3410 = MANIFOLD_SOLID_BREP('lead',#3409);
#3411 = CARTESIAN_POINT('',(0.166170094,-20.486170094,0.007));
#3412 = AXIS2_PLACEMENT_3D('',#3411,#20,#21);
#3413 = PLANE('',#3412);
#3414 = VECTOR('',#134,1.);
#3415 = CARTESIAN_POINT('',(0.,-20.555,0.007));
#3416 = LINE('',#3415,#3414);
#3417 = VERTEX_POINT('',#3415);
#3418 = VERTEX_POINT('',#3411);
#3419 = EDGE_CURVE('',#3417,#3418,#3416,.T.);
#3420 = ORIENTED_EDGE('',*,*,#3419,.F.);
#3421 = VECTOR('',#142,1.);
#3422 = CARTESIAN_POINT('',(-0.166170094,-20.486170094,0.007));
#3423 = LINE('',#3422,#3421);
#3424 = VERTEX_POINT('',#3422);
#3425 = EDGE_CURVE('',#3424,#3417,#3423,.T.);
#3426 = ORIENTED_EDGE('',*,*,#3425,.F.);
#3427 = VECTOR('',#149,1.);
#3428 = CARTESIAN_POINT('',(-0.235,-20.32,0.007));
#3429 = LINE('',#3428,#3427);
#3430 = VERTEX_POINT('',#3428);
#3431 = EDGE_CURVE('',#3430,#3424,#3429,.T.);
#3432 = ORIENTED_EDGE('',*,*,#3431,.F.);
#3433 = VECTOR('',#156,1.);
#3434 = LINE('',#3428,#3433);
#3435 = CARTESIAN_POINT('',(-0.166170094,-20.153829906,0.007));
#3436 = VERTEX_POINT('',#3435);
#3437 = EDGE_CURVE('',#3430,#3436,#3434,.T.);
#3438 = ORIENTED_EDGE('',*,*,#3437,.T.);
#3439 = VECTOR('',#134,1.);
#3440 = LINE('',#3435,#3439);
#3441 = CARTESIAN_POINT('',(0.,-20.085,0.007));
#3442 = VERTEX_POINT('',#3441);
#3443 = EDGE_CURVE('',#3436,#3442,#3440,.T.);
#3444 = ORIENTED_EDGE('',*,*,#3443,.T.);
#3445 = VECTOR('',#142,1.);
#3446 = LINE('',#3441,#3445);
#3447 = CARTESIAN_POINT('',(0.166170094,-20.153829906,0.007));
#3448 = VERTEX_POINT('',#3447);
#3449 = EDGE_CURVE('',#3442,#3448,#3446,.T.);
#3450 = ORIENTED_EDGE('',*,*,#3449,.T.);
#3451 = VECTOR('',#149,1.);
#3452 = LINE('',#3447,#3451);
#3453 = CARTESIAN_POINT('',(0.235,-20.32,0.007));
#3454 = VERTEX_POINT('',#3453);
#3455 = EDGE_CURVE('',#3448,#3454,#3452,.T.);
#3456 = ORIENTED_EDGE('',*,*,#3455,.T.);
#3457 = VECTOR('',#156,1.);
#3458 = LINE('',#3411,#3457);
#3459 = EDGE_CURVE('',#3418,#3454,#3458,.T.);
#3460 = ORIENTED_EDGE('',*,*,#3459,.F.);
#3461 = EDGE_LOOP('',(#3420,#3426,#3432,#3438,#3444,#3450,#3456,#3460));
#3462 = FACE_OUTER_BOUND('',#3461,.T.);
#3463 = ADVANCED_FACE('',(#3462),#3413,.T.);
#3464 = CARTESIAN_POINT('',(0.235,-20.32,4.007));
#3465 = AXIS2_PLACEMENT_3D('',#3464,#16,#51);
#3466 = PLANE('',#3465);
#3467 = VECTOR('',#149,1.);
#3468 = CARTESIAN_POINT('',(0.166170094,-20.153829906,4.007));
#3469 = LINE('',#3468,#3467);
#3470 = VERTEX_POINT('',#3468);
#3471 = VERTEX_POINT('',#3464);
#3472 = EDGE_CURVE('',#3470,#3471,#3469,.T.);
#3473 = ORIENTED_EDGE('',*,*,#3472,.F.);
#3474 = VECTOR('',#142,1.);
#3475 = CARTESIAN_POINT('',(0.,-20.085,4.007));
#3476 = LINE('',#3475,#3474);
#3477 = VERTEX_POINT('',#3475);
#3478 = EDGE_CURVE('',#3477,#3470,#3476,.T.);
#3479 = ORIENTED_EDGE('',*,*,#3478,.F.);
#3480 = VECTOR('',#134,1.);
#3481 = CARTESIAN_POINT('',(-0.166170094,-20.153829906,4.007));
#3482 = LINE('',#3481,#3480);
#3483 = VERTEX_POINT('',#3481);
#3484 = EDGE_CURVE('',#3483,#3477,#3482,.T.);
#3485 = ORIENTED_EDGE('',*,*,#3484,.F.);
#3486 = VECTOR('',#156,1.);
#3487 = CARTESIAN_POINT('',(-0.235,-20.32,4.007));
#3488 = LINE('',#3487,#3486);
#3489 = VERTEX_POINT('',#3487);
#3490 = EDGE_CURVE('',#3489,#3483,#3488,.T.);
#3491 = ORIENTED_EDGE('',*,*,#3490,.F.);
#3492 = VECTOR('',#149,1.);
#3493 = LINE('',#3487,#3492);
#3494 = CARTESIAN_POINT('',(-0.166170094,-20.486170094,4.007));
#3495 = VERTEX_POINT('',#3494);
#3496 = EDGE_CURVE('',#3489,#3495,#3493,.T.);
#3497 = ORIENTED_EDGE('',*,*,#3496,.T.);
#3498 = VECTOR('',#142,1.);
#3499 = LINE('',#3494,#3498);
#3500 = CARTESIAN_POINT('',(0.,-20.555,4.007));
#3501 = VERTEX_POINT('',#3500);
#3502 = EDGE_CURVE('',#3495,#3501,#3499,.T.);
#3503 = ORIENTED_EDGE('',*,*,#3502,.T.);
#3504 = VECTOR('',#134,1.);
#3505 = LINE('',#3500,#3504);
#3506 = CARTESIAN_POINT('',(0.166170094,-20.486170094,4.007));
#3507 = VERTEX_POINT('',#3506);
#3508 = EDGE_CURVE('',#3501,#3507,#3505,.T.);
#3509 = ORIENTED_EDGE('',*,*,#3508,.T.);
#3510 = VECTOR('',#156,1.);
#3511 = LINE('',#3506,#3510);
#3512 = EDGE_CURVE('',#3507,#3471,#3511,.T.);
#3513 = ORIENTED_EDGE('',*,*,#3512,.T.);
#3514 = EDGE_LOOP('',(#3473,#3479,#3485,#3491,#3497,#3503,#3509,#3513));
#3515 = FACE_OUTER_BOUND('',#3514,.T.);
#3516 = ADVANCED_FACE('',(#3515),#3466,.T.);
#3517 = AXIS2_PLACEMENT_3D('',#3453,#134,#20);
#3518 = PLANE('',#3517);
#3519 = ORIENTED_EDGE('',*,*,#3455,.F.);
#3520 = VECTOR('',#16,1.);
#3521 = LINE('',#3447,#3520);
#3522 = EDGE_CURVE('',#3448,#3470,#3521,.T.);
#3523 = ORIENTED_EDGE('',*,*,#3522,.T.);
#3524 = ORIENTED_EDGE('',*,*,#3472,.T.);
#3525 = VECTOR('',#16,1.);
#3526 = LINE('',#3453,#3525);
#3527 = EDGE_CURVE('',#3454,#3471,#3526,.T.);
#3528 = ORIENTED_EDGE('',*,*,#3527,.F.);
#3529 = EDGE_LOOP('',(#3519,#3523,#3524,#3528));
#3530 = FACE_OUTER_BOUND('',#3529,.T.);
#3531 = ADVANCED_FACE('',(#3530),#3518,.T.);
#3532 = AXIS2_PLACEMENT_3D('',#3447,#156,#16);
#3533 = PLANE('',#3532);
#3534 = ORIENTED_EDGE('',*,*,#3449,.F.);
#3535 = VECTOR('',#16,1.);
#3536 = LINE('',#3441,#3535);
#3537 = EDGE_CURVE('',#3442,#3477,#3536,.T.);
#3538 = ORIENTED_EDGE('',*,*,#3537,.T.);
#3539 = ORIENTED_EDGE('',*,*,#3478,.T.);
#3540 = ORIENTED_EDGE('',*,*,#3522,.F.);
#3541 = EDGE_LOOP('',(#3534,#3538,#3539,#3540));
#3542 = FACE_OUTER_BOUND('',#3541,.T.);
#3543 = ADVANCED_FACE('',(#3542),#3533,.T.);
#3544 = AXIS2_PLACEMENT_3D('',#3441,#268,#16);
#3545 = PLANE('',#3544);
#3546 = ORIENTED_EDGE('',*,*,#3443,.F.);
#3547 = VECTOR('',#16,1.);
#3548 = LINE('',#3435,#3547);
#3549 = EDGE_CURVE('',#3436,#3483,#3548,.T.);
#3550 = ORIENTED_EDGE('',*,*,#3549,.T.);
#3551 = ORIENTED_EDGE('',*,*,#3484,.T.);
#3552 = ORIENTED_EDGE('',*,*,#3537,.F.);
#3553 = EDGE_LOOP('',(#3546,#3550,#3551,#3552));
#3554 = FACE_OUTER_BOUND('',#3553,.T.);
#3555 = ADVANCED_FACE('',(#3554),#3545,.T.);
#3556 = AXIS2_PLACEMENT_3D('',#3435,#281,#16);
#3557 = PLANE('',#3556);
#3558 = ORIENTED_EDGE('',*,*,#3437,.F.);
#3559 = VECTOR('',#16,1.);
#3560 = LINE('',#3428,#3559);
#3561 = EDGE_CURVE('',#3430,#3489,#3560,.T.);
#3562 = ORIENTED_EDGE('',*,*,#3561,.T.);
#3563 = ORIENTED_EDGE('',*,*,#3490,.T.);
#3564 = ORIENTED_EDGE('',*,*,#3549,.F.);
#3565 = EDGE_LOOP('',(#3558,#3562,#3563,#3564));
#3566 = FACE_OUTER_BOUND('',#3565,.T.);
#3567 = ADVANCED_FACE('',(#3566),#3557,.T.);
#3568 = AXIS2_PLACEMENT_3D('',#3428,#294,#16);
#3569 = PLANE('',#3568);
#3570 = ORIENTED_EDGE('',*,*,#3431,.T.);
#3571 = VECTOR('',#16,1.);
#3572 = LINE('',#3422,#3571);
#3573 = EDGE_CURVE('',#3424,#3495,#3572,.T.);
#3574 = ORIENTED_EDGE('',*,*,#3573,.T.);
#3575 = ORIENTED_EDGE('',*,*,#3496,.F.);
#3576 = ORIENTED_EDGE('',*,*,#3561,.F.);
#3577 = EDGE_LOOP('',(#3570,#3574,#3575,#3576));
#3578 = FACE_OUTER_BOUND('',#3577,.T.);
#3579 = ADVANCED_FACE('',(#3578),#3569,.T.);
#3580 = AXIS2_PLACEMENT_3D('',#3422,#307,#20);
#3581 = PLANE('',#3580);
#3582 = ORIENTED_EDGE('',*,*,#3425,.T.);
#3583 = VECTOR('',#16,1.);
#3584 = LINE('',#3415,#3583);
#3585 = EDGE_CURVE('',#3417,#3501,#3584,.T.);
#3586 = ORIENTED_EDGE('',*,*,#3585,.T.);
#3587 = ORIENTED_EDGE('',*,*,#3502,.F.);
#3588 = ORIENTED_EDGE('',*,*,#3573,.F.);
#3589 = EDGE_LOOP('',(#3582,#3586,#3587,#3588));
#3590 = FACE_OUTER_BOUND('',#3589,.T.);
#3591 = ADVANCED_FACE('',(#3590),#3581,.T.);
#3592 = AXIS2_PLACEMENT_3D('',#3415,#149,#20);
#3593 = PLANE('',#3592);
#3594 = ORIENTED_EDGE('',*,*,#3419,.T.);
#3595 = VECTOR('',#16,1.);
#3596 = LINE('',#3411,#3595);
#3597 = EDGE_CURVE('',#3418,#3507,#3596,.T.);
#3598 = ORIENTED_EDGE('',*,*,#3597,.T.);
#3599 = ORIENTED_EDGE('',*,*,#3508,.F.);
#3600 = ORIENTED_EDGE('',*,*,#3585,.F.);
#3601 = EDGE_LOOP('',(#3594,#3598,#3599,#3600));
#3602 = FACE_OUTER_BOUND('',#3601,.T.);
#3603 = ADVANCED_FACE('',(#3602),#3593,.T.);
#3604 = AXIS2_PLACEMENT_3D('',#3411,#142,#20);
#3605 = PLANE('',#3604);
#3606 = ORIENTED_EDGE('',*,*,#3459,.T.);
#3607 = ORIENTED_EDGE('',*,*,#3527,.T.);
#3608 = ORIENTED_EDGE('',*,*,#3512,.F.);
#3609 = ORIENTED_EDGE('',*,*,#3597,.F.);
#3610 = EDGE_LOOP('',(#3606,#3607,#3608,#3609));
#3611 = FACE_OUTER_BOUND('',#3610,.T.);
#3612 = ADVANCED_FACE('',(#3611),#3605,.T.);
#3613 = CLOSED_SHELL('',(#3463,#3516,#3531,#3543,#3555,#3567,#3579,#3591,#3603,#3612));
#3614 = MANIFOLD_SOLID_BREP('contact',#3613);
#3615 = CARTESIAN_POINT('',(0.229809704,-20.549809704,8.057));
#3616 = AXIS2_PLACEMENT_3D('',#3615,#20,#21);
#3617 = PLANE('',#3616);
#3618 = VECTOR('',#346,1.);
#3619 = CARTESIAN_POINT('',(0.,-20.645,8.057));
#3620 = LINE('',#3619,#3618);
#3621 = VERTEX_POINT('',#3619);
#3622 = VERTEX_POINT('',#3615);
#3623 = EDGE_CURVE('',#3621,#3622,#3620,.T.);
#3624 = ORIENTED_EDGE('',*,*,#3623,.F.);
#3625 = VECTOR('',#354,1.);
#3626 = CARTESIAN_POINT('',(-0.229809704,-20.549809704,8.057));
#3627 = LINE('',#3626,#3625);
#3628 = VERTEX_POINT('',#3626);
#3629 = EDGE_CURVE('',#3628,#3621,#3627,.T.);
#3630 = ORIENTED_EDGE('',*,*,#3629,.F.);
#3631 = VECTOR('',#361,1.);
#3632 = CARTESIAN_POINT('',(-0.325,-20.32,8.057));
#3633 = LINE('',#3632,#3631);
#3634 = VERTEX_POINT('',#3632);
#3635 = EDGE_CURVE('',#3634,#3628,#3633,.T.);
#3636 = ORIENTED_EDGE('',*,*,#3635,.F.);
#3637 = VECTOR('',#368,1.);
#3638 = LINE('',#3632,#3637);
#3639 = CARTESIAN_POINT('',(-0.229809704,-20.090190296,8.057));
#3640 = VERTEX_POINT('',#3639);
#3641 = EDGE_CURVE('',#3634,#3640,#3638,.T.);
#3642 = ORIENTED_EDGE('',*,*,#3641,.T.);
#3643 = VECTOR('',#346,1.);
#3644 = LINE('',#3639,#3643);
#3645 = CARTESIAN_POINT('',(0.,-19.995,8.057));
#3646 = VERTEX_POINT('',#3645);
#3647 = EDGE_CURVE('',#3640,#3646,#3644,.T.);
#3648 = ORIENTED_EDGE('',*,*,#3647,.T.);
#3649 = VECTOR('',#354,1.);
#3650 = LINE('',#3645,#3649);
#3651 = CARTESIAN_POINT('',(0.229809704,-20.090190296,8.057));
#3652 = VERTEX_POINT('',#3651);
#3653 = EDGE_CURVE('',#3646,#3652,#3650,.T.);
#3654 = ORIENTED_EDGE('',*,*,#3653,.T.);
#3655 = VECTOR('',#361,1.);
#3656 = LINE('',#3651,#3655);
#3657 = CARTESIAN_POINT('',(0.325,-20.32,8.057));
#3658 = VERTEX_POINT('',#3657);
#3659 = EDGE_CURVE('',#3652,#3658,#3656,.T.);
#3660 = ORIENTED_EDGE('',*,*,#3659,.T.);
#3661 = VECTOR('',#368,1.);
#3662 = LINE('',#3615,#3661);
#3663 = EDGE_CURVE('',#3622,#3658,#3662,.T.);
#3664 = ORIENTED_EDGE('',*,*,#3663,.F.);
#3665 = EDGE_LOOP('',(#3624,#3630,#3636,#3642,#3648,#3654,#3660,#3664));
#3666 = FACE_OUTER_BOUND('',#3665,.T.);
#3667 = ADVANCED_FACE('',(#3666),#3617,.T.);
#3668 = CARTESIAN_POINT('',(0.325,-20.32,10.157));
#3669 = AXIS2_PLACEMENT_3D('',#3668,#16,#51);
#3670 = PLANE('',#3669);
#3671 = VECTOR('',#361,1.);
#3672 = CARTESIAN_POINT('',(0.229809704,-20.090190296,10.157));
#3673 = LINE('',#3672,#3671);
#3674 = VERTEX_POINT('',#3672);
#3675 = VERTEX_POINT('',#3668);
#3676 = EDGE_CURVE('',#3674,#3675,#3673,.T.);
#3677 = ORIENTED_EDGE('',*,*,#3676,.F.);
#3678 = VECTOR('',#354,1.);
#3679 = CARTESIAN_POINT('',(0.,-19.995,10.157));
#3680 = LINE('',#3679,#3678);
#3681 = VERTEX_POINT('',#3679);
#3682 = EDGE_CURVE('',#3681,#3674,#3680,.T.);
#3683 = ORIENTED_EDGE('',*,*,#3682,.F.);
#3684 = VECTOR('',#346,1.);
#3685 = CARTESIAN_POINT('',(-0.229809704,-20.090190296,10.157));
#3686 = LINE('',#3685,#3684);
#3687 = VERTEX_POINT('',#3685);
#3688 = EDGE_CURVE('',#3687,#3681,#3686,.T.);
#3689 = ORIENTED_EDGE('',*,*,#3688,.F.);
#3690 = VECTOR('',#368,1.);
#3691 = CARTESIAN_POINT('',(-0.325,-20.32,10.157));
#3692 = LINE('',#3691,#3690);
#3693 = VERTEX_POINT('',#3691);
#3694 = EDGE_CURVE('',#3693,#3687,#3692,.T.);
#3695 = ORIENTED_EDGE('',*,*,#3694,.F.);
#3696 = VECTOR('',#361,1.);
#3697 = LINE('',#3691,#3696);
#3698 = CARTESIAN_POINT('',(-0.229809704,-20.549809704,10.157));
#3699 = VERTEX_POINT('',#3698);
#3700 = EDGE_CURVE('',#3693,#3699,#3697,.T.);
#3701 = ORIENTED_EDGE('',*,*,#3700,.T.);
#3702 = VECTOR('',#354,1.);
#3703 = LINE('',#3698,#3702);
#3704 = CARTESIAN_POINT('',(0.,-20.645,10.157));
#3705 = VERTEX_POINT('',#3704);
#3706 = EDGE_CURVE('',#3699,#3705,#3703,.T.);
#3707 = ORIENTED_EDGE('',*,*,#3706,.T.);
#3708 = VECTOR('',#346,1.);
#3709 = LINE('',#3704,#3708);
#3710 = CARTESIAN_POINT('',(0.229809704,-20.549809704,10.157));
#3711 = VERTEX_POINT('',#3710);
#3712 = EDGE_CURVE('',#3705,#3711,#3709,.T.);
#3713 = ORIENTED_EDGE('',*,*,#3712,.T.);
#3714 = VECTOR('',#368,1.);
#3715 = LINE('',#3710,#3714);
#3716 = EDGE_CURVE('',#3711,#3675,#3715,.T.);
#3717 = ORIENTED_EDGE('',*,*,#3716,.T.);
#3718 = EDGE_LOOP('',(#3677,#3683,#3689,#3695,#3701,#3707,#3713,#3717));
#3719 = FACE_OUTER_BOUND('',#3718,.T.);
#3720 = ADVANCED_FACE('',(#3719),#3670,.T.);
#3721 = AXIS2_PLACEMENT_3D('',#3657,#346,#20);
#3722 = PLANE('',#3721);
#3723 = ORIENTED_EDGE('',*,*,#3659,.F.);
#3724 = VECTOR('',#16,1.);
#3725 = LINE('',#3651,#3724);
#3726 = EDGE_CURVE('',#3652,#3674,#3725,.T.);
#3727 = ORIENTED_EDGE('',*,*,#3726,.T.);
#3728 = ORIENTED_EDGE('',*,*,#3676,.T.);
#3729 = VECTOR('',#16,1.);
#3730 = LINE('',#3657,#3729);
#3731 = EDGE_CURVE('',#3658,#3675,#3730,.T.);
#3732 = ORIENTED_EDGE('',*,*,#3731,.F.);
#3733 = EDGE_LOOP('',(#3723,#3727,#3728,#3732));
#3734 = FACE_OUTER_BOUND('',#3733,.T.);
#3735 = ADVANCED_FACE('',(#3734),#3722,.T.);
#3736 = AXIS2_PLACEMENT_3D('',#3651,#368,#16);
#3737 = PLANE('',#3736);
#3738 = ORIENTED_EDGE('',*,*,#3653,.F.);
#3739 = VECTOR('',#16,1.);
#3740 = LINE('',#3645,#3739);
#3741 = EDGE_CURVE('',#3646,#3681,#3740,.T.);
#3742 = ORIENTED_EDGE('',*,*,#3741,.T.);
#3743 = ORIENTED_EDGE('',*,*,#3682,.T.);
#3744 = ORIENTED_EDGE('',*,*,#3726,.F.);
#3745 = EDGE_LOOP('',(#3738,#3742,#3743,#3744));
#3746 = FACE_OUTER_BOUND('',#3745,.T.);
#3747 = ADVANCED_FACE('',(#3746),#3737,.T.);
#3748 = AXIS2_PLACEMENT_3D('',#3645,#480,#16);
#3749 = PLANE('',#3748);
#3750 = ORIENTED_EDGE('',*,*,#3647,.F.);
#3751 = VECTOR('',#16,1.);
#3752 = LINE('',#3639,#3751);
#3753 = EDGE_CURVE('',#3640,#3687,#3752,.T.);
#3754 = ORIENTED_EDGE('',*,*,#3753,.T.);
#3755 = ORIENTED_EDGE('',*,*,#3688,.T.);
#3756 = ORIENTED_EDGE('',*,*,#3741,.F.);
#3757 = EDGE_LOOP('',(#3750,#3754,#3755,#3756));
#3758 = FACE_OUTER_BOUND('',#3757,.T.);
#3759 = ADVANCED_FACE('',(#3758),#3749,.T.);
#3760 = AXIS2_PLACEMENT_3D('',#3639,#493,#16);
#3761 = PLANE('',#3760);
#3762 = ORIENTED_EDGE('',*,*,#3641,.F.);
#3763 = VECTOR('',#16,1.);
#3764 = LINE('',#3632,#3763);
#3765 = EDGE_CURVE('',#3634,#3693,#3764,.T.);
#3766 = ORIENTED_EDGE('',*,*,#3765,.T.);
#3767 = ORIENTED_EDGE('',*,*,#3694,.T.);
#3768 = ORIENTED_EDGE('',*,*,#3753,.F.);
#3769 = EDGE_LOOP('',(#3762,#3766,#3767,#3768));
#3770 = FACE_OUTER_BOUND('',#3769,.T.);
#3771 = ADVANCED_FACE('',(#3770),#3761,.T.);
#3772 = AXIS2_PLACEMENT_3D('',#3632,#506,#16);
#3773 = PLANE('',#3772);
#3774 = ORIENTED_EDGE('',*,*,#3635,.T.);
#3775 = VECTOR('',#16,1.);
#3776 = LINE('',#3626,#3775);
#3777 = EDGE_CURVE('',#3628,#3699,#3776,.T.);
#3778 = ORIENTED_EDGE('',*,*,#3777,.T.);
#3779 = ORIENTED_EDGE('',*,*,#3700,.F.);
#3780 = ORIENTED_EDGE('',*,*,#3765,.F.);
#3781 = EDGE_LOOP('',(#3774,#3778,#3779,#3780));
#3782 = FACE_OUTER_BOUND('',#3781,.T.);
#3783 = ADVANCED_FACE('',(#3782),#3773,.T.);
#3784 = AXIS2_PLACEMENT_3D('',#3626,#519,#20);
#3785 = PLANE('',#3784);
#3786 = ORIENTED_EDGE('',*,*,#3629,.T.);
#3787 = VECTOR('',#16,1.);
#3788 = LINE('',#3619,#3787);
#3789 = EDGE_CURVE('',#3621,#3705,#3788,.T.);
#3790 = ORIENTED_EDGE('',*,*,#3789,.T.);
#3791 = ORIENTED_EDGE('',*,*,#3706,.F.);
#3792 = ORIENTED_EDGE('',*,*,#3777,.F.);
#3793 = EDGE_LOOP('',(#3786,#3790,#3791,#3792));
#3794 = FACE_OUTER_BOUND('',#3793,.T.);
#3795 = ADVANCED_FACE('',(#3794),#3785,.T.);
#3796 = AXIS2_PLACEMENT_3D('',#3619,#361,#20);
#3797 = PLANE('',#3796);
#3798 = ORIENTED_EDGE('',*,*,#3623,.T.);
#3799 = VECTOR('',#16,1.);
#3800 = LINE('',#3615,#3799);
#3801 = EDGE_CURVE('',#3622,#3711,#3800,.T.);
#3802 = ORIENTED_EDGE('',*,*,#3801,.T.);
#3803 = ORIENTED_EDGE('',*,*,#3712,.F.);
#3804 = ORIENTED_EDGE('',*,*,#3789,.F.);
#3805 = EDGE_LOOP('',(#3798,#3802,#3803,#3804));
#3806 = FACE_OUTER_BOUND('',#3805,.T.);
#3807 = ADVANCED_FACE('',(#3806),#3797,.T.);
#3808 = AXIS2_PLACEMENT_3D('',#3615,#354,#20);
#3809 = PLANE('',#3808);
#3810 = ORIENTED_EDGE('',*,*,#3663,.T.);
#3811 = ORIENTED_EDGE('',*,*,#3731,.T.);
#3812 = ORIENTED_EDGE('',*,*,#3716,.F.);
#3813 = ORIENTED_EDGE('',*,*,#3801,.F.);
#3814 = EDGE_LOOP('',(#3810,#3811,#3812,#3813));
#3815 = FACE_OUTER_BOUND('',#3814,.T.);
#3816 = ADVANCED_FACE('',(#3815),#3809,.T.);
#3817 = CLOSED_SHELL('',(#3667,#3720,#3735,#3747,#3759,#3771,#3783,#3795,#3807,#3816));
#3818 = MANIFOLD_SOLID_BREP('lead',#3817);
#3819 = CARTESIAN_POINT('',(0.166170094,-23.026170094,0.007));
#3820 = AXIS2_PLACEMENT_3D('',#3819,#20,#21);
#3821 = PLANE('',#3820);
#3822 = VECTOR('',#134,1.);
#3823 = CARTESIAN_POINT('',(0.,-23.095,0.007));
#3824 = LINE('',#3823,#3822);
#3825 = VERTEX_POINT('',#3823);
#3826 = VERTEX_POINT('',#3819);
#3827 = EDGE_CURVE('',#3825,#3826,#3824,.T.);
#3828 = ORIENTED_EDGE('',*,*,#3827,.F.);
#3829 = VECTOR('',#142,1.);
#3830 = CARTESIAN_POINT('',(-0.166170094,-23.026170094,0.007));
#3831 = LINE('',#3830,#3829);
#3832 = VERTEX_POINT('',#3830);
#3833 = EDGE_CURVE('',#3832,#3825,#3831,.T.);
#3834 = ORIENTED_EDGE('',*,*,#3833,.F.);
#3835 = VECTOR('',#149,1.);
#3836 = CARTESIAN_POINT('',(-0.235,-22.86,0.007));
#3837 = LINE('',#3836,#3835);
#3838 = VERTEX_POINT('',#3836);
#3839 = EDGE_CURVE('',#3838,#3832,#3837,.T.);
#3840 = ORIENTED_EDGE('',*,*,#3839,.F.);
#3841 = VECTOR('',#156,1.);
#3842 = LINE('',#3836,#3841);
#3843 = CARTESIAN_POINT('',(-0.166170094,-22.693829906,0.007));
#3844 = VERTEX_POINT('',#3843);
#3845 = EDGE_CURVE('',#3838,#3844,#3842,.T.);
#3846 = ORIENTED_EDGE('',*,*,#3845,.T.);
#3847 = VECTOR('',#134,1.);
#3848 = LINE('',#3843,#3847);
#3849 = CARTESIAN_POINT('',(0.,-22.625,0.007));
#3850 = VERTEX_POINT('',#3849);
#3851 = EDGE_CURVE('',#3844,#3850,#3848,.T.);
#3852 = ORIENTED_EDGE('',*,*,#3851,.T.);
#3853 = VECTOR('',#142,1.);
#3854 = LINE('',#3849,#3853);
#3855 = CARTESIAN_POINT('',(0.166170094,-22.693829906,0.007));
#3856 = VERTEX_POINT('',#3855);
#3857 = EDGE_CURVE('',#3850,#3856,#3854,.T.);
#3858 = ORIENTED_EDGE('',*,*,#3857,.T.);
#3859 = VECTOR('',#149,1.);
#3860 = LINE('',#3855,#3859);
#3861 = CARTESIAN_POINT('',(0.235,-22.86,0.007));
#3862 = VERTEX_POINT('',#3861);
#3863 = EDGE_CURVE('',#3856,#3862,#3860,.T.);
#3864 = ORIENTED_EDGE('',*,*,#3863,.T.);
#3865 = VECTOR('',#156,1.);
#3866 = LINE('',#3819,#3865);
#3867 = EDGE_CURVE('',#3826,#3862,#3866,.T.);
#3868 = ORIENTED_EDGE('',*,*,#3867,.F.);
#3869 = EDGE_LOOP('',(#3828,#3834,#3840,#3846,#3852,#3858,#3864,#3868));
#3870 = FACE_OUTER_BOUND('',#3869,.T.);
#3871 = ADVANCED_FACE('',(#3870),#3821,.T.);
#3872 = CARTESIAN_POINT('',(0.235,-22.86,4.007));
#3873 = AXIS2_PLACEMENT_3D('',#3872,#16,#51);
#3874 = PLANE('',#3873);
#3875 = VECTOR('',#149,1.);
#3876 = CARTESIAN_POINT('',(0.166170094,-22.693829906,4.007));
#3877 = LINE('',#3876,#3875);
#3878 = VERTEX_POINT('',#3876);
#3879 = VERTEX_POINT('',#3872);
#3880 = EDGE_CURVE('',#3878,#3879,#3877,.T.);
#3881 = ORIENTED_EDGE('',*,*,#3880,.F.);
#3882 = VECTOR('',#142,1.);
#3883 = CARTESIAN_POINT('',(0.,-22.625,4.007));
#3884 = LINE('',#3883,#3882);
#3885 = VERTEX_POINT('',#3883);
#3886 = EDGE_CURVE('',#3885,#3878,#3884,.T.);
#3887 = ORIENTED_EDGE('',*,*,#3886,.F.);
#3888 = VECTOR('',#134,1.);
#3889 = CARTESIAN_POINT('',(-0.166170094,-22.693829906,4.007));
#3890 = LINE('',#3889,#3888);
#3891 = VERTEX_POINT('',#3889);
#3892 = EDGE_CURVE('',#3891,#3885,#3890,.T.);
#3893 = ORIENTED_EDGE('',*,*,#3892,.F.);
#3894 = VECTOR('',#156,1.);
#3895 = CARTESIAN_POINT('',(-0.235,-22.86,4.007));
#3896 = LINE('',#3895,#3894);
#3897 = VERTEX_POINT('',#3895);
#3898 = EDGE_CURVE('',#3897,#3891,#3896,.T.);
#3899 = ORIENTED_EDGE('',*,*,#3898,.F.);
#3900 = VECTOR('',#149,1.);
#3901 = LINE('',#3895,#3900);
#3902 = CARTESIAN_POINT('',(-0.166170094,-23.026170094,4.007));
#3903 = VERTEX_POINT('',#3902);
#3904 = EDGE_CURVE('',#3897,#3903,#3901,.T.);
#3905 = ORIENTED_EDGE('',*,*,#3904,.T.);
#3906 = VECTOR('',#142,1.);
#3907 = LINE('',#3902,#3906);
#3908 = CARTESIAN_POINT('',(0.,-23.095,4.007));
#3909 = VERTEX_POINT('',#3908);
#3910 = EDGE_CURVE('',#3903,#3909,#3907,.T.);
#3911 = ORIENTED_EDGE('',*,*,#3910,.T.);
#3912 = VECTOR('',#134,1.);
#3913 = LINE('',#3908,#3912);
#3914 = CARTESIAN_POINT('',(0.166170094,-23.026170094,4.007));
#3915 = VERTEX_POINT('',#3914);
#3916 = EDGE_CURVE('',#3909,#3915,#3913,.T.);
#3917 = ORIENTED_EDGE('',*,*,#3916,.T.);
#3918 = VECTOR('',#156,1.);
#3919 = LINE('',#3914,#3918);
#3920 = EDGE_CURVE('',#3915,#3879,#3919,.T.);
#3921 = ORIENTED_EDGE('',*,*,#3920,.T.);
#3922 = EDGE_LOOP('',(#3881,#3887,#3893,#3899,#3905,#3911,#3917,#3921));
#3923 = FACE_OUTER_BOUND('',#3922,.T.);
#3924 = ADVANCED_FACE('',(#3923),#3874,.T.);
#3925 = AXIS2_PLACEMENT_3D('',#3861,#134,#20);
#3926 = PLANE('',#3925);
#3927 = ORIENTED_EDGE('',*,*,#3863,.F.);
#3928 = VECTOR('',#16,1.);
#3929 = LINE('',#3855,#3928);
#3930 = EDGE_CURVE('',#3856,#3878,#3929,.T.);
#3931 = ORIENTED_EDGE('',*,*,#3930,.T.);
#3932 = ORIENTED_EDGE('',*,*,#3880,.T.);
#3933 = VECTOR('',#16,1.);
#3934 = LINE('',#3861,#3933);
#3935 = EDGE_CURVE('',#3862,#3879,#3934,.T.);
#3936 = ORIENTED_EDGE('',*,*,#3935,.F.);
#3937 = EDGE_LOOP('',(#3927,#3931,#3932,#3936));
#3938 = FACE_OUTER_BOUND('',#3937,.T.);
#3939 = ADVANCED_FACE('',(#3938),#3926,.T.);
#3940 = AXIS2_PLACEMENT_3D('',#3855,#156,#16);
#3941 = PLANE('',#3940);
#3942 = ORIENTED_EDGE('',*,*,#3857,.F.);
#3943 = VECTOR('',#16,1.);
#3944 = LINE('',#3849,#3943);
#3945 = EDGE_CURVE('',#3850,#3885,#3944,.T.);
#3946 = ORIENTED_EDGE('',*,*,#3945,.T.);
#3947 = ORIENTED_EDGE('',*,*,#3886,.T.);
#3948 = ORIENTED_EDGE('',*,*,#3930,.F.);
#3949 = EDGE_LOOP('',(#3942,#3946,#3947,#3948));
#3950 = FACE_OUTER_BOUND('',#3949,.T.);
#3951 = ADVANCED_FACE('',(#3950),#3941,.T.);
#3952 = AXIS2_PLACEMENT_3D('',#3849,#268,#16);
#3953 = PLANE('',#3952);
#3954 = ORIENTED_EDGE('',*,*,#3851,.F.);
#3955 = VECTOR('',#16,1.);
#3956 = LINE('',#3843,#3955);
#3957 = EDGE_CURVE('',#3844,#3891,#3956,.T.);
#3958 = ORIENTED_EDGE('',*,*,#3957,.T.);
#3959 = ORIENTED_EDGE('',*,*,#3892,.T.);
#3960 = ORIENTED_EDGE('',*,*,#3945,.F.);
#3961 = EDGE_LOOP('',(#3954,#3958,#3959,#3960));
#3962 = FACE_OUTER_BOUND('',#3961,.T.);
#3963 = ADVANCED_FACE('',(#3962),#3953,.T.);
#3964 = AXIS2_PLACEMENT_3D('',#3843,#281,#16);
#3965 = PLANE('',#3964);
#3966 = ORIENTED_EDGE('',*,*,#3845,.F.);
#3967 = VECTOR('',#16,1.);
#3968 = LINE('',#3836,#3967);
#3969 = EDGE_CURVE('',#3838,#3897,#3968,.T.);
#3970 = ORIENTED_EDGE('',*,*,#3969,.T.);
#3971 = ORIENTED_EDGE('',*,*,#3898,.T.);
#3972 = ORIENTED_EDGE('',*,*,#3957,.F.);
#3973 = EDGE_LOOP('',(#3966,#3970,#3971,#3972));
#3974 = FACE_OUTER_BOUND('',#3973,.T.);
#3975 = ADVANCED_FACE('',(#3974),#3965,.T.);
#3976 = AXIS2_PLACEMENT_3D('',#3836,#294,#16);
#3977 = PLANE('',#3976);
#3978 = ORIENTED_EDGE('',*,*,#3839,.T.);
#3979 = VECTOR('',#16,1.);
#3980 = LINE('',#3830,#3979);
#3981 = EDGE_CURVE('',#3832,#3903,#3980,.T.);
#3982 = ORIENTED_EDGE('',*,*,#3981,.T.);
#3983 = ORIENTED_EDGE('',*,*,#3904,.F.);
#3984 = ORIENTED_EDGE('',*,*,#3969,.F.);
#3985 = EDGE_LOOP('',(#3978,#3982,#3983,#3984));
#3986 = FACE_OUTER_BOUND('',#3985,.T.);
#3987 = ADVANCED_FACE('',(#3986),#3977,.T.);
#3988 = AXIS2_PLACEMENT_3D('',#3830,#307,#20);
#3989 = PLANE('',#3988);
#3990 = ORIENTED_EDGE('',*,*,#3833,.T.);
#3991 = VECTOR('',#16,1.);
#3992 = LINE('',#3823,#3991);
#3993 = EDGE_CURVE('',#3825,#3909,#3992,.T.);
#3994 = ORIENTED_EDGE('',*,*,#3993,.T.);
#3995 = ORIENTED_EDGE('',*,*,#3910,.F.);
#3996 = ORIENTED_EDGE('',*,*,#3981,.F.);
#3997 = EDGE_LOOP('',(#3990,#3994,#3995,#3996));
#3998 = FACE_OUTER_BOUND('',#3997,.T.);
#3999 = ADVANCED_FACE('',(#3998),#3989,.T.);
#4000 = AXIS2_PLACEMENT_3D('',#3823,#149,#20);
#4001 = PLANE('',#4000);
#4002 = ORIENTED_EDGE('',*,*,#3827,.T.);
#4003 = VECTOR('',#16,1.);
#4004 = LINE('',#3819,#4003);
#4005 = EDGE_CURVE('',#3826,#3915,#4004,.T.);
#4006 = ORIENTED_EDGE('',*,*,#4005,.T.);
#4007 = ORIENTED_EDGE('',*,*,#3916,.F.);
#4008 = ORIENTED_EDGE('',*,*,#3993,.F.);
#4009 = EDGE_LOOP('',(#4002,#4006,#4007,#4008));
#4010 = FACE_OUTER_BOUND('',#4009,.T.);
#4011 = ADVANCED_FACE('',(#4010),#4001,.T.);
#4012 = AXIS2_PLACEMENT_3D('',#3819,#142,#20);
#4013 = PLANE('',#4012);
#4014 = ORIENTED_EDGE('',*,*,#3867,.T.);
#4015 = ORIENTED_EDGE('',*,*,#3935,.T.);
#4016 = ORIENTED_EDGE('',*,*,#3920,.F.);
#4017 = ORIENTED_EDGE('',*,*,#4005,.F.);
#4018 = EDGE_LOOP('',(#4014,#4015,#4016,#4017));
#4019 = FACE_OUTER_BOUND('',#4018,.T.);
#4020 = ADVANCED_FACE('',(#4019),#4013,.T.);
#4021 = CLOSED_SHELL('',(#3871,#3924,#3939,#3951,#3963,#3975,#3987,#3999,#4011,#4020));
#4022 = MANIFOLD_SOLID_BREP('contact',#4021);
#4023 = CARTESIAN_POINT('',(0.229809704,-23.089809704,8.057));
#4024 = AXIS2_PLACEMENT_3D('',#4023,#20,#21);
#4025 = PLANE('',#4024);
#4026 = VECTOR('',#346,1.);
#4027 = CARTESIAN_POINT('',(0.,-23.185,8.057));
#4028 = LINE('',#4027,#4026);
#4029 = VERTEX_POINT('',#4027);
#4030 = VERTEX_POINT('',#4023);
#4031 = EDGE_CURVE('',#4029,#4030,#4028,.T.);
#4032 = ORIENTED_EDGE('',*,*,#4031,.F.);
#4033 = VECTOR('',#354,1.);
#4034 = CARTESIAN_POINT('',(-0.229809704,-23.089809704,8.057));
#4035 = LINE('',#4034,#4033);
#4036 = VERTEX_POINT('',#4034);
#4037 = EDGE_CURVE('',#4036,#4029,#4035,.T.);
#4038 = ORIENTED_EDGE('',*,*,#4037,.F.);
#4039 = VECTOR('',#361,1.);
#4040 = CARTESIAN_POINT('',(-0.325,-22.86,8.057));
#4041 = LINE('',#4040,#4039);
#4042 = VERTEX_POINT('',#4040);
#4043 = EDGE_CURVE('',#4042,#4036,#4041,.T.);
#4044 = ORIENTED_EDGE('',*,*,#4043,.F.);
#4045 = VECTOR('',#368,1.);
#4046 = LINE('',#4040,#4045);
#4047 = CARTESIAN_POINT('',(-0.229809704,-22.630190296,8.057));
#4048 = VERTEX_POINT('',#4047);
#4049 = EDGE_CURVE('',#4042,#4048,#4046,.T.);
#4050 = ORIENTED_EDGE('',*,*,#4049,.T.);
#4051 = VECTOR('',#346,1.);
#4052 = LINE('',#4047,#4051);
#4053 = CARTESIAN_POINT('',(0.,-22.535,8.057));
#4054 = VERTEX_POINT('',#4053);
#4055 = EDGE_CURVE('',#4048,#4054,#4052,.T.);
#4056 = ORIENTED_EDGE('',*,*,#4055,.T.);
#4057 = VECTOR('',#354,1.);
#4058 = LINE('',#4053,#4057);
#4059 = CARTESIAN_POINT('',(0.229809704,-22.630190296,8.057));
#4060 = VERTEX_POINT('',#4059);
#4061 = EDGE_CURVE('',#4054,#4060,#4058,.T.);
#4062 = ORIENTED_EDGE('',*,*,#4061,.T.);
#4063 = VECTOR('',#361,1.);
#4064 = LINE('',#4059,#4063);
#4065 = CARTESIAN_POINT('',(0.325,-22.86,8.057));
#4066 = VERTEX_POINT('',#4065);
#4067 = EDGE_CURVE('',#4060,#4066,#4064,.T.);
#4068 = ORIENTED_EDGE('',*,*,#4067,.T.);
#4069 = VECTOR('',#368,1.);
#4070 = LINE('',#4023,#4069);
#4071 = EDGE_CURVE('',#4030,#4066,#4070,.T.);
#4072 = ORIENTED_EDGE('',*,*,#4071,.F.);
#4073 = EDGE_LOOP('',(#4032,#4038,#4044,#4050,#4056,#4062,#4068,#4072));
#4074 = FACE_OUTER_BOUND('',#4073,.T.);
#4075 = ADVANCED_FACE('',(#4074),#4025,.T.);
#4076 = CARTESIAN_POINT('',(0.325,-22.86,10.157));
#4077 = AXIS2_PLACEMENT_3D('',#4076,#16,#51);
#4078 = PLANE('',#4077);
#4079 = VECTOR('',#361,1.);
#4080 = CARTESIAN_POINT('',(0.229809704,-22.630190296,10.157));
#4081 = LINE('',#4080,#4079);
#4082 = VERTEX_POINT('',#4080);
#4083 = VERTEX_POINT('',#4076);
#4084 = EDGE_CURVE('',#4082,#4083,#4081,.T.);
#4085 = ORIENTED_EDGE('',*,*,#4084,.F.);
#4086 = VECTOR('',#354,1.);
#4087 = CARTESIAN_POINT('',(0.,-22.535,10.157));
#4088 = LINE('',#4087,#4086);
#4089 = VERTEX_POINT('',#4087);
#4090 = EDGE_CURVE('',#4089,#4082,#4088,.T.);
#4091 = ORIENTED_EDGE('',*,*,#4090,.F.);
#4092 = VECTOR('',#346,1.);
#4093 = CARTESIAN_POINT('',(-0.229809704,-22.630190296,10.157));
#4094 = LINE('',#4093,#4092);
#4095 = VERTEX_POINT('',#4093);
#4096 = EDGE_CURVE('',#4095,#4089,#4094,.T.);
#4097 = ORIENTED_EDGE('',*,*,#4096,.F.);
#4098 = VECTOR('',#368,1.);
#4099 = CARTESIAN_POINT('',(-0.325,-22.86,10.157));
#4100 = LINE('',#4099,#4098);
#4101 = VERTEX_POINT('',#4099);
#4102 = EDGE_CURVE('',#4101,#4095,#4100,.T.);
#4103 = ORIENTED_EDGE('',*,*,#4102,.F.);
#4104 = VECTOR('',#361,1.);
#4105 = LINE('',#4099,#4104);
#4106 = CARTESIAN_POINT('',(-0.229809704,-23.089809704,10.157));
#4107 = VERTEX_POINT('',#4106);
#4108 = EDGE_CURVE('',#4101,#4107,#4105,.T.);
#4109 = ORIENTED_EDGE('',*,*,#4108,.T.);
#4110 = VECTOR('',#354,1.);
#4111 = LINE('',#4106,#4110);
#4112 = CARTESIAN_POINT('',(0.,-23.185,10.157));
#4113 = VERTEX_POINT('',#4112);
#4114 = EDGE_CURVE('',#4107,#4113,#4111,.T.);
#4115 = ORIENTED_EDGE('',*,*,#4114,.T.);
#4116 = VECTOR('',#346,1.);
#4117 = LINE('',#4112,#4116);
#4118 = CARTESIAN_POINT('',(0.229809704,-23.089809704,10.157));
#4119 = VERTEX_POINT('',#4118);
#4120 = EDGE_CURVE('',#4113,#4119,#4117,.T.);
#4121 = ORIENTED_EDGE('',*,*,#4120,.T.);
#4122 = VECTOR('',#368,1.);
#4123 = LINE('',#4118,#4122);
#4124 = EDGE_CURVE('',#4119,#4083,#4123,.T.);
#4125 = ORIENTED_EDGE('',*,*,#4124,.T.);
#4126 = EDGE_LOOP('',(#4085,#4091,#4097,#4103,#4109,#4115,#4121,#4125));
#4127 = FACE_OUTER_BOUND('',#4126,.T.);
#4128 = ADVANCED_FACE('',(#4127),#4078,.T.);
#4129 = AXIS2_PLACEMENT_3D('',#4065,#346,#20);
#4130 = PLANE('',#4129);
#4131 = ORIENTED_EDGE('',*,*,#4067,.F.);
#4132 = VECTOR('',#16,1.);
#4133 = LINE('',#4059,#4132);
#4134 = EDGE_CURVE('',#4060,#4082,#4133,.T.);
#4135 = ORIENTED_EDGE('',*,*,#4134,.T.);
#4136 = ORIENTED_EDGE('',*,*,#4084,.T.);
#4137 = VECTOR('',#16,1.);
#4138 = LINE('',#4065,#4137);
#4139 = EDGE_CURVE('',#4066,#4083,#4138,.T.);
#4140 = ORIENTED_EDGE('',*,*,#4139,.F.);
#4141 = EDGE_LOOP('',(#4131,#4135,#4136,#4140));
#4142 = FACE_OUTER_BOUND('',#4141,.T.);
#4143 = ADVANCED_FACE('',(#4142),#4130,.T.);
#4144 = AXIS2_PLACEMENT_3D('',#4059,#368,#16);
#4145 = PLANE('',#4144);
#4146 = ORIENTED_EDGE('',*,*,#4061,.F.);
#4147 = VECTOR('',#16,1.);
#4148 = LINE('',#4053,#4147);
#4149 = EDGE_CURVE('',#4054,#4089,#4148,.T.);
#4150 = ORIENTED_EDGE('',*,*,#4149,.T.);
#4151 = ORIENTED_EDGE('',*,*,#4090,.T.);
#4152 = ORIENTED_EDGE('',*,*,#4134,.F.);
#4153 = EDGE_LOOP('',(#4146,#4150,#4151,#4152));
#4154 = FACE_OUTER_BOUND('',#4153,.T.);
#4155 = ADVANCED_FACE('',(#4154),#4145,.T.);
#4156 = AXIS2_PLACEMENT_3D('',#4053,#480,#16);
#4157 = PLANE('',#4156);
#4158 = ORIENTED_EDGE('',*,*,#4055,.F.);
#4159 = VECTOR('',#16,1.);
#4160 = LINE('',#4047,#4159);
#4161 = EDGE_CURVE('',#4048,#4095,#4160,.T.);
#4162 = ORIENTED_EDGE('',*,*,#4161,.T.);
#4163 = ORIENTED_EDGE('',*,*,#4096,.T.);
#4164 = ORIENTED_EDGE('',*,*,#4149,.F.);
#4165 = EDGE_LOOP('',(#4158,#4162,#4163,#4164));
#4166 = FACE_OUTER_BOUND('',#4165,.T.);
#4167 = ADVANCED_FACE('',(#4166),#4157,.T.);
#4168 = AXIS2_PLACEMENT_3D('',#4047,#493,#16);
#4169 = PLANE('',#4168);
#4170 = ORIENTED_EDGE('',*,*,#4049,.F.);
#4171 = VECTOR('',#16,1.);
#4172 = LINE('',#4040,#4171);
#4173 = EDGE_CURVE('',#4042,#4101,#4172,.T.);
#4174 = ORIENTED_EDGE('',*,*,#4173,.T.);
#4175 = ORIENTED_EDGE('',*,*,#4102,.T.);
#4176 = ORIENTED_EDGE('',*,*,#4161,.F.);
#4177 = EDGE_LOOP('',(#4170,#4174,#4175,#4176));
#4178 = FACE_OUTER_BOUND('',#4177,.T.);
#4179 = ADVANCED_FACE('',(#4178),#4169,.T.);
#4180 = AXIS2_PLACEMENT_3D('',#4040,#506,#16);
#4181 = PLANE('',#4180);
#4182 = ORIENTED_EDGE('',*,*,#4043,.T.);
#4183 = VECTOR('',#16,1.);
#4184 = LINE('',#4034,#4183);
#4185 = EDGE_CURVE('',#4036,#4107,#4184,.T.);
#4186 = ORIENTED_EDGE('',*,*,#4185,.T.);
#4187 = ORIENTED_EDGE('',*,*,#4108,.F.);
#4188 = ORIENTED_EDGE('',*,*,#4173,.F.);
#4189 = EDGE_LOOP('',(#4182,#4186,#4187,#4188));
#4190 = FACE_OUTER_BOUND('',#4189,.T.);
#4191 = ADVANCED_FACE('',(#4190),#4181,.T.);
#4192 = AXIS2_PLACEMENT_3D('',#4034,#519,#20);
#4193 = PLANE('',#4192);
#4194 = ORIENTED_EDGE('',*,*,#4037,.T.);
#4195 = VECTOR('',#16,1.);
#4196 = LINE('',#4027,#4195);
#4197 = EDGE_CURVE('',#4029,#4113,#4196,.T.);
#4198 = ORIENTED_EDGE('',*,*,#4197,.T.);
#4199 = ORIENTED_EDGE('',*,*,#4114,.F.);
#4200 = ORIENTED_EDGE('',*,*,#4185,.F.);
#4201 = EDGE_LOOP('',(#4194,#4198,#4199,#4200));
#4202 = FACE_OUTER_BOUND('',#4201,.T.);
#4203 = ADVANCED_FACE('',(#4202),#4193,.T.);
#4204 = AXIS2_PLACEMENT_3D('',#4027,#361,#20);
#4205 = PLANE('',#4204);
#4206 = ORIENTED_EDGE('',*,*,#4031,.T.);
#4207 = VECTOR('',#16,1.);
#4208 = LINE('',#4023,#4207);
#4209 = EDGE_CURVE('',#4030,#4119,#4208,.T.);
#4210 = ORIENTED_EDGE('',*,*,#4209,.T.);
#4211 = ORIENTED_EDGE('',*,*,#4120,.F.);
#4212 = ORIENTED_EDGE('',*,*,#4197,.F.);
#4213 = EDGE_LOOP('',(#4206,#4210,#4211,#4212));
#4214 = FACE_OUTER_BOUND('',#4213,.T.);
#4215 = ADVANCED_FACE('',(#4214),#4205,.T.);
#4216 = AXIS2_PLACEMENT_3D('',#4023,#354,#20);
#4217 = PLANE('',#4216);
#4218 = ORIENTED_EDGE('',*,*,#4071,.T.);
#4219 = ORIENTED_EDGE('',*,*,#4139,.T.);
#4220 = ORIENTED_EDGE('',*,*,#4124,.F.);
#4221 = ORIENTED_EDGE('',*,*,#4209,.F.);
#4222 = EDGE_LOOP('',(#4218,#4219,#4220,#4221));
#4223 = FACE_OUTER_BOUND('',#4222,.T.);
#4224 = ADVANCED_FACE('',(#4223),#4217,.T.);
#4225 = CLOSED_SHELL('',(#4075,#4128,#4143,#4155,#4167,#4179,#4191,#4203,#4215,#4224));
#4226 = MANIFOLD_SOLID_BREP('lead',#4225);
#4227 = CARTESIAN_POINT('',(0.166170094,-25.566170094,0.007));
#4228 = AXIS2_PLACEMENT_3D('',#4227,#20,#21);
#4229 = PLANE('',#4228);
#4230 = VECTOR('',#134,1.);
#4231 = CARTESIAN_POINT('',(0.,-25.635,0.007));
#4232 = LINE('',#4231,#4230);
#4233 = VERTEX_POINT('',#4231);
#4234 = VERTEX_POINT('',#4227);
#4235 = EDGE_CURVE('',#4233,#4234,#4232,.T.);
#4236 = ORIENTED_EDGE('',*,*,#4235,.F.);
#4237 = VECTOR('',#142,1.);
#4238 = CARTESIAN_POINT('',(-0.166170094,-25.566170094,0.007));
#4239 = LINE('',#4238,#4237);
#4240 = VERTEX_POINT('',#4238);
#4241 = EDGE_CURVE('',#4240,#4233,#4239,.T.);
#4242 = ORIENTED_EDGE('',*,*,#4241,.F.);
#4243 = VECTOR('',#149,1.);
#4244 = CARTESIAN_POINT('',(-0.235,-25.4,0.007));
#4245 = LINE('',#4244,#4243);
#4246 = VERTEX_POINT('',#4244);
#4247 = EDGE_CURVE('',#4246,#4240,#4245,.T.);
#4248 = ORIENTED_EDGE('',*,*,#4247,.F.);
#4249 = VECTOR('',#156,1.);
#4250 = LINE('',#4244,#4249);
#4251 = CARTESIAN_POINT('',(-0.166170094,-25.233829906,0.007));
#4252 = VERTEX_POINT('',#4251);
#4253 = EDGE_CURVE('',#4246,#4252,#4250,.T.);
#4254 = ORIENTED_EDGE('',*,*,#4253,.T.);
#4255 = VECTOR('',#134,1.);
#4256 = LINE('',#4251,#4255);
#4257 = CARTESIAN_POINT('',(0.,-25.165,0.007));
#4258 = VERTEX_POINT('',#4257);
#4259 = EDGE_CURVE('',#4252,#4258,#4256,.T.);
#4260 = ORIENTED_EDGE('',*,*,#4259,.T.);
#4261 = VECTOR('',#142,1.);
#4262 = LINE('',#4257,#4261);
#4263 = CARTESIAN_POINT('',(0.166170094,-25.233829906,0.007));
#4264 = VERTEX_POINT('',#4263);
#4265 = EDGE_CURVE('',#4258,#4264,#4262,.T.);
#4266 = ORIENTED_EDGE('',*,*,#4265,.T.);
#4267 = VECTOR('',#149,1.);
#4268 = LINE('',#4263,#4267);
#4269 = CARTESIAN_POINT('',(0.235,-25.4,0.007));
#4270 = VERTEX_POINT('',#4269);
#4271 = EDGE_CURVE('',#4264,#4270,#4268,.T.);
#4272 = ORIENTED_EDGE('',*,*,#4271,.T.);
#4273 = VECTOR('',#156,1.);
#4274 = LINE('',#4227,#4273);
#4275 = EDGE_CURVE('',#4234,#4270,#4274,.T.);
#4276 = ORIENTED_EDGE('',*,*,#4275,.F.);
#4277 = EDGE_LOOP('',(#4236,#4242,#4248,#4254,#4260,#4266,#4272,#4276));
#4278 = FACE_OUTER_BOUND('',#4277,.T.);
#4279 = ADVANCED_FACE('',(#4278),#4229,.T.);
#4280 = CARTESIAN_POINT('',(0.235,-25.4,4.007));
#4281 = AXIS2_PLACEMENT_3D('',#4280,#16,#51);
#4282 = PLANE('',#4281);
#4283 = VECTOR('',#149,1.);
#4284 = CARTESIAN_POINT('',(0.166170094,-25.233829906,4.007));
#4285 = LINE('',#4284,#4283);
#4286 = VERTEX_POINT('',#4284);
#4287 = VERTEX_POINT('',#4280);
#4288 = EDGE_CURVE('',#4286,#4287,#4285,.T.);
#4289 = ORIENTED_EDGE('',*,*,#4288,.F.);
#4290 = VECTOR('',#142,1.);
#4291 = CARTESIAN_POINT('',(0.,-25.165,4.007));
#4292 = LINE('',#4291,#4290);
#4293 = VERTEX_POINT('',#4291);
#4294 = EDGE_CURVE('',#4293,#4286,#4292,.T.);
#4295 = ORIENTED_EDGE('',*,*,#4294,.F.);
#4296 = VECTOR('',#134,1.);
#4297 = CARTESIAN_POINT('',(-0.166170094,-25.233829906,4.007));
#4298 = LINE('',#4297,#4296);
#4299 = VERTEX_POINT('',#4297);
#4300 = EDGE_CURVE('',#4299,#4293,#4298,.T.);
#4301 = ORIENTED_EDGE('',*,*,#4300,.F.);
#4302 = VECTOR('',#156,1.);
#4303 = CARTESIAN_POINT('',(-0.235,-25.4,4.007));
#4304 = LINE('',#4303,#4302);
#4305 = VERTEX_POINT('',#4303);
#4306 = EDGE_CURVE('',#4305,#4299,#4304,.T.);
#4307 = ORIENTED_EDGE('',*,*,#4306,.F.);
#4308 = VECTOR('',#149,1.);
#4309 = LINE('',#4303,#4308);
#4310 = CARTESIAN_POINT('',(-0.166170094,-25.566170094,4.007));
#4311 = VERTEX_POINT('',#4310);
#4312 = EDGE_CURVE('',#4305,#4311,#4309,.T.);
#4313 = ORIENTED_EDGE('',*,*,#4312,.T.);
#4314 = VECTOR('',#142,1.);
#4315 = LINE('',#4310,#4314);
#4316 = CARTESIAN_POINT('',(0.,-25.635,4.007));
#4317 = VERTEX_POINT('',#4316);
#4318 = EDGE_CURVE('',#4311,#4317,#4315,.T.);
#4319 = ORIENTED_EDGE('',*,*,#4318,.T.);
#4320 = VECTOR('',#134,1.);
#4321 = LINE('',#4316,#4320);
#4322 = CARTESIAN_POINT('',(0.166170094,-25.566170094,4.007));
#4323 = VERTEX_POINT('',#4322);
#4324 = EDGE_CURVE('',#4317,#4323,#4321,.T.);
#4325 = ORIENTED_EDGE('',*,*,#4324,.T.);
#4326 = VECTOR('',#156,1.);
#4327 = LINE('',#4322,#4326);
#4328 = EDGE_CURVE('',#4323,#4287,#4327,.T.);
#4329 = ORIENTED_EDGE('',*,*,#4328,.T.);
#4330 = EDGE_LOOP('',(#4289,#4295,#4301,#4307,#4313,#4319,#4325,#4329));
#4331 = FACE_OUTER_BOUND('',#4330,.T.);
#4332 = ADVANCED_FACE('',(#4331),#4282,.T.);
#4333 = AXIS2_PLACEMENT_3D('',#4269,#134,#20);
#4334 = PLANE('',#4333);
#4335 = ORIENTED_EDGE('',*,*,#4271,.F.);
#4336 = VECTOR('',#16,1.);
#4337 = LINE('',#4263,#4336);
#4338 = EDGE_CURVE('',#4264,#4286,#4337,.T.);
#4339 = ORIENTED_EDGE('',*,*,#4338,.T.);
#4340 = ORIENTED_EDGE('',*,*,#4288,.T.);
#4341 = VECTOR('',#16,1.);
#4342 = LINE('',#4269,#4341);
#4343 = EDGE_CURVE('',#4270,#4287,#4342,.T.);
#4344 = ORIENTED_EDGE('',*,*,#4343,.F.);
#4345 = EDGE_LOOP('',(#4335,#4339,#4340,#4344));
#4346 = FACE_OUTER_BOUND('',#4345,.T.);
#4347 = ADVANCED_FACE('',(#4346),#4334,.T.);
#4348 = AXIS2_PLACEMENT_3D('',#4263,#156,#16);
#4349 = PLANE('',#4348);
#4350 = ORIENTED_EDGE('',*,*,#4265,.F.);
#4351 = VECTOR('',#16,1.);
#4352 = LINE('',#4257,#4351);
#4353 = EDGE_CURVE('',#4258,#4293,#4352,.T.);
#4354 = ORIENTED_EDGE('',*,*,#4353,.T.);
#4355 = ORIENTED_EDGE('',*,*,#4294,.T.);
#4356 = ORIENTED_EDGE('',*,*,#4338,.F.);
#4357 = EDGE_LOOP('',(#4350,#4354,#4355,#4356));
#4358 = FACE_OUTER_BOUND('',#4357,.T.);
#4359 = ADVANCED_FACE('',(#4358),#4349,.T.);
#4360 = AXIS2_PLACEMENT_3D('',#4257,#268,#16);
#4361 = PLANE('',#4360);
#4362 = ORIENTED_EDGE('',*,*,#4259,.F.);
#4363 = VECTOR('',#16,1.);
#4364 = LINE('',#4251,#4363);
#4365 = EDGE_CURVE('',#4252,#4299,#4364,.T.);
#4366 = ORIENTED_EDGE('',*,*,#4365,.T.);
#4367 = ORIENTED_EDGE('',*,*,#4300,.T.);
#4368 = ORIENTED_EDGE('',*,*,#4353,.F.);
#4369 = EDGE_LOOP('',(#4362,#4366,#4367,#4368));
#4370 = FACE_OUTER_BOUND('',#4369,.T.);
#4371 = ADVANCED_FACE('',(#4370),#4361,.T.);
#4372 = AXIS2_PLACEMENT_3D('',#4251,#281,#16);
#4373 = PLANE('',#4372);
#4374 = ORIENTED_EDGE('',*,*,#4253,.F.);
#4375 = VECTOR('',#16,1.);
#4376 = LINE('',#4244,#4375);
#4377 = EDGE_CURVE('',#4246,#4305,#4376,.T.);
#4378 = ORIENTED_EDGE('',*,*,#4377,.T.);
#4379 = ORIENTED_EDGE('',*,*,#4306,.T.);
#4380 = ORIENTED_EDGE('',*,*,#4365,.F.);
#4381 = EDGE_LOOP('',(#4374,#4378,#4379,#4380));
#4382 = FACE_OUTER_BOUND('',#4381,.T.);
#4383 = ADVANCED_FACE('',(#4382),#4373,.T.);
#4384 = AXIS2_PLACEMENT_3D('',#4244,#294,#16);
#4385 = PLANE('',#4384);
#4386 = ORIENTED_EDGE('',*,*,#4247,.T.);
#4387 = VECTOR('',#16,1.);
#4388 = LINE('',#4238,#4387);
#4389 = EDGE_CURVE('',#4240,#4311,#4388,.T.);
#4390 = ORIENTED_EDGE('',*,*,#4389,.T.);
#4391 = ORIENTED_EDGE('',*,*,#4312,.F.);
#4392 = ORIENTED_EDGE('',*,*,#4377,.F.);
#4393 = EDGE_LOOP('',(#4386,#4390,#4391,#4392));
#4394 = FACE_OUTER_BOUND('',#4393,.T.);
#4395 = ADVANCED_FACE('',(#4394),#4385,.T.);
#4396 = AXIS2_PLACEMENT_3D('',#4238,#307,#20);
#4397 = PLANE('',#4396);
#4398 = ORIENTED_EDGE('',*,*,#4241,.T.);
#4399 = VECTOR('',#16,1.);
#4400 = LINE('',#4231,#4399);
#4401 = EDGE_CURVE('',#4233,#4317,#4400,.T.);
#4402 = ORIENTED_EDGE('',*,*,#4401,.T.);
#4403 = ORIENTED_EDGE('',*,*,#4318,.F.);
#4404 = ORIENTED_EDGE('',*,*,#4389,.F.);
#4405 = EDGE_LOOP('',(#4398,#4402,#4403,#4404));
#4406 = FACE_OUTER_BOUND('',#4405,.T.);
#4407 = ADVANCED_FACE('',(#4406),#4397,.T.);
#4408 = AXIS2_PLACEMENT_3D('',#4231,#149,#20);
#4409 = PLANE('',#4408);
#4410 = ORIENTED_EDGE('',*,*,#4235,.T.);
#4411 = VECTOR('',#16,1.);
#4412 = LINE('',#4227,#4411);
#4413 = EDGE_CURVE('',#4234,#4323,#4412,.T.);
#4414 = ORIENTED_EDGE('',*,*,#4413,.T.);
#4415 = ORIENTED_EDGE('',*,*,#4324,.F.);
#4416 = ORIENTED_EDGE('',*,*,#4401,.F.);
#4417 = EDGE_LOOP('',(#4410,#4414,#4415,#4416));
#4418 = FACE_OUTER_BOUND('',#4417,.T.);
#4419 = ADVANCED_FACE('',(#4418),#4409,.T.);
#4420 = AXIS2_PLACEMENT_3D('',#4227,#142,#20);
#4421 = PLANE('',#4420);
#4422 = ORIENTED_EDGE('',*,*,#4275,.T.);
#4423 = ORIENTED_EDGE('',*,*,#4343,.T.);
#4424 = ORIENTED_EDGE('',*,*,#4328,.F.);
#4425 = ORIENTED_EDGE('',*,*,#4413,.F.);
#4426 = EDGE_LOOP('',(#4422,#4423,#4424,#4425));
#4427 = FACE_OUTER_BOUND('',#4426,.T.);
#4428 = ADVANCED_FACE('',(#4427),#4421,.T.);
#4429 = CLOSED_SHELL('',(#4279,#4332,#4347,#4359,#4371,#4383,#4395,#4407,#4419,#4428));
#4430 = MANIFOLD_SOLID_BREP('contact',#4429);
#4431 = CARTESIAN_POINT('',(0.229809704,-25.629809704,8.057));
#4432 = AXIS2_PLACEMENT_3D('',#4431,#20,#21);
#4433 = PLANE('',#4432);
#4434 = VECTOR('',#346,1.);
#4435 = CARTESIAN_POINT('',(0.,-25.725,8.057));
#4436 = LINE('',#4435,#4434);
#4437 = VERTEX_POINT('',#4435);
#4438 = VERTEX_POINT('',#4431);
#4439 = EDGE_CURVE('',#4437,#4438,#4436,.T.);
#4440 = ORIENTED_EDGE('',*,*,#4439,.F.);
#4441 = VECTOR('',#354,1.);
#4442 = CARTESIAN_POINT('',(-0.229809704,-25.629809704,8.057));
#4443 = LINE('',#4442,#4441);
#4444 = VERTEX_POINT('',#4442);
#4445 = EDGE_CURVE('',#4444,#4437,#4443,.T.);
#4446 = ORIENTED_EDGE('',*,*,#4445,.F.);
#4447 = VECTOR('',#361,1.);
#4448 = CARTESIAN_POINT('',(-0.325,-25.4,8.057));
#4449 = LINE('',#4448,#4447);
#4450 = VERTEX_POINT('',#4448);
#4451 = EDGE_CURVE('',#4450,#4444,#4449,.T.);
#4452 = ORIENTED_EDGE('',*,*,#4451,.F.);
#4453 = VECTOR('',#368,1.);
#4454 = LINE('',#4448,#4453);
#4455 = CARTESIAN_POINT('',(-0.229809704,-25.170190296,8.057));
#4456 = VERTEX_POINT('',#4455);
#4457 = EDGE_CURVE('',#4450,#4456,#4454,.T.);
#4458 = ORIENTED_EDGE('',*,*,#4457,.T.);
#4459 = VECTOR('',#346,1.);
#4460 = LINE('',#4455,#4459);
#4461 = CARTESIAN_POINT('',(0.,-25.075,8.057));
#4462 = VERTEX_POINT('',#4461);
#4463 = EDGE_CURVE('',#4456,#4462,#4460,.T.);
#4464 = ORIENTED_EDGE('',*,*,#4463,.T.);
#4465 = VECTOR('',#354,1.);
#4466 = LINE('',#4461,#4465);
#4467 = CARTESIAN_POINT('',(0.229809704,-25.170190296,8.057));
#4468 = VERTEX_POINT('',#4467);
#4469 = EDGE_CURVE('',#4462,#4468,#4466,.T.);
#4470 = ORIENTED_EDGE('',*,*,#4469,.T.);
#4471 = VECTOR('',#361,1.);
#4472 = LINE('',#4467,#4471);
#4473 = CARTESIAN_POINT('',(0.325,-25.4,8.057));
#4474 = VERTEX_POINT('',#4473);
#4475 = EDGE_CURVE('',#4468,#4474,#4472,.T.);
#4476 = ORIENTED_EDGE('',*,*,#4475,.T.);
#4477 = VECTOR('',#368,1.);
#4478 = LINE('',#4431,#4477);
#4479 = EDGE_CURVE('',#4438,#4474,#4478,.T.);
#4480 = ORIENTED_EDGE('',*,*,#4479,.F.);
#4481 = EDGE_LOOP('',(#4440,#4446,#4452,#4458,#4464,#4470,#4476,#4480));
#4482 = FACE_OUTER_BOUND('',#4481,.T.);
#4483 = ADVANCED_FACE('',(#4482),#4433,.T.);
#4484 = CARTESIAN_POINT('',(0.325,-25.4,10.157));
#4485 = AXIS2_PLACEMENT_3D('',#4484,#16,#51);
#4486 = PLANE('',#4485);
#4487 = VECTOR('',#361,1.);
#4488 = CARTESIAN_POINT('',(0.229809704,-25.170190296,10.157));
#4489 = LINE('',#4488,#4487);
#4490 = VERTEX_POINT('',#4488);
#4491 = VERTEX_POINT('',#4484);
#4492 = EDGE_CURVE('',#4490,#4491,#4489,.T.);
#4493 = ORIENTED_EDGE('',*,*,#4492,.F.);
#4494 = VECTOR('',#354,1.);
#4495 = CARTESIAN_POINT('',(0.,-25.075,10.157));
#4496 = LINE('',#4495,#4494);
#4497 = VERTEX_POINT('',#4495);
#4498 = EDGE_CURVE('',#4497,#4490,#4496,.T.);
#4499 = ORIENTED_EDGE('',*,*,#4498,.F.);
#4500 = VECTOR('',#346,1.);
#4501 = CARTESIAN_POINT('',(-0.229809704,-25.170190296,10.157));
#4502 = LINE('',#4501,#4500);
#4503 = VERTEX_POINT('',#4501);
#4504 = EDGE_CURVE('',#4503,#4497,#4502,.T.);
#4505 = ORIENTED_EDGE('',*,*,#4504,.F.);
#4506 = VECTOR('',#368,1.);
#4507 = CARTESIAN_POINT('',(-0.325,-25.4,10.157));
#4508 = LINE('',#4507,#4506);
#4509 = VERTEX_POINT('',#4507);
#4510 = EDGE_CURVE('',#4509,#4503,#4508,.T.);
#4511 = ORIENTED_EDGE('',*,*,#4510,.F.);
#4512 = VECTOR('',#361,1.);
#4513 = LINE('',#4507,#4512);
#4514 = CARTESIAN_POINT('',(-0.229809704,-25.629809704,10.157));
#4515 = VERTEX_POINT('',#4514);
#4516 = EDGE_CURVE('',#4509,#4515,#4513,.T.);
#4517 = ORIENTED_EDGE('',*,*,#4516,.T.);
#4518 = VECTOR('',#354,1.);
#4519 = LINE('',#4514,#4518);
#4520 = CARTESIAN_POINT('',(0.,-25.725,10.157));
#4521 = VERTEX_POINT('',#4520);
#4522 = EDGE_CURVE('',#4515,#4521,#4519,.T.);
#4523 = ORIENTED_EDGE('',*,*,#4522,.T.);
#4524 = VECTOR('',#346,1.);
#4525 = LINE('',#4520,#4524);
#4526 = CARTESIAN_POINT('',(0.229809704,-25.629809704,10.157));
#4527 = VERTEX_POINT('',#4526);
#4528 = EDGE_CURVE('',#4521,#4527,#4525,.T.);
#4529 = ORIENTED_EDGE('',*,*,#4528,.T.);
#4530 = VECTOR('',#368,1.);
#4531 = LINE('',#4526,#4530);
#4532 = EDGE_CURVE('',#4527,#4491,#4531,.T.);
#4533 = ORIENTED_EDGE('',*,*,#4532,.T.);
#4534 = EDGE_LOOP('',(#4493,#4499,#4505,#4511,#4517,#4523,#4529,#4533));
#4535 = FACE_OUTER_BOUND('',#4534,.T.);
#4536 = ADVANCED_FACE('',(#4535),#4486,.T.);
#4537 = AXIS2_PLACEMENT_3D('',#4473,#346,#20);
#4538 = PLANE('',#4537);
#4539 = ORIENTED_EDGE('',*,*,#4475,.F.);
#4540 = VECTOR('',#16,1.);
#4541 = LINE('',#4467,#4540);
#4542 = EDGE_CURVE('',#4468,#4490,#4541,.T.);
#4543 = ORIENTED_EDGE('',*,*,#4542,.T.);
#4544 = ORIENTED_EDGE('',*,*,#4492,.T.);
#4545 = VECTOR('',#16,1.);
#4546 = LINE('',#4473,#4545);
#4547 = EDGE_CURVE('',#4474,#4491,#4546,.T.);
#4548 = ORIENTED_EDGE('',*,*,#4547,.F.);
#4549 = EDGE_LOOP('',(#4539,#4543,#4544,#4548));
#4550 = FACE_OUTER_BOUND('',#4549,.T.);
#4551 = ADVANCED_FACE('',(#4550),#4538,.T.);
#4552 = AXIS2_PLACEMENT_3D('',#4467,#368,#16);
#4553 = PLANE('',#4552);
#4554 = ORIENTED_EDGE('',*,*,#4469,.F.);
#4555 = VECTOR('',#16,1.);
#4556 = LINE('',#4461,#4555);
#4557 = EDGE_CURVE('',#4462,#4497,#4556,.T.);
#4558 = ORIENTED_EDGE('',*,*,#4557,.T.);
#4559 = ORIENTED_EDGE('',*,*,#4498,.T.);
#4560 = ORIENTED_EDGE('',*,*,#4542,.F.);
#4561 = EDGE_LOOP('',(#4554,#4558,#4559,#4560));
#4562 = FACE_OUTER_BOUND('',#4561,.T.);
#4563 = ADVANCED_FACE('',(#4562),#4553,.T.);
#4564 = AXIS2_PLACEMENT_3D('',#4461,#480,#16);
#4565 = PLANE('',#4564);
#4566 = ORIENTED_EDGE('',*,*,#4463,.F.);
#4567 = VECTOR('',#16,1.);
#4568 = LINE('',#4455,#4567);
#4569 = EDGE_CURVE('',#4456,#4503,#4568,.T.);
#4570 = ORIENTED_EDGE('',*,*,#4569,.T.);
#4571 = ORIENTED_EDGE('',*,*,#4504,.T.);
#4572 = ORIENTED_EDGE('',*,*,#4557,.F.);
#4573 = EDGE_LOOP('',(#4566,#4570,#4571,#4572));
#4574 = FACE_OUTER_BOUND('',#4573,.T.);
#4575 = ADVANCED_FACE('',(#4574),#4565,.T.);
#4576 = AXIS2_PLACEMENT_3D('',#4455,#493,#16);
#4577 = PLANE('',#4576);
#4578 = ORIENTED_EDGE('',*,*,#4457,.F.);
#4579 = VECTOR('',#16,1.);
#4580 = LINE('',#4448,#4579);
#4581 = EDGE_CURVE('',#4450,#4509,#4580,.T.);
#4582 = ORIENTED_EDGE('',*,*,#4581,.T.);
#4583 = ORIENTED_EDGE('',*,*,#4510,.T.);
#4584 = ORIENTED_EDGE('',*,*,#4569,.F.);
#4585 = EDGE_LOOP('',(#4578,#4582,#4583,#4584));
#4586 = FACE_OUTER_BOUND('',#4585,.T.);
#4587 = ADVANCED_FACE('',(#4586),#4577,.T.);
#4588 = AXIS2_PLACEMENT_3D('',#4448,#506,#16);
#4589 = PLANE('',#4588);
#4590 = ORIENTED_EDGE('',*,*,#4451,.T.);
#4591 = VECTOR('',#16,1.);
#4592 = LINE('',#4442,#4591);
#4593 = EDGE_CURVE('',#4444,#4515,#4592,.T.);
#4594 = ORIENTED_EDGE('',*,*,#4593,.T.);
#4595 = ORIENTED_EDGE('',*,*,#4516,.F.);
#4596 = ORIENTED_EDGE('',*,*,#4581,.F.);
#4597 = EDGE_LOOP('',(#4590,#4594,#4595,#4596));
#4598 = FACE_OUTER_BOUND('',#4597,.T.);
#4599 = ADVANCED_FACE('',(#4598),#4589,.T.);
#4600 = AXIS2_PLACEMENT_3D('',#4442,#519,#20);
#4601 = PLANE('',#4600);
#4602 = ORIENTED_EDGE('',*,*,#4445,.T.);
#4603 = VECTOR('',#16,1.);
#4604 = LINE('',#4435,#4603);
#4605 = EDGE_CURVE('',#4437,#4521,#4604,.T.);
#4606 = ORIENTED_EDGE('',*,*,#4605,.T.);
#4607 = ORIENTED_EDGE('',*,*,#4522,.F.);
#4608 = ORIENTED_EDGE('',*,*,#4593,.F.);
#4609 = EDGE_LOOP('',(#4602,#4606,#4607,#4608));
#4610 = FACE_OUTER_BOUND('',#4609,.T.);
#4611 = ADVANCED_FACE('',(#4610),#4601,.T.);
#4612 = AXIS2_PLACEMENT_3D('',#4435,#361,#20);
#4613 = PLANE('',#4612);
#4614 = ORIENTED_EDGE('',*,*,#4439,.T.);
#4615 = VECTOR('',#16,1.);
#4616 = LINE('',#4431,#4615);
#4617 = EDGE_CURVE('',#4438,#4527,#4616,.T.);
#4618 = ORIENTED_EDGE('',*,*,#4617,.T.);
#4619 = ORIENTED_EDGE('',*,*,#4528,.F.);
#4620 = ORIENTED_EDGE('',*,*,#4605,.F.);
#4621 = EDGE_LOOP('',(#4614,#4618,#4619,#4620));
#4622 = FACE_OUTER_BOUND('',#4621,.T.);
#4623 = ADVANCED_FACE('',(#4622),#4613,.T.);
#4624 = AXIS2_PLACEMENT_3D('',#4431,#354,#20);
#4625 = PLANE('',#4624);
#4626 = ORIENTED_EDGE('',*,*,#4479,.T.);
#4627 = ORIENTED_EDGE('',*,*,#4547,.T.);
#4628 = ORIENTED_EDGE('',*,*,#4532,.F.);
#4629 = ORIENTED_EDGE('',*,*,#4617,.F.);
#4630 = EDGE_LOOP('',(#4626,#4627,#4628,#4629));
#4631 = FACE_OUTER_BOUND('',#4630,.T.);
#4632 = ADVANCED_FACE('',(#4631),#4625,.T.);
#4633 = CLOSED_SHELL('',(#4483,#4536,#4551,#4563,#4575,#4587,#4599,#4611,#4623,#4632));
#4634 = MANIFOLD_SOLID_BREP('lead',#4633);
#4635 = CARTESIAN_POINT('',(0.166170094,-28.106170094,0.007));
#4636 = AXIS2_PLACEMENT_3D('',#4635,#20,#21);
#4637 = PLANE('',#4636);
#4638 = VECTOR('',#134,1.);
#4639 = CARTESIAN_POINT('',(0.,-28.175,0.007));
#4640 = LINE('',#4639,#4638);
#4641 = VERTEX_POINT('',#4639);
#4642 = VERTEX_POINT('',#4635);
#4643 = EDGE_CURVE('',#4641,#4642,#4640,.T.);
#4644 = ORIENTED_EDGE('',*,*,#4643,.F.);
#4645 = VECTOR('',#142,1.);
#4646 = CARTESIAN_POINT('',(-0.166170094,-28.106170094,0.007));
#4647 = LINE('',#4646,#4645);
#4648 = VERTEX_POINT('',#4646);
#4649 = EDGE_CURVE('',#4648,#4641,#4647,.T.);
#4650 = ORIENTED_EDGE('',*,*,#4649,.F.);
#4651 = VECTOR('',#149,1.);
#4652 = CARTESIAN_POINT('',(-0.235,-27.94,0.007));
#4653 = LINE('',#4652,#4651);
#4654 = VERTEX_POINT('',#4652);
#4655 = EDGE_CURVE('',#4654,#4648,#4653,.T.);
#4656 = ORIENTED_EDGE('',*,*,#4655,.F.);
#4657 = VECTOR('',#156,1.);
#4658 = LINE('',#4652,#4657);
#4659 = CARTESIAN_POINT('',(-0.166170094,-27.773829906,0.007));
#4660 = VERTEX_POINT('',#4659);
#4661 = EDGE_CURVE('',#4654,#4660,#4658,.T.);
#4662 = ORIENTED_EDGE('',*,*,#4661,.T.);
#4663 = VECTOR('',#134,1.);
#4664 = LINE('',#4659,#4663);
#4665 = CARTESIAN_POINT('',(0.,-27.705,0.007));
#4666 = VERTEX_POINT('',#4665);
#4667 = EDGE_CURVE('',#4660,#4666,#4664,.T.);
#4668 = ORIENTED_EDGE('',*,*,#4667,.T.);
#4669 = VECTOR('',#142,1.);
#4670 = LINE('',#4665,#4669);
#4671 = CARTESIAN_POINT('',(0.166170094,-27.773829906,0.007));
#4672 = VERTEX_POINT('',#4671);
#4673 = EDGE_CURVE('',#4666,#4672,#4670,.T.);
#4674 = ORIENTED_EDGE('',*,*,#4673,.T.);
#4675 = VECTOR('',#149,1.);
#4676 = LINE('',#4671,#4675);
#4677 = CARTESIAN_POINT('',(0.235,-27.94,0.007));
#4678 = VERTEX_POINT('',#4677);
#4679 = EDGE_CURVE('',#4672,#4678,#4676,.T.);
#4680 = ORIENTED_EDGE('',*,*,#4679,.T.);
#4681 = VECTOR('',#156,1.);
#4682 = LINE('',#4635,#4681);
#4683 = EDGE_CURVE('',#4642,#4678,#4682,.T.);
#4684 = ORIENTED_EDGE('',*,*,#4683,.F.);
#4685 = EDGE_LOOP('',(#4644,#4650,#4656,#4662,#4668,#4674,#4680,#4684));
#4686 = FACE_OUTER_BOUND('',#4685,.T.);
#4687 = ADVANCED_FACE('',(#4686),#4637,.T.);
#4688 = CARTESIAN_POINT('',(0.235,-27.94,4.007));
#4689 = AXIS2_PLACEMENT_3D('',#4688,#16,#51);
#4690 = PLANE('',#4689);
#4691 = VECTOR('',#149,1.);
#4692 = CARTESIAN_POINT('',(0.166170094,-27.773829906,4.007));
#4693 = LINE('',#4692,#4691);
#4694 = VERTEX_POINT('',#4692);
#4695 = VERTEX_POINT('',#4688);
#4696 = EDGE_CURVE('',#4694,#4695,#4693,.T.);
#4697 = ORIENTED_EDGE('',*,*,#4696,.F.);
#4698 = VECTOR('',#142,1.);
#4699 = CARTESIAN_POINT('',(0.,-27.705,4.007));
#4700 = LINE('',#4699,#4698);
#4701 = VERTEX_POINT('',#4699);
#4702 = EDGE_CURVE('',#4701,#4694,#4700,.T.);
#4703 = ORIENTED_EDGE('',*,*,#4702,.F.);
#4704 = VECTOR('',#134,1.);
#4705 = CARTESIAN_POINT('',(-0.166170094,-27.773829906,4.007));
#4706 = LINE('',#4705,#4704);
#4707 = VERTEX_POINT('',#4705);
#4708 = EDGE_CURVE('',#4707,#4701,#4706,.T.);
#4709 = ORIENTED_EDGE('',*,*,#4708,.F.);
#4710 = VECTOR('',#156,1.);
#4711 = CARTESIAN_POINT('',(-0.235,-27.94,4.007));
#4712 = LINE('',#4711,#4710);
#4713 = VERTEX_POINT('',#4711);
#4714 = EDGE_CURVE('',#4713,#4707,#4712,.T.);
#4715 = ORIENTED_EDGE('',*,*,#4714,.F.);
#4716 = VECTOR('',#149,1.);
#4717 = LINE('',#4711,#4716);
#4718 = CARTESIAN_POINT('',(-0.166170094,-28.106170094,4.007));
#4719 = VERTEX_POINT('',#4718);
#4720 = EDGE_CURVE('',#4713,#4719,#4717,.T.);
#4721 = ORIENTED_EDGE('',*,*,#4720,.T.);
#4722 = VECTOR('',#142,1.);
#4723 = LINE('',#4718,#4722);
#4724 = CARTESIAN_POINT('',(0.,-28.175,4.007));
#4725 = VERTEX_POINT('',#4724);
#4726 = EDGE_CURVE('',#4719,#4725,#4723,.T.);
#4727 = ORIENTED_EDGE('',*,*,#4726,.T.);
#4728 = VECTOR('',#134,1.);
#4729 = LINE('',#4724,#4728);
#4730 = CARTESIAN_POINT('',(0.166170094,-28.106170094,4.007));
#4731 = VERTEX_POINT('',#4730);
#4732 = EDGE_CURVE('',#4725,#4731,#4729,.T.);
#4733 = ORIENTED_EDGE('',*,*,#4732,.T.);
#4734 = VECTOR('',#156,1.);
#4735 = LINE('',#4730,#4734);
#4736 = EDGE_CURVE('',#4731,#4695,#4735,.T.);
#4737 = ORIENTED_EDGE('',*,*,#4736,.T.);
#4738 = EDGE_LOOP('',(#4697,#4703,#4709,#4715,#4721,#4727,#4733,#4737));
#4739 = FACE_OUTER_BOUND('',#4738,.T.);
#4740 = ADVANCED_FACE('',(#4739),#4690,.T.);
#4741 = AXIS2_PLACEMENT_3D('',#4677,#134,#20);
#4742 = PLANE('',#4741);
#4743 = ORIENTED_EDGE('',*,*,#4679,.F.);
#4744 = VECTOR('',#16,1.);
#4745 = LINE('',#4671,#4744);
#4746 = EDGE_CURVE('',#4672,#4694,#4745,.T.);
#4747 = ORIENTED_EDGE('',*,*,#4746,.T.);
#4748 = ORIENTED_EDGE('',*,*,#4696,.T.);
#4749 = VECTOR('',#16,1.);
#4750 = LINE('',#4677,#4749);
#4751 = EDGE_CURVE('',#4678,#4695,#4750,.T.);
#4752 = ORIENTED_EDGE('',*,*,#4751,.F.);
#4753 = EDGE_LOOP('',(#4743,#4747,#4748,#4752));
#4754 = FACE_OUTER_BOUND('',#4753,.T.);
#4755 = ADVANCED_FACE('',(#4754),#4742,.T.);
#4756 = AXIS2_PLACEMENT_3D('',#4671,#156,#16);
#4757 = PLANE('',#4756);
#4758 = ORIENTED_EDGE('',*,*,#4673,.F.);
#4759 = VECTOR('',#16,1.);
#4760 = LINE('',#4665,#4759);
#4761 = EDGE_CURVE('',#4666,#4701,#4760,.T.);
#4762 = ORIENTED_EDGE('',*,*,#4761,.T.);
#4763 = ORIENTED_EDGE('',*,*,#4702,.T.);
#4764 = ORIENTED_EDGE('',*,*,#4746,.F.);
#4765 = EDGE_LOOP('',(#4758,#4762,#4763,#4764));
#4766 = FACE_OUTER_BOUND('',#4765,.T.);
#4767 = ADVANCED_FACE('',(#4766),#4757,.T.);
#4768 = AXIS2_PLACEMENT_3D('',#4665,#268,#16);
#4769 = PLANE('',#4768);
#4770 = ORIENTED_EDGE('',*,*,#4667,.F.);
#4771 = VECTOR('',#16,1.);
#4772 = LINE('',#4659,#4771);
#4773 = EDGE_CURVE('',#4660,#4707,#4772,.T.);
#4774 = ORIENTED_EDGE('',*,*,#4773,.T.);
#4775 = ORIENTED_EDGE('',*,*,#4708,.T.);
#4776 = ORIENTED_EDGE('',*,*,#4761,.F.);
#4777 = EDGE_LOOP('',(#4770,#4774,#4775,#4776));
#4778 = FACE_OUTER_BOUND('',#4777,.T.);
#4779 = ADVANCED_FACE('',(#4778),#4769,.T.);
#4780 = AXIS2_PLACEMENT_3D('',#4659,#281,#16);
#4781 = PLANE('',#4780);
#4782 = ORIENTED_EDGE('',*,*,#4661,.F.);
#4783 = VECTOR('',#16,1.);
#4784 = LINE('',#4652,#4783);
#4785 = EDGE_CURVE('',#4654,#4713,#4784,.T.);
#4786 = ORIENTED_EDGE('',*,*,#4785,.T.);
#4787 = ORIENTED_EDGE('',*,*,#4714,.T.);
#4788 = ORIENTED_EDGE('',*,*,#4773,.F.);
#4789 = EDGE_LOOP('',(#4782,#4786,#4787,#4788));
#4790 = FACE_OUTER_BOUND('',#4789,.T.);
#4791 = ADVANCED_FACE('',(#4790),#4781,.T.);
#4792 = AXIS2_PLACEMENT_3D('',#4652,#294,#16);
#4793 = PLANE('',#4792);
#4794 = ORIENTED_EDGE('',*,*,#4655,.T.);
#4795 = VECTOR('',#16,1.);
#4796 = LINE('',#4646,#4795);
#4797 = EDGE_CURVE('',#4648,#4719,#4796,.T.);
#4798 = ORIENTED_EDGE('',*,*,#4797,.T.);
#4799 = ORIENTED_EDGE('',*,*,#4720,.F.);
#4800 = ORIENTED_EDGE('',*,*,#4785,.F.);
#4801 = EDGE_LOOP('',(#4794,#4798,#4799,#4800));
#4802 = FACE_OUTER_BOUND('',#4801,.T.);
#4803 = ADVANCED_FACE('',(#4802),#4793,.T.);
#4804 = AXIS2_PLACEMENT_3D('',#4646,#307,#20);
#4805 = PLANE('',#4804);
#4806 = ORIENTED_EDGE('',*,*,#4649,.T.);
#4807 = VECTOR('',#16,1.);
#4808 = LINE('',#4639,#4807);
#4809 = EDGE_CURVE('',#4641,#4725,#4808,.T.);
#4810 = ORIENTED_EDGE('',*,*,#4809,.T.);
#4811 = ORIENTED_EDGE('',*,*,#4726,.F.);
#4812 = ORIENTED_EDGE('',*,*,#4797,.F.);
#4813 = EDGE_LOOP('',(#4806,#4810,#4811,#4812));
#4814 = FACE_OUTER_BOUND('',#4813,.T.);
#4815 = ADVANCED_FACE('',(#4814),#4805,.T.);
#4816 = AXIS2_PLACEMENT_3D('',#4639,#149,#20);
#4817 = PLANE('',#4816);
#4818 = ORIENTED_EDGE('',*,*,#4643,.T.);
#4819 = VECTOR('',#16,1.);
#4820 = LINE('',#4635,#4819);
#4821 = EDGE_CURVE('',#4642,#4731,#4820,.T.);
#4822 = ORIENTED_EDGE('',*,*,#4821,.T.);
#4823 = ORIENTED_EDGE('',*,*,#4732,.F.);
#4824 = ORIENTED_EDGE('',*,*,#4809,.F.);
#4825 = EDGE_LOOP('',(#4818,#4822,#4823,#4824));
#4826 = FACE_OUTER_BOUND('',#4825,.T.);
#4827 = ADVANCED_FACE('',(#4826),#4817,.T.);
#4828 = AXIS2_PLACEMENT_3D('',#4635,#142,#20);
#4829 = PLANE('',#4828);
#4830 = ORIENTED_EDGE('',*,*,#4683,.T.);
#4831 = ORIENTED_EDGE('',*,*,#4751,.T.);
#4832 = ORIENTED_EDGE('',*,*,#4736,.F.);
#4833 = ORIENTED_EDGE('',*,*,#4821,.F.);
#4834 = EDGE_LOOP('',(#4830,#4831,#4832,#4833));
#4835 = FACE_OUTER_BOUND('',#4834,.T.);
#4836 = ADVANCED_FACE('',(#4835),#4829,.T.);
#4837 = CLOSED_SHELL('',(#4687,#4740,#4755,#4767,#4779,#4791,#4803,#4815,#4827,#4836));
#4838 = MANIFOLD_SOLID_BREP('contact',#4837);
#4839 = CARTESIAN_POINT('',(0.229809704,-28.169809704,8.057));
#4840 = AXIS2_PLACEMENT_3D('',#4839,#20,#21);
#4841 = PLANE('',#4840);
#4842 = VECTOR('',#346,1.);
#4843 = CARTESIAN_POINT('',(0.,-28.265,8.057));
#4844 = LINE('',#4843,#4842);
#4845 = VERTEX_POINT('',#4843);
#4846 = VERTEX_POINT('',#4839);
#4847 = EDGE_CURVE('',#4845,#4846,#4844,.T.);
#4848 = ORIENTED_EDGE('',*,*,#4847,.F.);
#4849 = VECTOR('',#354,1.);
#4850 = CARTESIAN_POINT('',(-0.229809704,-28.169809704,8.057));
#4851 = LINE('',#4850,#4849);
#4852 = VERTEX_POINT('',#4850);
#4853 = EDGE_CURVE('',#4852,#4845,#4851,.T.);
#4854 = ORIENTED_EDGE('',*,*,#4853,.F.);
#4855 = VECTOR('',#361,1.);
#4856 = CARTESIAN_POINT('',(-0.325,-27.94,8.057));
#4857 = LINE('',#4856,#4855);
#4858 = VERTEX_POINT('',#4856);
#4859 = EDGE_CURVE('',#4858,#4852,#4857,.T.);
#4860 = ORIENTED_EDGE('',*,*,#4859,.F.);
#4861 = VECTOR('',#368,1.);
#4862 = LINE('',#4856,#4861);
#4863 = CARTESIAN_POINT('',(-0.229809704,-27.710190296,8.057));
#4864 = VERTEX_POINT('',#4863);
#4865 = EDGE_CURVE('',#4858,#4864,#4862,.T.);
#4866 = ORIENTED_EDGE('',*,*,#4865,.T.);
#4867 = VECTOR('',#346,1.);
#4868 = LINE('',#4863,#4867);
#4869 = CARTESIAN_POINT('',(0.,-27.615,8.057));
#4870 = VERTEX_POINT('',#4869);
#4871 = EDGE_CURVE('',#4864,#4870,#4868,.T.);
#4872 = ORIENTED_EDGE('',*,*,#4871,.T.);
#4873 = VECTOR('',#354,1.);
#4874 = LINE('',#4869,#4873);
#4875 = CARTESIAN_POINT('',(0.229809704,-27.710190296,8.057));
#4876 = VERTEX_POINT('',#4875);
#4877 = EDGE_CURVE('',#4870,#4876,#4874,.T.);
#4878 = ORIENTED_EDGE('',*,*,#4877,.T.);
#4879 = VECTOR('',#361,1.);
#4880 = LINE('',#4875,#4879);
#4881 = CARTESIAN_POINT('',(0.325,-27.94,8.057));
#4882 = VERTEX_POINT('',#4881);
#4883 = EDGE_CURVE('',#4876,#4882,#4880,.T.);
#4884 = ORIENTED_EDGE('',*,*,#4883,.T.);
#4885 = VECTOR('',#368,1.);
#4886 = LINE('',#4839,#4885);
#4887 = EDGE_CURVE('',#4846,#4882,#4886,.T.);
#4888 = ORIENTED_EDGE('',*,*,#4887,.F.);
#4889 = EDGE_LOOP('',(#4848,#4854,#4860,#4866,#4872,#4878,#4884,#4888));
#4890 = FACE_OUTER_BOUND('',#4889,.T.);
#4891 = ADVANCED_FACE('',(#4890),#4841,.T.);
#4892 = CARTESIAN_POINT('',(0.325,-27.94,10.157));
#4893 = AXIS2_PLACEMENT_3D('',#4892,#16,#51);
#4894 = PLANE('',#4893);
#4895 = VECTOR('',#361,1.);
#4896 = CARTESIAN_POINT('',(0.229809704,-27.710190296,10.157));
#4897 = LINE('',#4896,#4895);
#4898 = VERTEX_POINT('',#4896);
#4899 = VERTEX_POINT('',#4892);
#4900 = EDGE_CURVE('',#4898,#4899,#4897,.T.);
#4901 = ORIENTED_EDGE('',*,*,#4900,.F.);
#4902 = VECTOR('',#354,1.);
#4903 = CARTESIAN_POINT('',(0.,-27.615,10.157));
#4904 = LINE('',#4903,#4902);
#4905 = VERTEX_POINT('',#4903);
#4906 = EDGE_CURVE('',#4905,#4898,#4904,.T.);
#4907 = ORIENTED_EDGE('',*,*,#4906,.F.);
#4908 = VECTOR('',#346,1.);
#4909 = CARTESIAN_POINT('',(-0.229809704,-27.710190296,10.157));
#4910 = LINE('',#4909,#4908);
#4911 = VERTEX_POINT('',#4909);
#4912 = EDGE_CURVE('',#4911,#4905,#4910,.T.);
#4913 = ORIENTED_EDGE('',*,*,#4912,.F.);
#4914 = VECTOR('',#368,1.);
#4915 = CARTESIAN_POINT('',(-0.325,-27.94,10.157));
#4916 = LINE('',#4915,#4914);
#4917 = VERTEX_POINT('',#4915);
#4918 = EDGE_CURVE('',#4917,#4911,#4916,.T.);
#4919 = ORIENTED_EDGE('',*,*,#4918,.F.);
#4920 = VECTOR('',#361,1.);
#4921 = LINE('',#4915,#4920);
#4922 = CARTESIAN_POINT('',(-0.229809704,-28.169809704,10.157));
#4923 = VERTEX_POINT('',#4922);
#4924 = EDGE_CURVE('',#4917,#4923,#4921,.T.);
#4925 = ORIENTED_EDGE('',*,*,#4924,.T.);
#4926 = VECTOR('',#354,1.);
#4927 = LINE('',#4922,#4926);
#4928 = CARTESIAN_POINT('',(0.,-28.265,10.157));
#4929 = VERTEX_POINT('',#4928);
#4930 = EDGE_CURVE('',#4923,#4929,#4927,.T.);
#4931 = ORIENTED_EDGE('',*,*,#4930,.T.);
#4932 = VECTOR('',#346,1.);
#4933 = LINE('',#4928,#4932);
#4934 = CARTESIAN_POINT('',(0.229809704,-28.169809704,10.157));
#4935 = VERTEX_POINT('',#4934);
#4936 = EDGE_CURVE('',#4929,#4935,#4933,.T.);
#4937 = ORIENTED_EDGE('',*,*,#4936,.T.);
#4938 = VECTOR('',#368,1.);
#4939 = LINE('',#4934,#4938);
#4940 = EDGE_CURVE('',#4935,#4899,#4939,.T.);
#4941 = ORIENTED_EDGE('',*,*,#4940,.T.);
#4942 = EDGE_LOOP('',(#4901,#4907,#4913,#4919,#4925,#4931,#4937,#4941));
#4943 = FACE_OUTER_BOUND('',#4942,.T.);
#4944 = ADVANCED_FACE('',(#4943),#4894,.T.);
#4945 = AXIS2_PLACEMENT_3D('',#4881,#346,#20);
#4946 = PLANE('',#4945);
#4947 = ORIENTED_EDGE('',*,*,#4883,.F.);
#4948 = VECTOR('',#16,1.);
#4949 = LINE('',#4875,#4948);
#4950 = EDGE_CURVE('',#4876,#4898,#4949,.T.);
#4951 = ORIENTED_EDGE('',*,*,#4950,.T.);
#4952 = ORIENTED_EDGE('',*,*,#4900,.T.);
#4953 = VECTOR('',#16,1.);
#4954 = LINE('',#4881,#4953);
#4955 = EDGE_CURVE('',#4882,#4899,#4954,.T.);
#4956 = ORIENTED_EDGE('',*,*,#4955,.F.);
#4957 = EDGE_LOOP('',(#4947,#4951,#4952,#4956));
#4958 = FACE_OUTER_BOUND('',#4957,.T.);
#4959 = ADVANCED_FACE('',(#4958),#4946,.T.);
#4960 = AXIS2_PLACEMENT_3D('',#4875,#368,#16);
#4961 = PLANE('',#4960);
#4962 = ORIENTED_EDGE('',*,*,#4877,.F.);
#4963 = VECTOR('',#16,1.);
#4964 = LINE('',#4869,#4963);
#4965 = EDGE_CURVE('',#4870,#4905,#4964,.T.);
#4966 = ORIENTED_EDGE('',*,*,#4965,.T.);
#4967 = ORIENTED_EDGE('',*,*,#4906,.T.);
#4968 = ORIENTED_EDGE('',*,*,#4950,.F.);
#4969 = EDGE_LOOP('',(#4962,#4966,#4967,#4968));
#4970 = FACE_OUTER_BOUND('',#4969,.T.);
#4971 = ADVANCED_FACE('',(#4970),#4961,.T.);
#4972 = AXIS2_PLACEMENT_3D('',#4869,#480,#16);
#4973 = PLANE('',#4972);
#4974 = ORIENTED_EDGE('',*,*,#4871,.F.);
#4975 = VECTOR('',#16,1.);
#4976 = LINE('',#4863,#4975);
#4977 = EDGE_CURVE('',#4864,#4911,#4976,.T.);
#4978 = ORIENTED_EDGE('',*,*,#4977,.T.);
#4979 = ORIENTED_EDGE('',*,*,#4912,.T.);
#4980 = ORIENTED_EDGE('',*,*,#4965,.F.);
#4981 = EDGE_LOOP('',(#4974,#4978,#4979,#4980));
#4982 = FACE_OUTER_BOUND('',#4981,.T.);
#4983 = ADVANCED_FACE('',(#4982),#4973,.T.);
#4984 = AXIS2_PLACEMENT_3D('',#4863,#493,#16);
#4985 = PLANE('',#4984);
#4986 = ORIENTED_EDGE('',*,*,#4865,.F.);
#4987 = VECTOR('',#16,1.);
#4988 = LINE('',#4856,#4987);
#4989 = EDGE_CURVE('',#4858,#4917,#4988,.T.);
#4990 = ORIENTED_EDGE('',*,*,#4989,.T.);
#4991 = ORIENTED_EDGE('',*,*,#4918,.T.);
#4992 = ORIENTED_EDGE('',*,*,#4977,.F.);
#4993 = EDGE_LOOP('',(#4986,#4990,#4991,#4992));
#4994 = FACE_OUTER_BOUND('',#4993,.T.);
#4995 = ADVANCED_FACE('',(#4994),#4985,.T.);
#4996 = AXIS2_PLACEMENT_3D('',#4856,#506,#16);
#4997 = PLANE('',#4996);
#4998 = ORIENTED_EDGE('',*,*,#4859,.T.);
#4999 = VECTOR('',#16,1.);
#5000 = LINE('',#4850,#4999);
#5001 = EDGE_CURVE('',#4852,#4923,#5000,.T.);
#5002 = ORIENTED_EDGE('',*,*,#5001,.T.);
#5003 = ORIENTED_EDGE('',*,*,#4924,.F.);
#5004 = ORIENTED_EDGE('',*,*,#4989,.F.);
#5005 = EDGE_LOOP('',(#4998,#5002,#5003,#5004));
#5006 = FACE_OUTER_BOUND('',#5005,.T.);
#5007 = ADVANCED_FACE('',(#5006),#4997,.T.);
#5008 = AXIS2_PLACEMENT_3D('',#4850,#519,#20);
#5009 = PLANE('',#5008);
#5010 = ORIENTED_EDGE('',*,*,#4853,.T.);
#5011 = VECTOR('',#16,1.);
#5012 = LINE('',#4843,#5011);
#5013 = EDGE_CURVE('',#4845,#4929,#5012,.T.);
#5014 = ORIENTED_EDGE('',*,*,#5013,.T.);
#5015 = ORIENTED_EDGE('',*,*,#4930,.F.);
#5016 = ORIENTED_EDGE('',*,*,#5001,.F.);
#5017 = EDGE_LOOP('',(#5010,#5014,#5015,#5016));
#5018 = FACE_OUTER_BOUND('',#5017,.T.);
#5019 = ADVANCED_FACE('',(#5018),#5009,.T.);
#5020 = AXIS2_PLACEMENT_3D('',#4843,#361,#20);
#5021 = PLANE('',#5020);
#5022 = ORIENTED_EDGE('',*,*,#4847,.T.);
#5023 = VECTOR('',#16,1.);
#5024 = LINE('',#4839,#5023);
#5025 = EDGE_CURVE('',#4846,#4935,#5024,.T.);
#5026 = ORIENTED_EDGE('',*,*,#5025,.T.);
#5027 = ORIENTED_EDGE('',*,*,#4936,.F.);
#5028 = ORIENTED_EDGE('',*,*,#5013,.F.);
#5029 = EDGE_LOOP('',(#5022,#5026,#5027,#5028));
#5030 = FACE_OUTER_BOUND('',#5029,.T.);
#5031 = ADVANCED_FACE('',(#5030),#5021,.T.);
#5032 = AXIS2_PLACEMENT_3D('',#4839,#354,#20);
#5033 = PLANE('',#5032);
#5034 = ORIENTED_EDGE('',*,*,#4887,.T.);
#5035 = ORIENTED_EDGE('',*,*,#4955,.T.);
#5036 = ORIENTED_EDGE('',*,*,#4940,.F.);
#5037 = ORIENTED_EDGE('',*,*,#5025,.F.);
#5038 = EDGE_LOOP('',(#5034,#5035,#5036,#5037));
#5039 = FACE_OUTER_BOUND('',#5038,.T.);
#5040 = ADVANCED_FACE('',(#5039),#5033,.T.);
#5041 = CLOSED_SHELL('',(#4891,#4944,#4959,#4971,#4983,#4995,#5007,#5019,#5031,#5040));
#5042 = MANIFOLD_SOLID_BREP('lead',#5041);
#5043 = CARTESIAN_POINT('',(0.166170094,-30.646170094,0.007));
#5044 = AXIS2_PLACEMENT_3D('',#5043,#20,#21);
#5045 = PLANE('',#5044);
#5046 = VECTOR('',#134,1.);
#5047 = CARTESIAN_POINT('',(0.,-30.715,0.007));
#5048 = LINE('',#5047,#5046);
#5049 = VERTEX_POINT('',#5047);
#5050 = VERTEX_POINT('',#5043);
#5051 = EDGE_CURVE('',#5049,#5050,#5048,.T.);
#5052 = ORIENTED_EDGE('',*,*,#5051,.F.);
#5053 = VECTOR('',#142,1.);
#5054 = CARTESIAN_POINT('',(-0.166170094,-30.646170094,0.007));
#5055 = LINE('',#5054,#5053);
#5056 = VERTEX_POINT('',#5054);
#5057 = EDGE_CURVE('',#5056,#5049,#5055,.T.);
#5058 = ORIENTED_EDGE('',*,*,#5057,.F.);
#5059 = VECTOR('',#149,1.);
#5060 = CARTESIAN_POINT('',(-0.235,-30.48,0.007));
#5061 = LINE('',#5060,#5059);
#5062 = VERTEX_POINT('',#5060);
#5063 = EDGE_CURVE('',#5062,#5056,#5061,.T.);
#5064 = ORIENTED_EDGE('',*,*,#5063,.F.);
#5065 = VECTOR('',#156,1.);
#5066 = LINE('',#5060,#5065);
#5067 = CARTESIAN_POINT('',(-0.166170094,-30.313829906,0.007));
#5068 = VERTEX_POINT('',#5067);
#5069 = EDGE_CURVE('',#5062,#5068,#5066,.T.);
#5070 = ORIENTED_EDGE('',*,*,#5069,.T.);
#5071 = VECTOR('',#134,1.);
#5072 = LINE('',#5067,#5071);
#5073 = CARTESIAN_POINT('',(0.,-30.245,0.007));
#5074 = VERTEX_POINT('',#5073);
#5075 = EDGE_CURVE('',#5068,#5074,#5072,.T.);
#5076 = ORIENTED_EDGE('',*,*,#5075,.T.);
#5077 = VECTOR('',#142,1.);
#5078 = LINE('',#5073,#5077);
#5079 = CARTESIAN_POINT('',(0.166170094,-30.313829906,0.007));
#5080 = VERTEX_POINT('',#5079);
#5081 = EDGE_CURVE('',#5074,#5080,#5078,.T.);
#5082 = ORIENTED_EDGE('',*,*,#5081,.T.);
#5083 = VECTOR('',#149,1.);
#5084 = LINE('',#5079,#5083);
#5085 = CARTESIAN_POINT('',(0.235,-30.48,0.007));
#5086 = VERTEX_POINT('',#5085);
#5087 = EDGE_CURVE('',#5080,#5086,#5084,.T.);
#5088 = ORIENTED_EDGE('',*,*,#5087,.T.);
#5089 = VECTOR('',#156,1.);
#5090 = LINE('',#5043,#5089);
#5091 = EDGE_CURVE('',#5050,#5086,#5090,.T.);
#5092 = ORIENTED_EDGE('',*,*,#5091,.F.);
#5093 = EDGE_LOOP('',(#5052,#5058,#5064,#5070,#5076,#5082,#5088,#5092));
#5094 = FACE_OUTER_BOUND('',#5093,.T.);
#5095 = ADVANCED_FACE('',(#5094),#5045,.T.);
#5096 = CARTESIAN_POINT('',(0.235,-30.48,4.007));
#5097 = AXIS2_PLACEMENT_3D('',#5096,#16,#51);
#5098 = PLANE('',#5097);
#5099 = VECTOR('',#149,1.);
#5100 = CARTESIAN_POINT('',(0.166170094,-30.313829906,4.007));
#5101 = LINE('',#5100,#5099);
#5102 = VERTEX_POINT('',#5100);
#5103 = VERTEX_POINT('',#5096);
#5104 = EDGE_CURVE('',#5102,#5103,#5101,.T.);
#5105 = ORIENTED_EDGE('',*,*,#5104,.F.);
#5106 = VECTOR('',#142,1.);
#5107 = CARTESIAN_POINT('',(0.,-30.245,4.007));
#5108 = LINE('',#5107,#5106);
#5109 = VERTEX_POINT('',#5107);
#5110 = EDGE_CURVE('',#5109,#5102,#5108,.T.);
#5111 = ORIENTED_EDGE('',*,*,#5110,.F.);
#5112 = VECTOR('',#134,1.);
#5113 = CARTESIAN_POINT('',(-0.166170094,-30.313829906,4.007));
#5114 = LINE('',#5113,#5112);
#5115 = VERTEX_POINT('',#5113);
#5116 = EDGE_CURVE('',#5115,#5109,#5114,.T.);
#5117 = ORIENTED_EDGE('',*,*,#5116,.F.);
#5118 = VECTOR('',#156,1.);
#5119 = CARTESIAN_POINT('',(-0.235,-30.48,4.007));
#5120 = LINE('',#5119,#5118);
#5121 = VERTEX_POINT('',#5119);
#5122 = EDGE_CURVE('',#5121,#5115,#5120,.T.);
#5123 = ORIENTED_EDGE('',*,*,#5122,.F.);
#5124 = VECTOR('',#149,1.);
#5125 = LINE('',#5119,#5124);
#5126 = CARTESIAN_POINT('',(-0.166170094,-30.646170094,4.007));
#5127 = VERTEX_POINT('',#5126);
#5128 = EDGE_CURVE('',#5121,#5127,#5125,.T.);
#5129 = ORIENTED_EDGE('',*,*,#5128,.T.);
#5130 = VECTOR('',#142,1.);
#5131 = LINE('',#5126,#5130);
#5132 = CARTESIAN_POINT('',(0.,-30.715,4.007));
#5133 = VERTEX_POINT('',#5132);
#5134 = EDGE_CURVE('',#5127,#5133,#5131,.T.);
#5135 = ORIENTED_EDGE('',*,*,#5134,.T.);
#5136 = VECTOR('',#134,1.);
#5137 = LINE('',#5132,#5136);
#5138 = CARTESIAN_POINT('',(0.166170094,-30.646170094,4.007));
#5139 = VERTEX_POINT('',#5138);
#5140 = EDGE_CURVE('',#5133,#5139,#5137,.T.);
#5141 = ORIENTED_EDGE('',*,*,#5140,.T.);
#5142 = VECTOR('',#156,1.);
#5143 = LINE('',#5138,#5142);
#5144 = EDGE_CURVE('',#5139,#5103,#5143,.T.);
#5145 = ORIENTED_EDGE('',*,*,#5144,.T.);
#5146 = EDGE_LOOP('',(#5105,#5111,#5117,#5123,#5129,#5135,#5141,#5145));
#5147 = FACE_OUTER_BOUND('',#5146,.T.);
#5148 = ADVANCED_FACE('',(#5147),#5098,.T.);
#5149 = AXIS2_PLACEMENT_3D('',#5085,#134,#20);
#5150 = PLANE('',#5149);
#5151 = ORIENTED_EDGE('',*,*,#5087,.F.);
#5152 = VECTOR('',#16,1.);
#5153 = LINE('',#5079,#5152);
#5154 = EDGE_CURVE('',#5080,#5102,#5153,.T.);
#5155 = ORIENTED_EDGE('',*,*,#5154,.T.);
#5156 = ORIENTED_EDGE('',*,*,#5104,.T.);
#5157 = VECTOR('',#16,1.);
#5158 = LINE('',#5085,#5157);
#5159 = EDGE_CURVE('',#5086,#5103,#5158,.T.);
#5160 = ORIENTED_EDGE('',*,*,#5159,.F.);
#5161 = EDGE_LOOP('',(#5151,#5155,#5156,#5160));
#5162 = FACE_OUTER_BOUND('',#5161,.T.);
#5163 = ADVANCED_FACE('',(#5162),#5150,.T.);
#5164 = AXIS2_PLACEMENT_3D('',#5079,#156,#16);
#5165 = PLANE('',#5164);
#5166 = ORIENTED_EDGE('',*,*,#5081,.F.);
#5167 = VECTOR('',#16,1.);
#5168 = LINE('',#5073,#5167);
#5169 = EDGE_CURVE('',#5074,#5109,#5168,.T.);
#5170 = ORIENTED_EDGE('',*,*,#5169,.T.);
#5171 = ORIENTED_EDGE('',*,*,#5110,.T.);
#5172 = ORIENTED_EDGE('',*,*,#5154,.F.);
#5173 = EDGE_LOOP('',(#5166,#5170,#5171,#5172));
#5174 = FACE_OUTER_BOUND('',#5173,.T.);
#5175 = ADVANCED_FACE('',(#5174),#5165,.T.);
#5176 = AXIS2_PLACEMENT_3D('',#5073,#268,#16);
#5177 = PLANE('',#5176);
#5178 = ORIENTED_EDGE('',*,*,#5075,.F.);
#5179 = VECTOR('',#16,1.);
#5180 = LINE('',#5067,#5179);
#5181 = EDGE_CURVE('',#5068,#5115,#5180,.T.);
#5182 = ORIENTED_EDGE('',*,*,#5181,.T.);
#5183 = ORIENTED_EDGE('',*,*,#5116,.T.);
#5184 = ORIENTED_EDGE('',*,*,#5169,.F.);
#5185 = EDGE_LOOP('',(#5178,#5182,#5183,#5184));
#5186 = FACE_OUTER_BOUND('',#5185,.T.);
#5187 = ADVANCED_FACE('',(#5186),#5177,.T.);
#5188 = AXIS2_PLACEMENT_3D('',#5067,#281,#16);
#5189 = PLANE('',#5188);
#5190 = ORIENTED_EDGE('',*,*,#5069,.F.);
#5191 = VECTOR('',#16,1.);
#5192 = LINE('',#5060,#5191);
#5193 = EDGE_CURVE('',#5062,#5121,#5192,.T.);
#5194 = ORIENTED_EDGE('',*,*,#5193,.T.);
#5195 = ORIENTED_EDGE('',*,*,#5122,.T.);
#5196 = ORIENTED_EDGE('',*,*,#5181,.F.);
#5197 = EDGE_LOOP('',(#5190,#5194,#5195,#5196));
#5198 = FACE_OUTER_BOUND('',#5197,.T.);
#5199 = ADVANCED_FACE('',(#5198),#5189,.T.);
#5200 = AXIS2_PLACEMENT_3D('',#5060,#294,#16);
#5201 = PLANE('',#5200);
#5202 = ORIENTED_EDGE('',*,*,#5063,.T.);
#5203 = VECTOR('',#16,1.);
#5204 = LINE('',#5054,#5203);
#5205 = EDGE_CURVE('',#5056,#5127,#5204,.T.);
#5206 = ORIENTED_EDGE('',*,*,#5205,.T.);
#5207 = ORIENTED_EDGE('',*,*,#5128,.F.);
#5208 = ORIENTED_EDGE('',*,*,#5193,.F.);
#5209 = EDGE_LOOP('',(#5202,#5206,#5207,#5208));
#5210 = FACE_OUTER_BOUND('',#5209,.T.);
#5211 = ADVANCED_FACE('',(#5210),#5201,.T.);
#5212 = AXIS2_PLACEMENT_3D('',#5054,#307,#20);
#5213 = PLANE('',#5212);
#5214 = ORIENTED_EDGE('',*,*,#5057,.T.);
#5215 = VECTOR('',#16,1.);
#5216 = LINE('',#5047,#5215);
#5217 = EDGE_CURVE('',#5049,#5133,#5216,.T.);
#5218 = ORIENTED_EDGE('',*,*,#5217,.T.);
#5219 = ORIENTED_EDGE('',*,*,#5134,.F.);
#5220 = ORIENTED_EDGE('',*,*,#5205,.F.);
#5221 = EDGE_LOOP('',(#5214,#5218,#5219,#5220));
#5222 = FACE_OUTER_BOUND('',#5221,.T.);
#5223 = ADVANCED_FACE('',(#5222),#5213,.T.);
#5224 = AXIS2_PLACEMENT_3D('',#5047,#149,#20);
#5225 = PLANE('',#5224);
#5226 = ORIENTED_EDGE('',*,*,#5051,.T.);
#5227 = VECTOR('',#16,1.);
#5228 = LINE('',#5043,#5227);
#5229 = EDGE_CURVE('',#5050,#5139,#5228,.T.);
#5230 = ORIENTED_EDGE('',*,*,#5229,.T.);
#5231 = ORIENTED_EDGE('',*,*,#5140,.F.);
#5232 = ORIENTED_EDGE('',*,*,#5217,.F.);
#5233 = EDGE_LOOP('',(#5226,#5230,#5231,#5232));
#5234 = FACE_OUTER_BOUND('',#5233,.T.);
#5235 = ADVANCED_FACE('',(#5234),#5225,.T.);
#5236 = AXIS2_PLACEMENT_3D('',#5043,#142,#20);
#5237 = PLANE('',#5236);
#5238 = ORIENTED_EDGE('',*,*,#5091,.T.);
#5239 = ORIENTED_EDGE('',*,*,#5159,.T.);
#5240 = ORIENTED_EDGE('',*,*,#5144,.F.);
#5241 = ORIENTED_EDGE('',*,*,#5229,.F.);
#5242 = EDGE_LOOP('',(#5238,#5239,#5240,#5241));
#5243 = FACE_OUTER_BOUND('',#5242,.T.);
#5244 = ADVANCED_FACE('',(#5243),#5237,.T.);
#5245 = CLOSED_SHELL('',(#5095,#5148,#5163,#5175,#5187,#5199,#5211,#5223,#5235,#5244));
#5246 = MANIFOLD_SOLID_BREP('contact',#5245);
#5247 = CARTESIAN_POINT('',(0.229809704,-30.709809704,8.057));
#5248 = AXIS2_PLACEMENT_3D('',#5247,#20,#21);
#5249 = PLANE('',#5248);
#5250 = VECTOR('',#346,1.);
#5251 = CARTESIAN_POINT('',(0.,-30.805,8.057));
#5252 = LINE('',#5251,#5250);
#5253 = VERTEX_POINT('',#5251);
#5254 = VERTEX_POINT('',#5247);
#5255 = EDGE_CURVE('',#5253,#5254,#5252,.T.);
#5256 = ORIENTED_EDGE('',*,*,#5255,.F.);
#5257 = VECTOR('',#354,1.);
#5258 = CARTESIAN_POINT('',(-0.229809704,-30.709809704,8.057));
#5259 = LINE('',#5258,#5257);
#5260 = VERTEX_POINT('',#5258);
#5261 = EDGE_CURVE('',#5260,#5253,#5259,.T.);
#5262 = ORIENTED_EDGE('',*,*,#5261,.F.);
#5263 = VECTOR('',#361,1.);
#5264 = CARTESIAN_POINT('',(-0.325,-30.48,8.057));
#5265 = LINE('',#5264,#5263);
#5266 = VERTEX_POINT('',#5264);
#5267 = EDGE_CURVE('',#5266,#5260,#5265,.T.);
#5268 = ORIENTED_EDGE('',*,*,#5267,.F.);
#5269 = VECTOR('',#368,1.);
#5270 = LINE('',#5264,#5269);
#5271 = CARTESIAN_POINT('',(-0.229809704,-30.250190296,8.057));
#5272 = VERTEX_POINT('',#5271);
#5273 = EDGE_CURVE('',#5266,#5272,#5270,.T.);
#5274 = ORIENTED_EDGE('',*,*,#5273,.T.);
#5275 = VECTOR('',#346,1.);
#5276 = LINE('',#5271,#5275);
#5277 = CARTESIAN_POINT('',(0.,-30.155,8.057));
#5278 = VERTEX_POINT('',#5277);
#5279 = EDGE_CURVE('',#5272,#5278,#5276,.T.);
#5280 = ORIENTED_EDGE('',*,*,#5279,.T.);
#5281 = VECTOR('',#354,1.);
#5282 = LINE('',#5277,#5281);
#5283 = CARTESIAN_POINT('',(0.229809704,-30.250190296,8.057));
#5284 = VERTEX_POINT('',#5283);
#5285 = EDGE_CURVE('',#5278,#5284,#5282,.T.);
#5286 = ORIENTED_EDGE('',*,*,#5285,.T.);
#5287 = VECTOR('',#361,1.);
#5288 = LINE('',#5283,#5287);
#5289 = CARTESIAN_POINT('',(0.325,-30.48,8.057));
#5290 = VERTEX_POINT('',#5289);
#5291 = EDGE_CURVE('',#5284,#5290,#5288,.T.);
#5292 = ORIENTED_EDGE('',*,*,#5291,.T.);
#5293 = VECTOR('',#368,1.);
#5294 = LINE('',#5247,#5293);
#5295 = EDGE_CURVE('',#5254,#5290,#5294,.T.);
#5296 = ORIENTED_EDGE('',*,*,#5295,.F.);
#5297 = EDGE_LOOP('',(#5256,#5262,#5268,#5274,#5280,#5286,#5292,#5296));
#5298 = FACE_OUTER_BOUND('',#5297,.T.);
#5299 = ADVANCED_FACE('',(#5298),#5249,.T.);
#5300 = CARTESIAN_POINT('',(0.325,-30.48,10.157));
#5301 = AXIS2_PLACEMENT_3D('',#5300,#16,#51);
#5302 = PLANE('',#5301);
#5303 = VECTOR('',#361,1.);
#5304 = CARTESIAN_POINT('',(0.229809704,-30.250190296,10.157));
#5305 = LINE('',#5304,#5303);
#5306 = VERTEX_POINT('',#5304);
#5307 = VERTEX_POINT('',#5300);
#5308 = EDGE_CURVE('',#5306,#5307,#5305,.T.);
#5309 = ORIENTED_EDGE('',*,*,#5308,.F.);
#5310 = VECTOR('',#354,1.);
#5311 = CARTESIAN_POINT('',(0.,-30.155,10.157));
#5312 = LINE('',#5311,#5310);
#5313 = VERTEX_POINT('',#5311);
#5314 = EDGE_CURVE('',#5313,#5306,#5312,.T.);
#5315 = ORIENTED_EDGE('',*,*,#5314,.F.);
#5316 = VECTOR('',#346,1.);
#5317 = CARTESIAN_POINT('',(-0.229809704,-30.250190296,10.157));
#5318 = LINE('',#5317,#5316);
#5319 = VERTEX_POINT('',#5317);
#5320 = EDGE_CURVE('',#5319,#5313,#5318,.T.);
#5321 = ORIENTED_EDGE('',*,*,#5320,.F.);
#5322 = VECTOR('',#368,1.);
#5323 = CARTESIAN_POINT('',(-0.325,-30.48,10.157));
#5324 = LINE('',#5323,#5322);
#5325 = VERTEX_POINT('',#5323);
#5326 = EDGE_CURVE('',#5325,#5319,#5324,.T.);
#5327 = ORIENTED_EDGE('',*,*,#5326,.F.);
#5328 = VECTOR('',#361,1.);
#5329 = LINE('',#5323,#5328);
#5330 = CARTESIAN_POINT('',(-0.229809704,-30.709809704,10.157));
#5331 = VERTEX_POINT('',#5330);
#5332 = EDGE_CURVE('',#5325,#5331,#5329,.T.);
#5333 = ORIENTED_EDGE('',*,*,#5332,.T.);
#5334 = VECTOR('',#354,1.);
#5335 = LINE('',#5330,#5334);
#5336 = CARTESIAN_POINT('',(0.,-30.805,10.157));
#5337 = VERTEX_POINT('',#5336);
#5338 = EDGE_CURVE('',#5331,#5337,#5335,.T.);
#5339 = ORIENTED_EDGE('',*,*,#5338,.T.);
#5340 = VECTOR('',#346,1.);
#5341 = LINE('',#5336,#5340);
#5342 = CARTESIAN_POINT('',(0.229809704,-30.709809704,10.157));
#5343 = VERTEX_POINT('',#5342);
#5344 = EDGE_CURVE('',#5337,#5343,#5341,.T.);
#5345 = ORIENTED_EDGE('',*,*,#5344,.T.);
#5346 = VECTOR('',#368,1.);
#5347 = LINE('',#5342,#5346);
#5348 = EDGE_CURVE('',#5343,#5307,#5347,.T.);
#5349 = ORIENTED_EDGE('',*,*,#5348,.T.);
#5350 = EDGE_LOOP('',(#5309,#5315,#5321,#5327,#5333,#5339,#5345,#5349));
#5351 = FACE_OUTER_BOUND('',#5350,.T.);
#5352 = ADVANCED_FACE('',(#5351),#5302,.T.);
#5353 = AXIS2_PLACEMENT_3D('',#5289,#346,#20);
#5354 = PLANE('',#5353);
#5355 = ORIENTED_EDGE('',*,*,#5291,.F.);
#5356 = VECTOR('',#16,1.);
#5357 = LINE('',#5283,#5356);
#5358 = EDGE_CURVE('',#5284,#5306,#5357,.T.);
#5359 = ORIENTED_EDGE('',*,*,#5358,.T.);
#5360 = ORIENTED_EDGE('',*,*,#5308,.T.);
#5361 = VECTOR('',#16,1.);
#5362 = LINE('',#5289,#5361);
#5363 = EDGE_CURVE('',#5290,#5307,#5362,.T.);
#5364 = ORIENTED_EDGE('',*,*,#5363,.F.);
#5365 = EDGE_LOOP('',(#5355,#5359,#5360,#5364));
#5366 = FACE_OUTER_BOUND('',#5365,.T.);
#5367 = ADVANCED_FACE('',(#5366),#5354,.T.);
#5368 = AXIS2_PLACEMENT_3D('',#5283,#368,#16);
#5369 = PLANE('',#5368);
#5370 = ORIENTED_EDGE('',*,*,#5285,.F.);
#5371 = VECTOR('',#16,1.);
#5372 = LINE('',#5277,#5371);
#5373 = EDGE_CURVE('',#5278,#5313,#5372,.T.);
#5374 = ORIENTED_EDGE('',*,*,#5373,.T.);
#5375 = ORIENTED_EDGE('',*,*,#5314,.T.);
#5376 = ORIENTED_EDGE('',*,*,#5358,.F.);
#5377 = EDGE_LOOP('',(#5370,#5374,#5375,#5376));
#5378 = FACE_OUTER_BOUND('',#5377,.T.);
#5379 = ADVANCED_FACE('',(#5378),#5369,.T.);
#5380 = AXIS2_PLACEMENT_3D('',#5277,#480,#16);
#5381 = PLANE('',#5380);
#5382 = ORIENTED_EDGE('',*,*,#5279,.F.);
#5383 = VECTOR('',#16,1.);
#5384 = LINE('',#5271,#5383);
#5385 = EDGE_CURVE('',#5272,#5319,#5384,.T.);
#5386 = ORIENTED_EDGE('',*,*,#5385,.T.);
#5387 = ORIENTED_EDGE('',*,*,#5320,.T.);
#5388 = ORIENTED_EDGE('',*,*,#5373,.F.);
#5389 = EDGE_LOOP('',(#5382,#5386,#5387,#5388));
#5390 = FACE_OUTER_BOUND('',#5389,.T.);
#5391 = ADVANCED_FACE('',(#5390),#5381,.T.);
#5392 = AXIS2_PLACEMENT_3D('',#5271,#493,#16);
#5393 = PLANE('',#5392);
#5394 = ORIENTED_EDGE('',*,*,#5273,.F.);
#5395 = VECTOR('',#16,1.);
#5396 = LINE('',#5264,#5395);
#5397 = EDGE_CURVE('',#5266,#5325,#5396,.T.);
#5398 = ORIENTED_EDGE('',*,*,#5397,.T.);
#5399 = ORIENTED_EDGE('',*,*,#5326,.T.);
#5400 = ORIENTED_EDGE('',*,*,#5385,.F.);
#5401 = EDGE_LOOP('',(#5394,#5398,#5399,#5400));
#5402 = FACE_OUTER_BOUND('',#5401,.T.);
#5403 = ADVANCED_FACE('',(#5402),#5393,.T.);
#5404 = AXIS2_PLACEMENT_3D('',#5264,#506,#16);
#5405 = PLANE('',#5404);
#5406 = ORIENTED_EDGE('',*,*,#5267,.T.);
#5407 = VECTOR('',#16,1.);
#5408 = LINE('',#5258,#5407);
#5409 = EDGE_CURVE('',#5260,#5331,#5408,.T.);
#5410 = ORIENTED_EDGE('',*,*,#5409,.T.);
#5411 = ORIENTED_EDGE('',*,*,#5332,.F.);
#5412 = ORIENTED_EDGE('',*,*,#5397,.F.);
#5413 = EDGE_LOOP('',(#5406,#5410,#5411,#5412));
#5414 = FACE_OUTER_BOUND('',#5413,.T.);
#5415 = ADVANCED_FACE('',(#5414),#5405,.T.);
#5416 = AXIS2_PLACEMENT_3D('',#5258,#519,#20);
#5417 = PLANE('',#5416);
#5418 = ORIENTED_EDGE('',*,*,#5261,.T.);
#5419 = VECTOR('',#16,1.);
#5420 = LINE('',#5251,#5419);
#5421 = EDGE_CURVE('',#5253,#5337,#5420,.T.);
#5422 = ORIENTED_EDGE('',*,*,#5421,.T.);
#5423 = ORIENTED_EDGE('',*,*,#5338,.F.);
#5424 = ORIENTED_EDGE('',*,*,#5409,.F.);
#5425 = EDGE_LOOP('',(#5418,#5422,#5423,#5424));
#5426 = FACE_OUTER_BOUND('',#5425,.T.);
#5427 = ADVANCED_FACE('',(#5426),#5417,.T.);
#5428 = AXIS2_PLACEMENT_3D('',#5251,#361,#20);
#5429 = PLANE('',#5428);
#5430 = ORIENTED_EDGE('',*,*,#5255,.T.);
#5431 = VECTOR('',#16,1.);
#5432 = LINE('',#5247,#5431);
#5433 = EDGE_CURVE('',#5254,#5343,#5432,.T.);
#5434 = ORIENTED_EDGE('',*,*,#5433,.T.);
#5435 = ORIENTED_EDGE('',*,*,#5344,.F.);
#5436 = ORIENTED_EDGE('',*,*,#5421,.F.);
#5437 = EDGE_LOOP('',(#5430,#5434,#5435,#5436));
#5438 = FACE_OUTER_BOUND('',#5437,.T.);
#5439 = ADVANCED_FACE('',(#5438),#5429,.T.);
#5440 = AXIS2_PLACEMENT_3D('',#5247,#354,#20);
#5441 = PLANE('',#5440);
#5442 = ORIENTED_EDGE('',*,*,#5295,.T.);
#5443 = ORIENTED_EDGE('',*,*,#5363,.T.);
#5444 = ORIENTED_EDGE('',*,*,#5348,.F.);
#5445 = ORIENTED_EDGE('',*,*,#5433,.F.);
#5446 = EDGE_LOOP('',(#5442,#5443,#5444,#5445));
#5447 = FACE_OUTER_BOUND('',#5446,.T.);
#5448 = ADVANCED_FACE('',(#5447),#5441,.T.);
#5449 = CLOSED_SHELL('',(#5299,#5352,#5367,#5379,#5391,#5403,#5415,#5427,#5439,#5448));
#5450 = MANIFOLD_SOLID_BREP('lead',#5449);
#5451 = CARTESIAN_POINT('',(0.166170094,-33.186170094,0.007));
#5452 = AXIS2_PLACEMENT_3D('',#5451,#20,#21);
#5453 = PLANE('',#5452);
#5454 = VECTOR('',#134,1.);
#5455 = CARTESIAN_POINT('',(0.,-33.255,0.007));
#5456 = LINE('',#5455,#5454);
#5457 = VERTEX_POINT('',#5455);
#5458 = VERTEX_POINT('',#5451);
#5459 = EDGE_CURVE('',#5457,#5458,#5456,.T.);
#5460 = ORIENTED_EDGE('',*,*,#5459,.F.);
#5461 = VECTOR('',#142,1.);
#5462 = CARTESIAN_POINT('',(-0.166170094,-33.186170094,0.007));
#5463 = LINE('',#5462,#5461);
#5464 = VERTEX_POINT('',#5462);
#5465 = EDGE_CURVE('',#5464,#5457,#5463,.T.);
#5466 = ORIENTED_EDGE('',*,*,#5465,.F.);
#5467 = VECTOR('',#149,1.);
#5468 = CARTESIAN_POINT('',(-0.235,-33.02,0.007));
#5469 = LINE('',#5468,#5467);
#5470 = VERTEX_POINT('',#5468);
#5471 = EDGE_CURVE('',#5470,#5464,#5469,.T.);
#5472 = ORIENTED_EDGE('',*,*,#5471,.F.);
#5473 = VECTOR('',#156,1.);
#5474 = LINE('',#5468,#5473);
#5475 = CARTESIAN_POINT('',(-0.166170094,-32.853829906,0.007));
#5476 = VERTEX_POINT('',#5475);
#5477 = EDGE_CURVE('',#5470,#5476,#5474,.T.);
#5478 = ORIENTED_EDGE('',*,*,#5477,.T.);
#5479 = VECTOR('',#134,1.);
#5480 = LINE('',#5475,#5479);
#5481 = CARTESIAN_POINT('',(0.,-32.785,0.007));
#5482 = VERTEX_POINT('',#5481);
#5483 = EDGE_CURVE('',#5476,#5482,#5480,.T.);
#5484 = ORIENTED_EDGE('',*,*,#5483,.T.);
#5485 = VECTOR('',#142,1.);
#5486 = LINE('',#5481,#5485);
#5487 = CARTESIAN_POINT('',(0.166170094,-32.853829906,0.007));
#5488 = VERTEX_POINT('',#5487);
#5489 = EDGE_CURVE('',#5482,#5488,#5486,.T.);
#5490 = ORIENTED_EDGE('',*,*,#5489,.T.);
#5491 = VECTOR('',#149,1.);
#5492 = LINE('',#5487,#5491);
#5493 = CARTESIAN_POINT('',(0.235,-33.02,0.007));
#5494 = VERTEX_POINT('',#5493);
#5495 = EDGE_CURVE('',#5488,#5494,#5492,.T.);
#5496 = ORIENTED_EDGE('',*,*,#5495,.T.);
#5497 = VECTOR('',#156,1.);
#5498 = LINE('',#5451,#5497);
#5499 = EDGE_CURVE('',#5458,#5494,#5498,.T.);
#5500 = ORIENTED_EDGE('',*,*,#5499,.F.);
#5501 = EDGE_LOOP('',(#5460,#5466,#5472,#5478,#5484,#5490,#5496,#5500));
#5502 = FACE_OUTER_BOUND('',#5501,.T.);
#5503 = ADVANCED_FACE('',(#5502),#5453,.T.);
#5504 = CARTESIAN_POINT('',(0.235,-33.02,4.007));
#5505 = AXIS2_PLACEMENT_3D('',#5504,#16,#51);
#5506 = PLANE('',#5505);
#5507 = VECTOR('',#149,1.);
#5508 = CARTESIAN_POINT('',(0.166170094,-32.853829906,4.007));
#5509 = LINE('',#5508,#5507);
#5510 = VERTEX_POINT('',#5508);
#5511 = VERTEX_POINT('',#5504);
#5512 = EDGE_CURVE('',#5510,#5511,#5509,.T.);
#5513 = ORIENTED_EDGE('',*,*,#5512,.F.);
#5514 = VECTOR('',#142,1.);
#5515 = CARTESIAN_POINT('',(0.,-32.785,4.007));
#5516 = LINE('',#5515,#5514);
#5517 = VERTEX_POINT('',#5515);
#5518 = EDGE_CURVE('',#5517,#5510,#5516,.T.);
#5519 = ORIENTED_EDGE('',*,*,#5518,.F.);
#5520 = VECTOR('',#134,1.);
#5521 = CARTESIAN_POINT('',(-0.166170094,-32.853829906,4.007));
#5522 = LINE('',#5521,#5520);
#5523 = VERTEX_POINT('',#5521);
#5524 = EDGE_CURVE('',#5523,#5517,#5522,.T.);
#5525 = ORIENTED_EDGE('',*,*,#5524,.F.);
#5526 = VECTOR('',#156,1.);
#5527 = CARTESIAN_POINT('',(-0.235,-33.02,4.007));
#5528 = LINE('',#5527,#5526);
#5529 = VERTEX_POINT('',#5527);
#5530 = EDGE_CURVE('',#5529,#5523,#5528,.T.);
#5531 = ORIENTED_EDGE('',*,*,#5530,.F.);
#5532 = VECTOR('',#149,1.);
#5533 = LINE('',#5527,#5532);
#5534 = CARTESIAN_POINT('',(-0.166170094,-33.186170094,4.007));
#5535 = VERTEX_POINT('',#5534);
#5536 = EDGE_CURVE('',#5529,#5535,#5533,.T.);
#5537 = ORIENTED_EDGE('',*,*,#5536,.T.);
#5538 = VECTOR('',#142,1.);
#5539 = LINE('',#5534,#5538);
#5540 = CARTESIAN_POINT('',(0.,-33.255,4.007));
#5541 = VERTEX_POINT('',#5540);
#5542 = EDGE_CURVE('',#5535,#5541,#5539,.T.);
#5543 = ORIENTED_EDGE('',*,*,#5542,.T.);
#5544 = VECTOR('',#134,1.);
#5545 = LINE('',#5540,#5544);
#5546 = CARTESIAN_POINT('',(0.166170094,-33.186170094,4.007));
#5547 = VERTEX_POINT('',#5546);
#5548 = EDGE_CURVE('',#5541,#5547,#5545,.T.);
#5549 = ORIENTED_EDGE('',*,*,#5548,.T.);
#5550 = VECTOR('',#156,1.);
#5551 = LINE('',#5546,#5550);
#5552 = EDGE_CURVE('',#5547,#5511,#5551,.T.);
#5553 = ORIENTED_EDGE('',*,*,#5552,.T.);
#5554 = EDGE_LOOP('',(#5513,#5519,#5525,#5531,#5537,#5543,#5549,#5553));
#5555 = FACE_OUTER_BOUND('',#5554,.T.);
#5556 = ADVANCED_FACE('',(#5555),#5506,.T.);
#5557 = AXIS2_PLACEMENT_3D('',#5493,#134,#20);
#5558 = PLANE('',#5557);
#5559 = ORIENTED_EDGE('',*,*,#5495,.F.);
#5560 = VECTOR('',#16,1.);
#5561 = LINE('',#5487,#5560);
#5562 = EDGE_CURVE('',#5488,#5510,#5561,.T.);
#5563 = ORIENTED_EDGE('',*,*,#5562,.T.);
#5564 = ORIENTED_EDGE('',*,*,#5512,.T.);
#5565 = VECTOR('',#16,1.);
#5566 = LINE('',#5493,#5565);
#5567 = EDGE_CURVE('',#5494,#5511,#5566,.T.);
#5568 = ORIENTED_EDGE('',*,*,#5567,.F.);
#5569 = EDGE_LOOP('',(#5559,#5563,#5564,#5568));
#5570 = FACE_OUTER_BOUND('',#5569,.T.);
#5571 = ADVANCED_FACE('',(#5570),#5558,.T.);
#5572 = AXIS2_PLACEMENT_3D('',#5487,#156,#16);
#5573 = PLANE('',#5572);
#5574 = ORIENTED_EDGE('',*,*,#5489,.F.);
#5575 = VECTOR('',#16,1.);
#5576 = LINE('',#5481,#5575);
#5577 = EDGE_CURVE('',#5482,#5517,#5576,.T.);
#5578 = ORIENTED_EDGE('',*,*,#5577,.T.);
#5579 = ORIENTED_EDGE('',*,*,#5518,.T.);
#5580 = ORIENTED_EDGE('',*,*,#5562,.F.);
#5581 = EDGE_LOOP('',(#5574,#5578,#5579,#5580));
#5582 = FACE_OUTER_BOUND('',#5581,.T.);
#5583 = ADVANCED_FACE('',(#5582),#5573,.T.);
#5584 = AXIS2_PLACEMENT_3D('',#5481,#268,#16);
#5585 = PLANE('',#5584);
#5586 = ORIENTED_EDGE('',*,*,#5483,.F.);
#5587 = VECTOR('',#16,1.);
#5588 = LINE('',#5475,#5587);
#5589 = EDGE_CURVE('',#5476,#5523,#5588,.T.);
#5590 = ORIENTED_EDGE('',*,*,#5589,.T.);
#5591 = ORIENTED_EDGE('',*,*,#5524,.T.);
#5592 = ORIENTED_EDGE('',*,*,#5577,.F.);
#5593 = EDGE_LOOP('',(#5586,#5590,#5591,#5592));
#5594 = FACE_OUTER_BOUND('',#5593,.T.);
#5595 = ADVANCED_FACE('',(#5594),#5585,.T.);
#5596 = AXIS2_PLACEMENT_3D('',#5475,#281,#16);
#5597 = PLANE('',#5596);
#5598 = ORIENTED_EDGE('',*,*,#5477,.F.);
#5599 = VECTOR('',#16,1.);
#5600 = LINE('',#5468,#5599);
#5601 = EDGE_CURVE('',#5470,#5529,#5600,.T.);
#5602 = ORIENTED_EDGE('',*,*,#5601,.T.);
#5603 = ORIENTED_EDGE('',*,*,#5530,.T.);
#5604 = ORIENTED_EDGE('',*,*,#5589,.F.);
#5605 = EDGE_LOOP('',(#5598,#5602,#5603,#5604));
#5606 = FACE_OUTER_BOUND('',#5605,.T.);
#5607 = ADVANCED_FACE('',(#5606),#5597,.T.);
#5608 = AXIS2_PLACEMENT_3D('',#5468,#294,#16);
#5609 = PLANE('',#5608);
#5610 = ORIENTED_EDGE('',*,*,#5471,.T.);
#5611 = VECTOR('',#16,1.);
#5612 = LINE('',#5462,#5611);
#5613 = EDGE_CURVE('',#5464,#5535,#5612,.T.);
#5614 = ORIENTED_EDGE('',*,*,#5613,.T.);
#5615 = ORIENTED_EDGE('',*,*,#5536,.F.);
#5616 = ORIENTED_EDGE('',*,*,#5601,.F.);
#5617 = EDGE_LOOP('',(#5610,#5614,#5615,#5616));
#5618 = FACE_OUTER_BOUND('',#5617,.T.);
#5619 = ADVANCED_FACE('',(#5618),#5609,.T.);
#5620 = AXIS2_PLACEMENT_3D('',#5462,#307,#20);
#5621 = PLANE('',#5620);
#5622 = ORIENTED_EDGE('',*,*,#5465,.T.);
#5623 = VECTOR('',#16,1.);
#5624 = LINE('',#5455,#5623);
#5625 = EDGE_CURVE('',#5457,#5541,#5624,.T.);
#5626 = ORIENTED_EDGE('',*,*,#5625,.T.);
#5627 = ORIENTED_EDGE('',*,*,#5542,.F.);
#5628 = ORIENTED_EDGE('',*,*,#5613,.F.);
#5629 = EDGE_LOOP('',(#5622,#5626,#5627,#5628));
#5630 = FACE_OUTER_BOUND('',#5629,.T.);
#5631 = ADVANCED_FACE('',(#5630),#5621,.T.);
#5632 = AXIS2_PLACEMENT_3D('',#5455,#149,#20);
#5633 = PLANE('',#5632);
#5634 = ORIENTED_EDGE('',*,*,#5459,.T.);
#5635 = VECTOR('',#16,1.);
#5636 = LINE('',#5451,#5635);
#5637 = EDGE_CURVE('',#5458,#5547,#5636,.T.);
#5638 = ORIENTED_EDGE('',*,*,#5637,.T.);
#5639 = ORIENTED_EDGE('',*,*,#5548,.F.);
#5640 = ORIENTED_EDGE('',*,*,#5625,.F.);
#5641 = EDGE_LOOP('',(#5634,#5638,#5639,#5640));
#5642 = FACE_OUTER_BOUND('',#5641,.T.);
#5643 = ADVANCED_FACE('',(#5642),#5633,.T.);
#5644 = AXIS2_PLACEMENT_3D('',#5451,#142,#20);
#5645 = PLANE('',#5644);
#5646 = ORIENTED_EDGE('',*,*,#5499,.T.);
#5647 = ORIENTED_EDGE('',*,*,#5567,.T.);
#5648 = ORIENTED_EDGE('',*,*,#5552,.F.);
#5649 = ORIENTED_EDGE('',*,*,#5637,.F.);
#5650 = EDGE_LOOP('',(#5646,#5647,#5648,#5649));
#5651 = FACE_OUTER_BOUND('',#5650,.T.);
#5652 = ADVANCED_FACE('',(#5651),#5645,.T.);
#5653 = CLOSED_SHELL('',(#5503,#5556,#5571,#5583,#5595,#5607,#5619,#5631,#5643,#5652));
#5654 = MANIFOLD_SOLID_BREP('contact',#5653);
#5655 = CARTESIAN_POINT('',(0.229809704,-33.249809704,8.057));
#5656 = AXIS2_PLACEMENT_3D('',#5655,#20,#21);
#5657 = PLANE('',#5656);
#5658 = VECTOR('',#346,1.);
#5659 = CARTESIAN_POINT('',(0.,-33.345,8.057));
#5660 = LINE('',#5659,#5658);
#5661 = VERTEX_POINT('',#5659);
#5662 = VERTEX_POINT('',#5655);
#5663 = EDGE_CURVE('',#5661,#5662,#5660,.T.);
#5664 = ORIENTED_EDGE('',*,*,#5663,.F.);
#5665 = VECTOR('',#354,1.);
#5666 = CARTESIAN_POINT('',(-0.229809704,-33.249809704,8.057));
#5667 = LINE('',#5666,#5665);
#5668 = VERTEX_POINT('',#5666);
#5669 = EDGE_CURVE('',#5668,#5661,#5667,.T.);
#5670 = ORIENTED_EDGE('',*,*,#5669,.F.);
#5671 = VECTOR('',#361,1.);
#5672 = CARTESIAN_POINT('',(-0.325,-33.02,8.057));
#5673 = LINE('',#5672,#5671);
#5674 = VERTEX_POINT('',#5672);
#5675 = EDGE_CURVE('',#5674,#5668,#5673,.T.);
#5676 = ORIENTED_EDGE('',*,*,#5675,.F.);
#5677 = VECTOR('',#368,1.);
#5678 = LINE('',#5672,#5677);
#5679 = CARTESIAN_POINT('',(-0.229809704,-32.790190296,8.057));
#5680 = VERTEX_POINT('',#5679);
#5681 = EDGE_CURVE('',#5674,#5680,#5678,.T.);
#5682 = ORIENTED_EDGE('',*,*,#5681,.T.);
#5683 = VECTOR('',#346,1.);
#5684 = LINE('',#5679,#5683);
#5685 = CARTESIAN_POINT('',(0.,-32.695,8.057));
#5686 = VERTEX_POINT('',#5685);
#5687 = EDGE_CURVE('',#5680,#5686,#5684,.T.);
#5688 = ORIENTED_EDGE('',*,*,#5687,.T.);
#5689 = VECTOR('',#354,1.);
#5690 = LINE('',#5685,#5689);
#5691 = CARTESIAN_POINT('',(0.229809704,-32.790190296,8.057));
#5692 = VERTEX_POINT('',#5691);
#5693 = EDGE_CURVE('',#5686,#5692,#5690,.T.);
#5694 = ORIENTED_EDGE('',*,*,#5693,.T.);
#5695 = VECTOR('',#361,1.);
#5696 = LINE('',#5691,#5695);
#5697 = CARTESIAN_POINT('',(0.325,-33.02,8.057));
#5698 = VERTEX_POINT('',#5697);
#5699 = EDGE_CURVE('',#5692,#5698,#5696,.T.);
#5700 = ORIENTED_EDGE('',*,*,#5699,.T.);
#5701 = VECTOR('',#368,1.);
#5702 = LINE('',#5655,#5701);
#5703 = EDGE_CURVE('',#5662,#5698,#5702,.T.);
#5704 = ORIENTED_EDGE('',*,*,#5703,.F.);
#5705 = EDGE_LOOP('',(#5664,#5670,#5676,#5682,#5688,#5694,#5700,#5704));
#5706 = FACE_OUTER_BOUND('',#5705,.T.);
#5707 = ADVANCED_FACE('',(#5706),#5657,.T.);
#5708 = CARTESIAN_POINT('',(0.325,-33.02,10.157));
#5709 = AXIS2_PLACEMENT_3D('',#5708,#16,#51);
#5710 = PLANE('',#5709);
#5711 = VECTOR('',#361,1.);
#5712 = CARTESIAN_POINT('',(0.229809704,-32.790190296,10.157));
#5713 = LINE('',#5712,#5711);
#5714 = VERTEX_POINT('',#5712);
#5715 = VERTEX_POINT('',#5708);
#5716 = EDGE_CURVE('',#5714,#5715,#5713,.T.);
#5717 = ORIENTED_EDGE('',*,*,#5716,.F.);
#5718 = VECTOR('',#354,1.);
#5719 = CARTESIAN_POINT('',(0.,-32.695,10.157));
#5720 = LINE('',#5719,#5718);
#5721 = VERTEX_POINT('',#5719);
#5722 = EDGE_CURVE('',#5721,#5714,#5720,.T.);
#5723 = ORIENTED_EDGE('',*,*,#5722,.F.);
#5724 = VECTOR('',#346,1.);
#5725 = CARTESIAN_POINT('',(-0.229809704,-32.790190296,10.157));
#5726 = LINE('',#5725,#5724);
#5727 = VERTEX_POINT('',#5725);
#5728 = EDGE_CURVE('',#5727,#5721,#5726,.T.);
#5729 = ORIENTED_EDGE('',*,*,#5728,.F.);
#5730 = VECTOR('',#368,1.);
#5731 = CARTESIAN_POINT('',(-0.325,-33.02,10.157));
#5732 = LINE('',#5731,#5730);
#5733 = VERTEX_POINT('',#5731);
#5734 = EDGE_CURVE('',#5733,#5727,#5732,.T.);
#5735 = ORIENTED_EDGE('',*,*,#5734,.F.);
#5736 = VECTOR('',#361,1.);
#5737 = LINE('',#5731,#5736);
#5738 = CARTESIAN_POINT('',(-0.229809704,-33.249809704,10.157));
#5739 = VERTEX_POINT('',#5738);
#5740 = EDGE_CURVE('',#5733,#5739,#5737,.T.);
#5741 = ORIENTED_EDGE('',*,*,#5740,.T.);
#5742 = VECTOR('',#354,1.);
#5743 = LINE('',#5738,#5742);
#5744 = CARTESIAN_POINT('',(0.,-33.345,10.157));
#5745 = VERTEX_POINT('',#5744);
#5746 = EDGE_CURVE('',#5739,#5745,#5743,.T.);
#5747 = ORIENTED_EDGE('',*,*,#5746,.T.);
#5748 = VECTOR('',#346,1.);
#5749 = LINE('',#5744,#5748);
#5750 = CARTESIAN_POINT('',(0.229809704,-33.249809704,10.157));
#5751 = VERTEX_POINT('',#5750);
#5752 = EDGE_CURVE('',#5745,#5751,#5749,.T.);
#5753 = ORIENTED_EDGE('',*,*,#5752,.T.);
#5754 = VECTOR('',#368,1.);
#5755 = LINE('',#5750,#5754);
#5756 = EDGE_CURVE('',#5751,#5715,#5755,.T.);
#5757 = ORIENTED_EDGE('',*,*,#5756,.T.);
#5758 = EDGE_LOOP('',(#5717,#5723,#5729,#5735,#5741,#5747,#5753,#5757));
#5759 = FACE_OUTER_BOUND('',#5758,.T.);
#5760 = ADVANCED_FACE('',(#5759),#5710,.T.);
#5761 = AXIS2_PLACEMENT_3D('',#5697,#346,#20);
#5762 = PLANE('',#5761);
#5763 = ORIENTED_EDGE('',*,*,#5699,.F.);
#5764 = VECTOR('',#16,1.);
#5765 = LINE('',#5691,#5764);
#5766 = EDGE_CURVE('',#5692,#5714,#5765,.T.);
#5767 = ORIENTED_EDGE('',*,*,#5766,.T.);
#5768 = ORIENTED_EDGE('',*,*,#5716,.T.);
#5769 = VECTOR('',#16,1.);
#5770 = LINE('',#5697,#5769);
#5771 = EDGE_CURVE('',#5698,#5715,#5770,.T.);
#5772 = ORIENTED_EDGE('',*,*,#5771,.F.);
#5773 = EDGE_LOOP('',(#5763,#5767,#5768,#5772));
#5774 = FACE_OUTER_BOUND('',#5773,.T.);
#5775 = ADVANCED_FACE('',(#5774),#5762,.T.);
#5776 = AXIS2_PLACEMENT_3D('',#5691,#368,#16);
#5777 = PLANE('',#5776);
#5778 = ORIENTED_EDGE('',*,*,#5693,.F.);
#5779 = VECTOR('',#16,1.);
#5780 = LINE('',#5685,#5779);
#5781 = EDGE_CURVE('',#5686,#5721,#5780,.T.);
#5782 = ORIENTED_EDGE('',*,*,#5781,.T.);
#5783 = ORIENTED_EDGE('',*,*,#5722,.T.);
#5784 = ORIENTED_EDGE('',*,*,#5766,.F.);
#5785 = EDGE_LOOP('',(#5778,#5782,#5783,#5784));
#5786 = FACE_OUTER_BOUND('',#5785,.T.);
#5787 = ADVANCED_FACE('',(#5786),#5777,.T.);
#5788 = AXIS2_PLACEMENT_3D('',#5685,#480,#16);
#5789 = PLANE('',#5788);
#5790 = ORIENTED_EDGE('',*,*,#5687,.F.);
#5791 = VECTOR('',#16,1.);
#5792 = LINE('',#5679,#5791);
#5793 = EDGE_CURVE('',#5680,#5727,#5792,.T.);
#5794 = ORIENTED_EDGE('',*,*,#5793,.T.);
#5795 = ORIENTED_EDGE('',*,*,#5728,.T.);
#5796 = ORIENTED_EDGE('',*,*,#5781,.F.);
#5797 = EDGE_LOOP('',(#5790,#5794,#5795,#5796));
#5798 = FACE_OUTER_BOUND('',#5797,.T.);
#5799 = ADVANCED_FACE('',(#5798),#5789,.T.);
#5800 = AXIS2_PLACEMENT_3D('',#5679,#493,#16);
#5801 = PLANE('',#5800);
#5802 = ORIENTED_EDGE('',*,*,#5681,.F.);
#5803 = VECTOR('',#16,1.);
#5804 = LINE('',#5672,#5803);
#5805 = EDGE_CURVE('',#5674,#5733,#5804,.T.);
#5806 = ORIENTED_EDGE('',*,*,#5805,.T.);
#5807 = ORIENTED_EDGE('',*,*,#5734,.T.);
#5808 = ORIENTED_EDGE('',*,*,#5793,.F.);
#5809 = EDGE_LOOP('',(#5802,#5806,#5807,#5808));
#5810 = FACE_OUTER_BOUND('',#5809,.T.);
#5811 = ADVANCED_FACE('',(#5810),#5801,.T.);
#5812 = AXIS2_PLACEMENT_3D('',#5672,#506,#16);
#5813 = PLANE('',#5812);
#5814 = ORIENTED_EDGE('',*,*,#5675,.T.);
#5815 = VECTOR('',#16,1.);
#5816 = LINE('',#5666,#5815);
#5817 = EDGE_CURVE('',#5668,#5739,#5816,.T.);
#5818 = ORIENTED_EDGE('',*,*,#5817,.T.);
#5819 = ORIENTED_EDGE('',*,*,#5740,.F.);
#5820 = ORIENTED_EDGE('',*,*,#5805,.F.);
#5821 = EDGE_LOOP('',(#5814,#5818,#5819,#5820));
#5822 = FACE_OUTER_BOUND('',#5821,.T.);
#5823 = ADVANCED_FACE('',(#5822),#5813,.T.);
#5824 = AXIS2_PLACEMENT_3D('',#5666,#519,#20);
#5825 = PLANE('',#5824);
#5826 = ORIENTED_EDGE('',*,*,#5669,.T.);
#5827 = VECTOR('',#16,1.);
#5828 = LINE('',#5659,#5827);
#5829 = EDGE_CURVE('',#5661,#5745,#5828,.T.);
#5830 = ORIENTED_EDGE('',*,*,#5829,.T.);
#5831 = ORIENTED_EDGE('',*,*,#5746,.F.);
#5832 = ORIENTED_EDGE('',*,*,#5817,.F.);
#5833 = EDGE_LOOP('',(#5826,#5830,#5831,#5832));
#5834 = FACE_OUTER_BOUND('',#5833,.T.);
#5835 = ADVANCED_FACE('',(#5834),#5825,.T.);
#5836 = AXIS2_PLACEMENT_3D('',#5659,#361,#20);
#5837 = PLANE('',#5836);
#5838 = ORIENTED_EDGE('',*,*,#5663,.T.);
#5839 = VECTOR('',#16,1.);
#5840 = LINE('',#5655,#5839);
#5841 = EDGE_CURVE('',#5662,#5751,#5840,.T.);
#5842 = ORIENTED_EDGE('',*,*,#5841,.T.);
#5843 = ORIENTED_EDGE('',*,*,#5752,.F.);
#5844 = ORIENTED_EDGE('',*,*,#5829,.F.);
#5845 = EDGE_LOOP('',(#5838,#5842,#5843,#5844));
#5846 = FACE_OUTER_BOUND('',#5845,.T.);
#5847 = ADVANCED_FACE('',(#5846),#5837,.T.);
#5848 = AXIS2_PLACEMENT_3D('',#5655,#354,#20);
#5849 = PLANE('',#5848);
#5850 = ORIENTED_EDGE('',*,*,#5703,.T.);
#5851 = ORIENTED_EDGE('',*,*,#5771,.T.);
#5852 = ORIENTED_EDGE('',*,*,#5756,.F.);
#5853 = ORIENTED_EDGE('',*,*,#5841,.F.);
#5854 = EDGE_LOOP('',(#5850,#5851,#5852,#5853));
#5855 = FACE_OUTER_BOUND('',#5854,.T.);
#5856 = ADVANCED_FACE('',(#5855),#5849,.T.);
#5857 = CLOSED_SHELL('',(#5707,#5760,#5775,#5787,#5799,#5811,#5823,#5835,#5847,#5856));
#5858 = MANIFOLD_SOLID_BREP('lead',#5857);
#5859 = CARTESIAN_POINT('',(0.166170094,-35.726170094,0.007));
#5860 = AXIS2_PLACEMENT_3D('',#5859,#20,#21);
#5861 = PLANE('',#5860);
#5862 = VECTOR('',#134,1.);
#5863 = CARTESIAN_POINT('',(0.,-35.795,0.007));
#5864 = LINE('',#5863,#5862);
#5865 = VERTEX_POINT('',#5863);
#5866 = VERTEX_POINT('',#5859);
#5867 = EDGE_CURVE('',#5865,#5866,#5864,.T.);
#5868 = ORIENTED_EDGE('',*,*,#5867,.F.);
#5869 = VECTOR('',#142,1.);
#5870 = CARTESIAN_POINT('',(-0.166170094,-35.726170094,0.007));
#5871 = LINE('',#5870,#5869);
#5872 = VERTEX_POINT('',#5870);
#5873 = EDGE_CURVE('',#5872,#5865,#5871,.T.);
#5874 = ORIENTED_EDGE('',*,*,#5873,.F.);
#5875 = VECTOR('',#149,1.);
#5876 = CARTESIAN_POINT('',(-0.235,-35.56,0.007));
#5877 = LINE('',#5876,#5875);
#5878 = VERTEX_POINT('',#5876);
#5879 = EDGE_CURVE('',#5878,#5872,#5877,.T.);
#5880 = ORIENTED_EDGE('',*,*,#5879,.F.);
#5881 = VECTOR('',#156,1.);
#5882 = LINE('',#5876,#5881);
#5883 = CARTESIAN_POINT('',(-0.166170094,-35.393829906,0.007));
#5884 = VERTEX_POINT('',#5883);
#5885 = EDGE_CURVE('',#5878,#5884,#5882,.T.);
#5886 = ORIENTED_EDGE('',*,*,#5885,.T.);
#5887 = VECTOR('',#134,1.);
#5888 = LINE('',#5883,#5887);
#5889 = CARTESIAN_POINT('',(0.,-35.325,0.007));
#5890 = VERTEX_POINT('',#5889);
#5891 = EDGE_CURVE('',#5884,#5890,#5888,.T.);
#5892 = ORIENTED_EDGE('',*,*,#5891,.T.);
#5893 = VECTOR('',#142,1.);
#5894 = LINE('',#5889,#5893);
#5895 = CARTESIAN_POINT('',(0.166170094,-35.393829906,0.007));
#5896 = VERTEX_POINT('',#5895);
#5897 = EDGE_CURVE('',#5890,#5896,#5894,.T.);
#5898 = ORIENTED_EDGE('',*,*,#5897,.T.);
#5899 = VECTOR('',#149,1.);
#5900 = LINE('',#5895,#5899);
#5901 = CARTESIAN_POINT('',(0.235,-35.56,0.007));
#5902 = VERTEX_POINT('',#5901);
#5903 = EDGE_CURVE('',#5896,#5902,#5900,.T.);
#5904 = ORIENTED_EDGE('',*,*,#5903,.T.);
#5905 = VECTOR('',#156,1.);
#5906 = LINE('',#5859,#5905);
#5907 = EDGE_CURVE('',#5866,#5902,#5906,.T.);
#5908 = ORIENTED_EDGE('',*,*,#5907,.F.);
#5909 = EDGE_LOOP('',(#5868,#5874,#5880,#5886,#5892,#5898,#5904,#5908));
#5910 = FACE_OUTER_BOUND('',#5909,.T.);
#5911 = ADVANCED_FACE('',(#5910),#5861,.T.);
#5912 = CARTESIAN_POINT('',(0.235,-35.56,4.007));
#5913 = AXIS2_PLACEMENT_3D('',#5912,#16,#51);
#5914 = PLANE('',#5913);
#5915 = VECTOR('',#149,1.);
#5916 = CARTESIAN_POINT('',(0.166170094,-35.393829906,4.007));
#5917 = LINE('',#5916,#5915);
#5918 = VERTEX_POINT('',#5916);
#5919 = VERTEX_POINT('',#5912);
#5920 = EDGE_CURVE('',#5918,#5919,#5917,.T.);
#5921 = ORIENTED_EDGE('',*,*,#5920,.F.);
#5922 = VECTOR('',#142,1.);
#5923 = CARTESIAN_POINT('',(0.,-35.325,4.007));
#5924 = LINE('',#5923,#5922);
#5925 = VERTEX_POINT('',#5923);
#5926 = EDGE_CURVE('',#5925,#5918,#5924,.T.);
#5927 = ORIENTED_EDGE('',*,*,#5926,.F.);
#5928 = VECTOR('',#134,1.);
#5929 = CARTESIAN_POINT('',(-0.166170094,-35.393829906,4.007));
#5930 = LINE('',#5929,#5928);
#5931 = VERTEX_POINT('',#5929);
#5932 = EDGE_CURVE('',#5931,#5925,#5930,.T.);
#5933 = ORIENTED_EDGE('',*,*,#5932,.F.);
#5934 = VECTOR('',#156,1.);
#5935 = CARTESIAN_POINT('',(-0.235,-35.56,4.007));
#5936 = LINE('',#5935,#5934);
#5937 = VERTEX_POINT('',#5935);
#5938 = EDGE_CURVE('',#5937,#5931,#5936,.T.);
#5939 = ORIENTED_EDGE('',*,*,#5938,.F.);
#5940 = VECTOR('',#149,1.);
#5941 = LINE('',#5935,#5940);
#5942 = CARTESIAN_POINT('',(-0.166170094,-35.726170094,4.007));
#5943 = VERTEX_POINT('',#5942);
#5944 = EDGE_CURVE('',#5937,#5943,#5941,.T.);
#5945 = ORIENTED_EDGE('',*,*,#5944,.T.);
#5946 = VECTOR('',#142,1.);
#5947 = LINE('',#5942,#5946);
#5948 = CARTESIAN_POINT('',(0.,-35.795,4.007));
#5949 = VERTEX_POINT('',#5948);
#5950 = EDGE_CURVE('',#5943,#5949,#5947,.T.);
#5951 = ORIENTED_EDGE('',*,*,#5950,.T.);
#5952 = VECTOR('',#134,1.);
#5953 = LINE('',#5948,#5952);
#5954 = CARTESIAN_POINT('',(0.166170094,-35.726170094,4.007));
#5955 = VERTEX_POINT('',#5954);
#5956 = EDGE_CURVE('',#5949,#5955,#5953,.T.);
#5957 = ORIENTED_EDGE('',*,*,#5956,.T.);
#5958 = VECTOR('',#156,1.);
#5959 = LINE('',#5954,#5958);
#5960 = EDGE_CURVE('',#5955,#5919,#5959,.T.);
#5961 = ORIENTED_EDGE('',*,*,#5960,.T.);
#5962 = EDGE_LOOP('',(#5921,#5927,#5933,#5939,#5945,#5951,#5957,#5961));
#5963 = FACE_OUTER_BOUND('',#5962,.T.);
#5964 = ADVANCED_FACE('',(#5963),#5914,.T.);
#5965 = AXIS2_PLACEMENT_3D('',#5901,#134,#20);
#5966 = PLANE('',#5965);
#5967 = ORIENTED_EDGE('',*,*,#5903,.F.);
#5968 = VECTOR('',#16,1.);
#5969 = LINE('',#5895,#5968);
#5970 = EDGE_CURVE('',#5896,#5918,#5969,.T.);
#5971 = ORIENTED_EDGE('',*,*,#5970,.T.);
#5972 = ORIENTED_EDGE('',*,*,#5920,.T.);
#5973 = VECTOR('',#16,1.);
#5974 = LINE('',#5901,#5973);
#5975 = EDGE_CURVE('',#5902,#5919,#5974,.T.);
#5976 = ORIENTED_EDGE('',*,*,#5975,.F.);
#5977 = EDGE_LOOP('',(#5967,#5971,#5972,#5976));
#5978 = FACE_OUTER_BOUND('',#5977,.T.);
#5979 = ADVANCED_FACE('',(#5978),#5966,.T.);
#5980 = AXIS2_PLACEMENT_3D('',#5895,#156,#16);
#5981 = PLANE('',#5980);
#5982 = ORIENTED_EDGE('',*,*,#5897,.F.);
#5983 = VECTOR('',#16,1.);
#5984 = LINE('',#5889,#5983);
#5985 = EDGE_CURVE('',#5890,#5925,#5984,.T.);
#5986 = ORIENTED_EDGE('',*,*,#5985,.T.);
#5987 = ORIENTED_EDGE('',*,*,#5926,.T.);
#5988 = ORIENTED_EDGE('',*,*,#5970,.F.);
#5989 = EDGE_LOOP('',(#5982,#5986,#5987,#5988));
#5990 = FACE_OUTER_BOUND('',#5989,.T.);
#5991 = ADVANCED_FACE('',(#5990),#5981,.T.);
#5992 = AXIS2_PLACEMENT_3D('',#5889,#268,#16);
#5993 = PLANE('',#5992);
#5994 = ORIENTED_EDGE('',*,*,#5891,.F.);
#5995 = VECTOR('',#16,1.);
#5996 = LINE('',#5883,#5995);
#5997 = EDGE_CURVE('',#5884,#5931,#5996,.T.);
#5998 = ORIENTED_EDGE('',*,*,#5997,.T.);
#5999 = ORIENTED_EDGE('',*,*,#5932,.T.);
#6000 = ORIENTED_EDGE('',*,*,#5985,.F.);
#6001 = EDGE_LOOP('',(#5994,#5998,#5999,#6000));
#6002 = FACE_OUTER_BOUND('',#6001,.T.);
#6003 = ADVANCED_FACE('',(#6002),#5993,.T.);
#6004 = AXIS2_PLACEMENT_3D('',#5883,#281,#16);
#6005 = PLANE('',#6004);
#6006 = ORIENTED_EDGE('',*,*,#5885,.F.);
#6007 = VECTOR('',#16,1.);
#6008 = LINE('',#5876,#6007);
#6009 = EDGE_CURVE('',#5878,#5937,#6008,.T.);
#6010 = ORIENTED_EDGE('',*,*,#6009,.T.);
#6011 = ORIENTED_EDGE('',*,*,#5938,.T.);
#6012 = ORIENTED_EDGE('',*,*,#5997,.F.);
#6013 = EDGE_LOOP('',(#6006,#6010,#6011,#6012));
#6014 = FACE_OUTER_BOUND('',#6013,.T.);
#6015 = ADVANCED_FACE('',(#6014),#6005,.T.);
#6016 = AXIS2_PLACEMENT_3D('',#5876,#294,#16);
#6017 = PLANE('',#6016);
#6018 = ORIENTED_EDGE('',*,*,#5879,.T.);
#6019 = VECTOR('',#16,1.);
#6020 = LINE('',#5870,#6019);
#6021 = EDGE_CURVE('',#5872,#5943,#6020,.T.);
#6022 = ORIENTED_EDGE('',*,*,#6021,.T.);
#6023 = ORIENTED_EDGE('',*,*,#5944,.F.);
#6024 = ORIENTED_EDGE('',*,*,#6009,.F.);
#6025 = EDGE_LOOP('',(#6018,#6022,#6023,#6024));
#6026 = FACE_OUTER_BOUND('',#6025,.T.);
#6027 = ADVANCED_FACE('',(#6026),#6017,.T.);
#6028 = AXIS2_PLACEMENT_3D('',#5870,#307,#20);
#6029 = PLANE('',#6028);
#6030 = ORIENTED_EDGE('',*,*,#5873,.T.);
#6031 = VECTOR('',#16,1.);
#6032 = LINE('',#5863,#6031);
#6033 = EDGE_CURVE('',#5865,#5949,#6032,.T.);
#6034 = ORIENTED_EDGE('',*,*,#6033,.T.);
#6035 = ORIENTED_EDGE('',*,*,#5950,.F.);
#6036 = ORIENTED_EDGE('',*,*,#6021,.F.);
#6037 = EDGE_LOOP('',(#6030,#6034,#6035,#6036));
#6038 = FACE_OUTER_BOUND('',#6037,.T.);
#6039 = ADVANCED_FACE('',(#6038),#6029,.T.);
#6040 = AXIS2_PLACEMENT_3D('',#5863,#149,#20);
#6041 = PLANE('',#6040);
#6042 = ORIENTED_EDGE('',*,*,#5867,.T.);
#6043 = VECTOR('',#16,1.);
#6044 = LINE('',#5859,#6043);
#6045 = EDGE_CURVE('',#5866,#5955,#6044,.T.);
#6046 = ORIENTED_EDGE('',*,*,#6045,.T.);
#6047 = ORIENTED_EDGE('',*,*,#5956,.F.);
#6048 = ORIENTED_EDGE('',*,*,#6033,.F.);
#6049 = EDGE_LOOP('',(#6042,#6046,#6047,#6048));
#6050 = FACE_OUTER_BOUND('',#6049,.T.);
#6051 = ADVANCED_FACE('',(#6050),#6041,.T.);
#6052 = AXIS2_PLACEMENT_3D('',#5859,#142,#20);
#6053 = PLANE('',#6052);
#6054 = ORIENTED_EDGE('',*,*,#5907,.T.);
#6055 = ORIENTED_EDGE('',*,*,#5975,.T.);
#6056 = ORIENTED_EDGE('',*,*,#5960,.F.);
#6057 = ORIENTED_EDGE('',*,*,#6045,.F.);
#6058 = EDGE_LOOP('',(#6054,#6055,#6056,#6057));
#6059 = FACE_OUTER_BOUND('',#6058,.T.);
#6060 = ADVANCED_FACE('',(#6059),#6053,.T.);
#6061 = CLOSED_SHELL('',(#5911,#5964,#5979,#5991,#6003,#6015,#6027,#6039,#6051,#6060));
#6062 = MANIFOLD_SOLID_BREP('contact',#6061);
#6063 = CARTESIAN_POINT('',(0.229809704,-35.789809704,8.057));
#6064 = AXIS2_PLACEMENT_3D('',#6063,#20,#21);
#6065 = PLANE('',#6064);
#6066 = VECTOR('',#346,1.);
#6067 = CARTESIAN_POINT('',(0.,-35.885,8.057));
#6068 = LINE('',#6067,#6066);
#6069 = VERTEX_POINT('',#6067);
#6070 = VERTEX_POINT('',#6063);
#6071 = EDGE_CURVE('',#6069,#6070,#6068,.T.);
#6072 = ORIENTED_EDGE('',*,*,#6071,.F.);
#6073 = VECTOR('',#354,1.);
#6074 = CARTESIAN_POINT('',(-0.229809704,-35.789809704,8.057));
#6075 = LINE('',#6074,#6073);
#6076 = VERTEX_POINT('',#6074);
#6077 = EDGE_CURVE('',#6076,#6069,#6075,.T.);
#6078 = ORIENTED_EDGE('',*,*,#6077,.F.);
#6079 = VECTOR('',#361,1.);
#6080 = CARTESIAN_POINT('',(-0.325,-35.56,8.057));
#6081 = LINE('',#6080,#6079);
#6082 = VERTEX_POINT('',#6080);
#6083 = EDGE_CURVE('',#6082,#6076,#6081,.T.);
#6084 = ORIENTED_EDGE('',*,*,#6083,.F.);
#6085 = VECTOR('',#368,1.);
#6086 = LINE('',#6080,#6085);
#6087 = CARTESIAN_POINT('',(-0.229809704,-35.330190296,8.057));
#6088 = VERTEX_POINT('',#6087);
#6089 = EDGE_CURVE('',#6082,#6088,#6086,.T.);
#6090 = ORIENTED_EDGE('',*,*,#6089,.T.);
#6091 = VECTOR('',#346,1.);
#6092 = LINE('',#6087,#6091);
#6093 = CARTESIAN_POINT('',(0.,-35.235,8.057));
#6094 = VERTEX_POINT('',#6093);
#6095 = EDGE_CURVE('',#6088,#6094,#6092,.T.);
#6096 = ORIENTED_EDGE('',*,*,#6095,.T.);
#6097 = VECTOR('',#354,1.);
#6098 = LINE('',#6093,#6097);
#6099 = CARTESIAN_POINT('',(0.229809704,-35.330190296,8.057));
#6100 = VERTEX_POINT('',#6099);
#6101 = EDGE_CURVE('',#6094,#6100,#6098,.T.);
#6102 = ORIENTED_EDGE('',*,*,#6101,.T.);
#6103 = VECTOR('',#361,1.);
#6104 = LINE('',#6099,#6103);
#6105 = CARTESIAN_POINT('',(0.325,-35.56,8.057));
#6106 = VERTEX_POINT('',#6105);
#6107 = EDGE_CURVE('',#6100,#6106,#6104,.T.);
#6108 = ORIENTED_EDGE('',*,*,#6107,.T.);
#6109 = VECTOR('',#368,1.);
#6110 = LINE('',#6063,#6109);
#6111 = EDGE_CURVE('',#6070,#6106,#6110,.T.);
#6112 = ORIENTED_EDGE('',*,*,#6111,.F.);
#6113 = EDGE_LOOP('',(#6072,#6078,#6084,#6090,#6096,#6102,#6108,#6112));
#6114 = FACE_OUTER_BOUND('',#6113,.T.);
#6115 = ADVANCED_FACE('',(#6114),#6065,.T.);
#6116 = CARTESIAN_POINT('',(0.325,-35.56,10.157));
#6117 = AXIS2_PLACEMENT_3D('',#6116,#16,#51);
#6118 = PLANE('',#6117);
#6119 = VECTOR('',#361,1.);
#6120 = CARTESIAN_POINT('',(0.229809704,-35.330190296,10.157));
#6121 = LINE('',#6120,#6119);
#6122 = VERTEX_POINT('',#6120);
#6123 = VERTEX_POINT('',#6116);
#6124 = EDGE_CURVE('',#6122,#6123,#6121,.T.);
#6125 = ORIENTED_EDGE('',*,*,#6124,.F.);
#6126 = VECTOR('',#354,1.);
#6127 = CARTESIAN_POINT('',(0.,-35.235,10.157));
#6128 = LINE('',#6127,#6126);
#6129 = VERTEX_POINT('',#6127);
#6130 = EDGE_CURVE('',#6129,#6122,#6128,.T.);
#6131 = ORIENTED_EDGE('',*,*,#6130,.F.);
#6132 = VECTOR('',#346,1.);
#6133 = CARTESIAN_POINT('',(-0.229809704,-35.330190296,10.157));
#6134 = LINE('',#6133,#6132);
#6135 = VERTEX_POINT('',#6133);
#6136 = EDGE_CURVE('',#6135,#6129,#6134,.T.);
#6137 = ORIENTED_EDGE('',*,*,#6136,.F.);
#6138 = VECTOR('',#368,1.);
#6139 = CARTESIAN_POINT('',(-0.325,-35.56,10.157));
#6140 = LINE('',#6139,#6138);
#6141 = VERTEX_POINT('',#6139);
#6142 = EDGE_CURVE('',#6141,#6135,#6140,.T.);
#6143 = ORIENTED_EDGE('',*,*,#6142,.F.);
#6144 = VECTOR('',#361,1.);
#6145 = LINE('',#6139,#6144);
#6146 = CARTESIAN_POINT('',(-0.229809704,-35.789809704,10.157));
#6147 = VERTEX_POINT('',#6146);
#6148 = EDGE_CURVE('',#6141,#6147,#6145,.T.);
#6149 = ORIENTED_EDGE('',*,*,#6148,.T.);
#6150 = VECTOR('',#354,1.);
#6151 = LINE('',#6146,#6150);
#6152 = CARTESIAN_POINT('',(0.,-35.885,10.157));
#6153 = VERTEX_POINT('',#6152);
#6154 = EDGE_CURVE('',#6147,#6153,#6151,.T.);
#6155 = ORIENTED_EDGE('',*,*,#6154,.T.);
#6156 = VECTOR('',#346,1.);
#6157 = LINE('',#6152,#6156);
#6158 = CARTESIAN_POINT('',(0.229809704,-35.789809704,10.157));
#6159 = VERTEX_POINT('',#6158);
#6160 = EDGE_CURVE('',#6153,#6159,#6157,.T.);
#6161 = ORIENTED_EDGE('',*,*,#6160,.T.);
#6162 = VECTOR('',#368,1.);
#6163 = LINE('',#6158,#6162);
#6164 = EDGE_CURVE('',#6159,#6123,#6163,.T.);
#6165 = ORIENTED_EDGE('',*,*,#6164,.T.);
#6166 = EDGE_LOOP('',(#6125,#6131,#6137,#6143,#6149,#6155,#6161,#6165));
#6167 = FACE_OUTER_BOUND('',#6166,.T.);
#6168 = ADVANCED_FACE('',(#6167),#6118,.T.);
#6169 = AXIS2_PLACEMENT_3D('',#6105,#346,#20);
#6170 = PLANE('',#6169);
#6171 = ORIENTED_EDGE('',*,*,#6107,.F.);
#6172 = VECTOR('',#16,1.);
#6173 = LINE('',#6099,#6172);
#6174 = EDGE_CURVE('',#6100,#6122,#6173,.T.);
#6175 = ORIENTED_EDGE('',*,*,#6174,.T.);
#6176 = ORIENTED_EDGE('',*,*,#6124,.T.);
#6177 = VECTOR('',#16,1.);
#6178 = LINE('',#6105,#6177);
#6179 = EDGE_CURVE('',#6106,#6123,#6178,.T.);
#6180 = ORIENTED_EDGE('',*,*,#6179,.F.);
#6181 = EDGE_LOOP('',(#6171,#6175,#6176,#6180));
#6182 = FACE_OUTER_BOUND('',#6181,.T.);
#6183 = ADVANCED_FACE('',(#6182),#6170,.T.);
#6184 = AXIS2_PLACEMENT_3D('',#6099,#368,#16);
#6185 = PLANE('',#6184);
#6186 = ORIENTED_EDGE('',*,*,#6101,.F.);
#6187 = VECTOR('',#16,1.);
#6188 = LINE('',#6093,#6187);
#6189 = EDGE_CURVE('',#6094,#6129,#6188,.T.);
#6190 = ORIENTED_EDGE('',*,*,#6189,.T.);
#6191 = ORIENTED_EDGE('',*,*,#6130,.T.);
#6192 = ORIENTED_EDGE('',*,*,#6174,.F.);
#6193 = EDGE_LOOP('',(#6186,#6190,#6191,#6192));
#6194 = FACE_OUTER_BOUND('',#6193,.T.);
#6195 = ADVANCED_FACE('',(#6194),#6185,.T.);
#6196 = AXIS2_PLACEMENT_3D('',#6093,#480,#16);
#6197 = PLANE('',#6196);
#6198 = ORIENTED_EDGE('',*,*,#6095,.F.);
#6199 = VECTOR('',#16,1.);
#6200 = LINE('',#6087,#6199);
#6201 = EDGE_CURVE('',#6088,#6135,#6200,.T.);
#6202 = ORIENTED_EDGE('',*,*,#6201,.T.);
#6203 = ORIENTED_EDGE('',*,*,#6136,.T.);
#6204 = ORIENTED_EDGE('',*,*,#6189,.F.);
#6205 = EDGE_LOOP('',(#6198,#6202,#6203,#6204));
#6206 = FACE_OUTER_BOUND('',#6205,.T.);
#6207 = ADVANCED_FACE('',(#6206),#6197,.T.);
#6208 = AXIS2_PLACEMENT_3D('',#6087,#493,#16);
#6209 = PLANE('',#6208);
#6210 = ORIENTED_EDGE('',*,*,#6089,.F.);
#6211 = VECTOR('',#16,1.);
#6212 = LINE('',#6080,#6211);
#6213 = EDGE_CURVE('',#6082,#6141,#6212,.T.);
#6214 = ORIENTED_EDGE('',*,*,#6213,.T.);
#6215 = ORIENTED_EDGE('',*,*,#6142,.T.);
#6216 = ORIENTED_EDGE('',*,*,#6201,.F.);
#6217 = EDGE_LOOP('',(#6210,#6214,#6215,#6216));
#6218 = FACE_OUTER_BOUND('',#6217,.T.);
#6219 = ADVANCED_FACE('',(#6218),#6209,.T.);
#6220 = AXIS2_PLACEMENT_3D('',#6080,#506,#16);
#6221 = PLANE('',#6220);
#6222 = ORIENTED_EDGE('',*,*,#6083,.T.);
#6223 = VECTOR('',#16,1.);
#6224 = LINE('',#6074,#6223);
#6225 = EDGE_CURVE('',#6076,#6147,#6224,.T.);
#6226 = ORIENTED_EDGE('',*,*,#6225,.T.);
#6227 = ORIENTED_EDGE('',*,*,#6148,.F.);
#6228 = ORIENTED_EDGE('',*,*,#6213,.F.);
#6229 = EDGE_LOOP('',(#6222,#6226,#6227,#6228));
#6230 = FACE_OUTER_BOUND('',#6229,.T.);
#6231 = ADVANCED_FACE('',(#6230),#6221,.T.);
#6232 = AXIS2_PLACEMENT_3D('',#6074,#519,#20);
#6233 = PLANE('',#6232);
#6234 = ORIENTED_EDGE('',*,*,#6077,.T.);
#6235 = VECTOR('',#16,1.);
#6236 = LINE('',#6067,#6235);
#6237 = EDGE_CURVE('',#6069,#6153,#6236,.T.);
#6238 = ORIENTED_EDGE('',*,*,#6237,.T.);
#6239 = ORIENTED_EDGE('',*,*,#6154,.F.);
#6240 = ORIENTED_EDGE('',*,*,#6225,.F.);
#6241 = EDGE_LOOP('',(#6234,#6238,#6239,#6240));
#6242 = FACE_OUTER_BOUND('',#6241,.T.);
#6243 = ADVANCED_FACE('',(#6242),#6233,.T.);
#6244 = AXIS2_PLACEMENT_3D('',#6067,#361,#20);
#6245 = PLANE('',#6244);
#6246 = ORIENTED_EDGE('',*,*,#6071,.T.);
#6247 = VECTOR('',#16,1.);
#6248 = LINE('',#6063,#6247);
#6249 = EDGE_CURVE('',#6070,#6159,#6248,.T.);
#6250 = ORIENTED_EDGE('',*,*,#6249,.T.);
#6251 = ORIENTED_EDGE('',*,*,#6160,.F.);
#6252 = ORIENTED_EDGE('',*,*,#6237,.F.);
#6253 = EDGE_LOOP('',(#6246,#6250,#6251,#6252));
#6254 = FACE_OUTER_BOUND('',#6253,.T.);
#6255 = ADVANCED_FACE('',(#6254),#6245,.T.);
#6256 = AXIS2_PLACEMENT_3D('',#6063,#354,#20);
#6257 = PLANE('',#6256);
#6258 = ORIENTED_EDGE('',*,*,#6111,.T.);
#6259 = ORIENTED_EDGE('',*,*,#6179,.T.);
#6260 = ORIENTED_EDGE('',*,*,#6164,.F.);
#6261 = ORIENTED_EDGE('',*,*,#6249,.F.);
#6262 = EDGE_LOOP('',(#6258,#6259,#6260,#6261));
#6263 = FACE_OUTER_BOUND('',#6262,.T.);
#6264 = ADVANCED_FACE('',(#6263),#6257,.T.);
#6265 = CLOSED_SHELL('',(#6115,#6168,#6183,#6195,#6207,#6219,#6231,#6243,#6255,#6264));
#6266 = MANIFOLD_SOLID_BREP('lead',#6265);
#6267 = CARTESIAN_POINT('',(0.166170094,-38.266170094,0.007));
#6268 = AXIS2_PLACEMENT_3D('',#6267,#20,#21);
#6269 = PLANE('',#6268);
#6270 = VECTOR('',#134,1.);
#6271 = CARTESIAN_POINT('',(0.,-38.335,0.007));
#6272 = LINE('',#6271,#6270);
#6273 = VERTEX_POINT('',#6271);
#6274 = VERTEX_POINT('',#6267);
#6275 = EDGE_CURVE('',#6273,#6274,#6272,.T.);
#6276 = ORIENTED_EDGE('',*,*,#6275,.F.);
#6277 = VECTOR('',#142,1.);
#6278 = CARTESIAN_POINT('',(-0.166170094,-38.266170094,0.007));
#6279 = LINE('',#6278,#6277);
#6280 = VERTEX_POINT('',#6278);
#6281 = EDGE_CURVE('',#6280,#6273,#6279,.T.);
#6282 = ORIENTED_EDGE('',*,*,#6281,.F.);
#6283 = VECTOR('',#149,1.);
#6284 = CARTESIAN_POINT('',(-0.235,-38.1,0.007));
#6285 = LINE('',#6284,#6283);
#6286 = VERTEX_POINT('',#6284);
#6287 = EDGE_CURVE('',#6286,#6280,#6285,.T.);
#6288 = ORIENTED_EDGE('',*,*,#6287,.F.);
#6289 = VECTOR('',#156,1.);
#6290 = LINE('',#6284,#6289);
#6291 = CARTESIAN_POINT('',(-0.166170094,-37.933829906,0.007));
#6292 = VERTEX_POINT('',#6291);
#6293 = EDGE_CURVE('',#6286,#6292,#6290,.T.);
#6294 = ORIENTED_EDGE('',*,*,#6293,.T.);
#6295 = VECTOR('',#134,1.);
#6296 = LINE('',#6291,#6295);
#6297 = CARTESIAN_POINT('',(0.,-37.865,0.007));
#6298 = VERTEX_POINT('',#6297);
#6299 = EDGE_CURVE('',#6292,#6298,#6296,.T.);
#6300 = ORIENTED_EDGE('',*,*,#6299,.T.);
#6301 = VECTOR('',#142,1.);
#6302 = LINE('',#6297,#6301);
#6303 = CARTESIAN_POINT('',(0.166170094,-37.933829906,0.007));
#6304 = VERTEX_POINT('',#6303);
#6305 = EDGE_CURVE('',#6298,#6304,#6302,.T.);
#6306 = ORIENTED_EDGE('',*,*,#6305,.T.);
#6307 = VECTOR('',#149,1.);
#6308 = LINE('',#6303,#6307);
#6309 = CARTESIAN_POINT('',(0.235,-38.1,0.007));
#6310 = VERTEX_POINT('',#6309);
#6311 = EDGE_CURVE('',#6304,#6310,#6308,.T.);
#6312 = ORIENTED_EDGE('',*,*,#6311,.T.);
#6313 = VECTOR('',#156,1.);
#6314 = LINE('',#6267,#6313);
#6315 = EDGE_CURVE('',#6274,#6310,#6314,.T.);
#6316 = ORIENTED_EDGE('',*,*,#6315,.F.);
#6317 = EDGE_LOOP('',(#6276,#6282,#6288,#6294,#6300,#6306,#6312,#6316));
#6318 = FACE_OUTER_BOUND('',#6317,.T.);
#6319 = ADVANCED_FACE('',(#6318),#6269,.T.);
#6320 = CARTESIAN_POINT('',(0.235,-38.1,4.007));
#6321 = AXIS2_PLACEMENT_3D('',#6320,#16,#51);
#6322 = PLANE('',#6321);
#6323 = VECTOR('',#149,1.);
#6324 = CARTESIAN_POINT('',(0.166170094,-37.933829906,4.007));
#6325 = LINE('',#6324,#6323);
#6326 = VERTEX_POINT('',#6324);
#6327 = VERTEX_POINT('',#6320);
#6328 = EDGE_CURVE('',#6326,#6327,#6325,.T.);
#6329 = ORIENTED_EDGE('',*,*,#6328,.F.);
#6330 = VECTOR('',#142,1.);
#6331 = CARTESIAN_POINT('',(0.,-37.865,4.007));
#6332 = LINE('',#6331,#6330);
#6333 = VERTEX_POINT('',#6331);
#6334 = EDGE_CURVE('',#6333,#6326,#6332,.T.);
#6335 = ORIENTED_EDGE('',*,*,#6334,.F.);
#6336 = VECTOR('',#134,1.);
#6337 = CARTESIAN_POINT('',(-0.166170094,-37.933829906,4.007));
#6338 = LINE('',#6337,#6336);
#6339 = VERTEX_POINT('',#6337);
#6340 = EDGE_CURVE('',#6339,#6333,#6338,.T.);
#6341 = ORIENTED_EDGE('',*,*,#6340,.F.);
#6342 = VECTOR('',#156,1.);
#6343 = CARTESIAN_POINT('',(-0.235,-38.1,4.007));
#6344 = LINE('',#6343,#6342);
#6345 = VERTEX_POINT('',#6343);
#6346 = EDGE_CURVE('',#6345,#6339,#6344,.T.);
#6347 = ORIENTED_EDGE('',*,*,#6346,.F.);
#6348 = VECTOR('',#149,1.);
#6349 = LINE('',#6343,#6348);
#6350 = CARTESIAN_POINT('',(-0.166170094,-38.266170094,4.007));
#6351 = VERTEX_POINT('',#6350);
#6352 = EDGE_CURVE('',#6345,#6351,#6349,.T.);
#6353 = ORIENTED_EDGE('',*,*,#6352,.T.);
#6354 = VECTOR('',#142,1.);
#6355 = LINE('',#6350,#6354);
#6356 = CARTESIAN_POINT('',(0.,-38.335,4.007));
#6357 = VERTEX_POINT('',#6356);
#6358 = EDGE_CURVE('',#6351,#6357,#6355,.T.);
#6359 = ORIENTED_EDGE('',*,*,#6358,.T.);
#6360 = VECTOR('',#134,1.);
#6361 = LINE('',#6356,#6360);
#6362 = CARTESIAN_POINT('',(0.166170094,-38.266170094,4.007));
#6363 = VERTEX_POINT('',#6362);
#6364 = EDGE_CURVE('',#6357,#6363,#6361,.T.);
#6365 = ORIENTED_EDGE('',*,*,#6364,.T.);
#6366 = VECTOR('',#156,1.);
#6367 = LINE('',#6362,#6366);
#6368 = EDGE_CURVE('',#6363,#6327,#6367,.T.);
#6369 = ORIENTED_EDGE('',*,*,#6368,.T.);
#6370 = EDGE_LOOP('',(#6329,#6335,#6341,#6347,#6353,#6359,#6365,#6369));
#6371 = FACE_OUTER_BOUND('',#6370,.T.);
#6372 = ADVANCED_FACE('',(#6371),#6322,.T.);
#6373 = AXIS2_PLACEMENT_3D('',#6309,#134,#20);
#6374 = PLANE('',#6373);
#6375 = ORIENTED_EDGE('',*,*,#6311,.F.);
#6376 = VECTOR('',#16,1.);
#6377 = LINE('',#6303,#6376);
#6378 = EDGE_CURVE('',#6304,#6326,#6377,.T.);
#6379 = ORIENTED_EDGE('',*,*,#6378,.T.);
#6380 = ORIENTED_EDGE('',*,*,#6328,.T.);
#6381 = VECTOR('',#16,1.);
#6382 = LINE('',#6309,#6381);
#6383 = EDGE_CURVE('',#6310,#6327,#6382,.T.);
#6384 = ORIENTED_EDGE('',*,*,#6383,.F.);
#6385 = EDGE_LOOP('',(#6375,#6379,#6380,#6384));
#6386 = FACE_OUTER_BOUND('',#6385,.T.);
#6387 = ADVANCED_FACE('',(#6386),#6374,.T.);
#6388 = AXIS2_PLACEMENT_3D('',#6303,#156,#16);
#6389 = PLANE('',#6388);
#6390 = ORIENTED_EDGE('',*,*,#6305,.F.);
#6391 = VECTOR('',#16,1.);
#6392 = LINE('',#6297,#6391);
#6393 = EDGE_CURVE('',#6298,#6333,#6392,.T.);
#6394 = ORIENTED_EDGE('',*,*,#6393,.T.);
#6395 = ORIENTED_EDGE('',*,*,#6334,.T.);
#6396 = ORIENTED_EDGE('',*,*,#6378,.F.);
#6397 = EDGE_LOOP('',(#6390,#6394,#6395,#6396));
#6398 = FACE_OUTER_BOUND('',#6397,.T.);
#6399 = ADVANCED_FACE('',(#6398),#6389,.T.);
#6400 = AXIS2_PLACEMENT_3D('',#6297,#268,#16);
#6401 = PLANE('',#6400);
#6402 = ORIENTED_EDGE('',*,*,#6299,.F.);
#6403 = VECTOR('',#16,1.);
#6404 = LINE('',#6291,#6403);
#6405 = EDGE_CURVE('',#6292,#6339,#6404,.T.);
#6406 = ORIENTED_EDGE('',*,*,#6405,.T.);
#6407 = ORIENTED_EDGE('',*,*,#6340,.T.);
#6408 = ORIENTED_EDGE('',*,*,#6393,.F.);
#6409 = EDGE_LOOP('',(#6402,#6406,#6407,#6408));
#6410 = FACE_OUTER_BOUND('',#6409,.T.);
#6411 = ADVANCED_FACE('',(#6410),#6401,.T.);
#6412 = AXIS2_PLACEMENT_3D('',#6291,#281,#16);
#6413 = PLANE('',#6412);
#6414 = ORIENTED_EDGE('',*,*,#6293,.F.);
#6415 = VECTOR('',#16,1.);
#6416 = LINE('',#6284,#6415);
#6417 = EDGE_CURVE('',#6286,#6345,#6416,.T.);
#6418 = ORIENTED_EDGE('',*,*,#6417,.T.);
#6419 = ORIENTED_EDGE('',*,*,#6346,.T.);
#6420 = ORIENTED_EDGE('',*,*,#6405,.F.);
#6421 = EDGE_LOOP('',(#6414,#6418,#6419,#6420));
#6422 = FACE_OUTER_BOUND('',#6421,.T.);
#6423 = ADVANCED_FACE('',(#6422),#6413,.T.);
#6424 = AXIS2_PLACEMENT_3D('',#6284,#294,#16);
#6425 = PLANE('',#6424);
#6426 = ORIENTED_EDGE('',*,*,#6287,.T.);
#6427 = VECTOR('',#16,1.);
#6428 = LINE('',#6278,#6427);
#6429 = EDGE_CURVE('',#6280,#6351,#6428,.T.);
#6430 = ORIENTED_EDGE('',*,*,#6429,.T.);
#6431 = ORIENTED_EDGE('',*,*,#6352,.F.);
#6432 = ORIENTED_EDGE('',*,*,#6417,.F.);
#6433 = EDGE_LOOP('',(#6426,#6430,#6431,#6432));
#6434 = FACE_OUTER_BOUND('',#6433,.T.);
#6435 = ADVANCED_FACE('',(#6434),#6425,.T.);
#6436 = AXIS2_PLACEMENT_3D('',#6278,#307,#20);
#6437 = PLANE('',#6436);
#6438 = ORIENTED_EDGE('',*,*,#6281,.T.);
#6439 = VECTOR('',#16,1.);
#6440 = LINE('',#6271,#6439);
#6441 = EDGE_CURVE('',#6273,#6357,#6440,.T.);
#6442 = ORIENTED_EDGE('',*,*,#6441,.T.);
#6443 = ORIENTED_EDGE('',*,*,#6358,.F.);
#6444 = ORIENTED_EDGE('',*,*,#6429,.F.);
#6445 = EDGE_LOOP('',(#6438,#6442,#6443,#6444));
#6446 = FACE_OUTER_BOUND('',#6445,.T.);
#6447 = ADVANCED_FACE('',(#6446),#6437,.T.);
#6448 = AXIS2_PLACEMENT_3D('',#6271,#149,#20);
#6449 = PLANE('',#6448);
#6450 = ORIENTED_EDGE('',*,*,#6275,.T.);
#6451 = VECTOR('',#16,1.);
#6452 = LINE('',#6267,#6451);
#6453 = EDGE_CURVE('',#6274,#6363,#6452,.T.);
#6454 = ORIENTED_EDGE('',*,*,#6453,.T.);
#6455 = ORIENTED_EDGE('',*,*,#6364,.F.);
#6456 = ORIENTED_EDGE('',*,*,#6441,.F.);
#6457 = EDGE_LOOP('',(#6450,#6454,#6455,#6456));
#6458 = FACE_OUTER_BOUND('',#6457,.T.);
#6459 = ADVANCED_FACE('',(#6458),#6449,.T.);
#6460 = AXIS2_PLACEMENT_3D('',#6267,#142,#20);
#6461 = PLANE('',#6460);
#6462 = ORIENTED_EDGE('',*,*,#6315,.T.);
#6463 = ORIENTED_EDGE('',*,*,#6383,.T.);
#6464 = ORIENTED_EDGE('',*,*,#6368,.F.);
#6465 = ORIENTED_EDGE('',*,*,#6453,.F.);
#6466 = EDGE_LOOP('',(#6462,#6463,#6464,#6465));
#6467 = FACE_OUTER_BOUND('',#6466,.T.);
#6468 = ADVANCED_FACE('',(#6467),#6461,.T.);
#6469 = CLOSED_SHELL('',(#6319,#6372,#6387,#6399,#6411,#6423,#6435,#6447,#6459,#6468));
#6470 = MANIFOLD_SOLID_BREP('contact',#6469);
#6471 = CARTESIAN_POINT('',(0.229809704,-38.329809704,8.057));
#6472 = AXIS2_PLACEMENT_3D('',#6471,#20,#21);
#6473 = PLANE('',#6472);
#6474 = VECTOR('',#346,1.);
#6475 = CARTESIAN_POINT('',(0.,-38.425,8.057));
#6476 = LINE('',#6475,#6474);
#6477 = VERTEX_POINT('',#6475);
#6478 = VERTEX_POINT('',#6471);
#6479 = EDGE_CURVE('',#6477,#6478,#6476,.T.);
#6480 = ORIENTED_EDGE('',*,*,#6479,.F.);
#6481 = VECTOR('',#354,1.);
#6482 = CARTESIAN_POINT('',(-0.229809704,-38.329809704,8.057));
#6483 = LINE('',#6482,#6481);
#6484 = VERTEX_POINT('',#6482);
#6485 = EDGE_CURVE('',#6484,#6477,#6483,.T.);
#6486 = ORIENTED_EDGE('',*,*,#6485,.F.);
#6487 = VECTOR('',#361,1.);
#6488 = CARTESIAN_POINT('',(-0.325,-38.1,8.057));
#6489 = LINE('',#6488,#6487);
#6490 = VERTEX_POINT('',#6488);
#6491 = EDGE_CURVE('',#6490,#6484,#6489,.T.);
#6492 = ORIENTED_EDGE('',*,*,#6491,.F.);
#6493 = VECTOR('',#368,1.);
#6494 = LINE('',#6488,#6493);
#6495 = CARTESIAN_POINT('',(-0.229809704,-37.870190296,8.057));
#6496 = VERTEX_POINT('',#6495);
#6497 = EDGE_CURVE('',#6490,#6496,#6494,.T.);
#6498 = ORIENTED_EDGE('',*,*,#6497,.T.);
#6499 = VECTOR('',#346,1.);
#6500 = LINE('',#6495,#6499);
#6501 = CARTESIAN_POINT('',(0.,-37.775,8.057));
#6502 = VERTEX_POINT('',#6501);
#6503 = EDGE_CURVE('',#6496,#6502,#6500,.T.);
#6504 = ORIENTED_EDGE('',*,*,#6503,.T.);
#6505 = VECTOR('',#354,1.);
#6506 = LINE('',#6501,#6505);
#6507 = CARTESIAN_POINT('',(0.229809704,-37.870190296,8.057));
#6508 = VERTEX_POINT('',#6507);
#6509 = EDGE_CURVE('',#6502,#6508,#6506,.T.);
#6510 = ORIENTED_EDGE('',*,*,#6509,.T.);
#6511 = VECTOR('',#361,1.);
#6512 = LINE('',#6507,#6511);
#6513 = CARTESIAN_POINT('',(0.325,-38.1,8.057));
#6514 = VERTEX_POINT('',#6513);
#6515 = EDGE_CURVE('',#6508,#6514,#6512,.T.);
#6516 = ORIENTED_EDGE('',*,*,#6515,.T.);
#6517 = VECTOR('',#368,1.);
#6518 = LINE('',#6471,#6517);
#6519 = EDGE_CURVE('',#6478,#6514,#6518,.T.);
#6520 = ORIENTED_EDGE('',*,*,#6519,.F.);
#6521 = EDGE_LOOP('',(#6480,#6486,#6492,#6498,#6504,#6510,#6516,#6520));
#6522 = FACE_OUTER_BOUND('',#6521,.T.);
#6523 = ADVANCED_FACE('',(#6522),#6473,.T.);
#6524 = CARTESIAN_POINT('',(0.325,-38.1,10.157));
#6525 = AXIS2_PLACEMENT_3D('',#6524,#16,#51);
#6526 = PLANE('',#6525);
#6527 = VECTOR('',#361,1.);
#6528 = CARTESIAN_POINT('',(0.229809704,-37.870190296,10.157));
#6529 = LINE('',#6528,#6527);
#6530 = VERTEX_POINT('',#6528);
#6531 = VERTEX_POINT('',#6524);
#6532 = EDGE_CURVE('',#6530,#6531,#6529,.T.);
#6533 = ORIENTED_EDGE('',*,*,#6532,.F.);
#6534 = VECTOR('',#354,1.);
#6535 = CARTESIAN_POINT('',(0.,-37.775,10.157));
#6536 = LINE('',#6535,#6534);
#6537 = VERTEX_POINT('',#6535);
#6538 = EDGE_CURVE('',#6537,#6530,#6536,.T.);
#6539 = ORIENTED_EDGE('',*,*,#6538,.F.);
#6540 = VECTOR('',#346,1.);
#6541 = CARTESIAN_POINT('',(-0.229809704,-37.870190296,10.157));
#6542 = LINE('',#6541,#6540);
#6543 = VERTEX_POINT('',#6541);
#6544 = EDGE_CURVE('',#6543,#6537,#6542,.T.);
#6545 = ORIENTED_EDGE('',*,*,#6544,.F.);
#6546 = VECTOR('',#368,1.);
#6547 = CARTESIAN_POINT('',(-0.325,-38.1,10.157));
#6548 = LINE('',#6547,#6546);
#6549 = VERTEX_POINT('',#6547);
#6550 = EDGE_CURVE('',#6549,#6543,#6548,.T.);
#6551 = ORIENTED_EDGE('',*,*,#6550,.F.);
#6552 = VECTOR('',#361,1.);
#6553 = LINE('',#6547,#6552);
#6554 = CARTESIAN_POINT('',(-0.229809704,-38.329809704,10.157));
#6555 = VERTEX_POINT('',#6554);
#6556 = EDGE_CURVE('',#6549,#6555,#6553,.T.);
#6557 = ORIENTED_EDGE('',*,*,#6556,.T.);
#6558 = VECTOR('',#354,1.);
#6559 = LINE('',#6554,#6558);
#6560 = CARTESIAN_POINT('',(0.,-38.425,10.157));
#6561 = VERTEX_POINT('',#6560);
#6562 = EDGE_CURVE('',#6555,#6561,#6559,.T.);
#6563 = ORIENTED_EDGE('',*,*,#6562,.T.);
#6564 = VECTOR('',#346,1.);
#6565 = LINE('',#6560,#6564);
#6566 = CARTESIAN_POINT('',(0.229809704,-38.329809704,10.157));
#6567 = VERTEX_POINT('',#6566);
#6568 = EDGE_CURVE('',#6561,#6567,#6565,.T.);
#6569 = ORIENTED_EDGE('',*,*,#6568,.T.);
#6570 = VECTOR('',#368,1.);
#6571 = LINE('',#6566,#6570);
#6572 = EDGE_CURVE('',#6567,#6531,#6571,.T.);
#6573 = ORIENTED_EDGE('',*,*,#6572,.T.);
#6574 = EDGE_LOOP('',(#6533,#6539,#6545,#6551,#6557,#6563,#6569,#6573));
#6575 = FACE_OUTER_BOUND('',#6574,.T.);
#6576 = ADVANCED_FACE('',(#6575),#6526,.T.);
#6577 = AXIS2_PLACEMENT_3D('',#6513,#346,#20);
#6578 = PLANE('',#6577);
#6579 = ORIENTED_EDGE('',*,*,#6515,.F.);
#6580 = VECTOR('',#16,1.);
#6581 = LINE('',#6507,#6580);
#6582 = EDGE_CURVE('',#6508,#6530,#6581,.T.);
#6583 = ORIENTED_EDGE('',*,*,#6582,.T.);
#6584 = ORIENTED_EDGE('',*,*,#6532,.T.);
#6585 = VECTOR('',#16,1.);
#6586 = LINE('',#6513,#6585);
#6587 = EDGE_CURVE('',#6514,#6531,#6586,.T.);
#6588 = ORIENTED_EDGE('',*,*,#6587,.F.);
#6589 = EDGE_LOOP('',(#6579,#6583,#6584,#6588));
#6590 = FACE_OUTER_BOUND('',#6589,.T.);
#6591 = ADVANCED_FACE('',(#6590),#6578,.T.);
#6592 = AXIS2_PLACEMENT_3D('',#6507,#368,#16);
#6593 = PLANE('',#6592);
#6594 = ORIENTED_EDGE('',*,*,#6509,.F.);
#6595 = VECTOR('',#16,1.);
#6596 = LINE('',#6501,#6595);
#6597 = EDGE_CURVE('',#6502,#6537,#6596,.T.);
#6598 = ORIENTED_EDGE('',*,*,#6597,.T.);
#6599 = ORIENTED_EDGE('',*,*,#6538,.T.);
#6600 = ORIENTED_EDGE('',*,*,#6582,.F.);
#6601 = EDGE_LOOP('',(#6594,#6598,#6599,#6600));
#6602 = FACE_OUTER_BOUND('',#6601,.T.);
#6603 = ADVANCED_FACE('',(#6602),#6593,.T.);
#6604 = AXIS2_PLACEMENT_3D('',#6501,#480,#16);
#6605 = PLANE('',#6604);
#6606 = ORIENTED_EDGE('',*,*,#6503,.F.);
#6607 = VECTOR('',#16,1.);
#6608 = LINE('',#6495,#6607);
#6609 = EDGE_CURVE('',#6496,#6543,#6608,.T.);
#6610 = ORIENTED_EDGE('',*,*,#6609,.T.);
#6611 = ORIENTED_EDGE('',*,*,#6544,.T.);
#6612 = ORIENTED_EDGE('',*,*,#6597,.F.);
#6613 = EDGE_LOOP('',(#6606,#6610,#6611,#6612));
#6614 = FACE_OUTER_BOUND('',#6613,.T.);
#6615 = ADVANCED_FACE('',(#6614),#6605,.T.);
#6616 = AXIS2_PLACEMENT_3D('',#6495,#493,#16);
#6617 = PLANE('',#6616);
#6618 = ORIENTED_EDGE('',*,*,#6497,.F.);
#6619 = VECTOR('',#16,1.);
#6620 = LINE('',#6488,#6619);
#6621 = EDGE_CURVE('',#6490,#6549,#6620,.T.);
#6622 = ORIENTED_EDGE('',*,*,#6621,.T.);
#6623 = ORIENTED_EDGE('',*,*,#6550,.T.);
#6624 = ORIENTED_EDGE('',*,*,#6609,.F.);
#6625 = EDGE_LOOP('',(#6618,#6622,#6623,#6624));
#6626 = FACE_OUTER_BOUND('',#6625,.T.);
#6627 = ADVANCED_FACE('',(#6626),#6617,.T.);
#6628 = AXIS2_PLACEMENT_3D('',#6488,#506,#16);
#6629 = PLANE('',#6628);
#6630 = ORIENTED_EDGE('',*,*,#6491,.T.);
#6631 = VECTOR('',#16,1.);
#6632 = LINE('',#6482,#6631);
#6633 = EDGE_CURVE('',#6484,#6555,#6632,.T.);
#6634 = ORIENTED_EDGE('',*,*,#6633,.T.);
#6635 = ORIENTED_EDGE('',*,*,#6556,.F.);
#6636 = ORIENTED_EDGE('',*,*,#6621,.F.);
#6637 = EDGE_LOOP('',(#6630,#6634,#6635,#6636));
#6638 = FACE_OUTER_BOUND('',#6637,.T.);
#6639 = ADVANCED_FACE('',(#6638),#6629,.T.);
#6640 = AXIS2_PLACEMENT_3D('',#6482,#519,#20);
#6641 = PLANE('',#6640);
#6642 = ORIENTED_EDGE('',*,*,#6485,.T.);
#6643 = VECTOR('',#16,1.);
#6644 = LINE('',#6475,#6643);
#6645 = EDGE_CURVE('',#6477,#6561,#6644,.T.);
#6646 = ORIENTED_EDGE('',*,*,#6645,.T.);
#6647 = ORIENTED_EDGE('',*,*,#6562,.F.);
#6648 = ORIENTED_EDGE('',*,*,#6633,.F.);
#6649 = EDGE_LOOP('',(#6642,#6646,#6647,#6648));
#6650 = FACE_OUTER_BOUND('',#6649,.T.);
#6651 = ADVANCED_FACE('',(#6650),#6641,.T.);
#6652 = AXIS2_PLACEMENT_3D('',#6475,#361,#20);
#6653 = PLANE('',#6652);
#6654 = ORIENTED_EDGE('',*,*,#6479,.T.);
#6655 = VECTOR('',#16,1.);
#6656 = LINE('',#6471,#6655);
#6657 = EDGE_CURVE('',#6478,#6567,#6656,.T.);
#6658 = ORIENTED_EDGE('',*,*,#6657,.T.);
#6659 = ORIENTED_EDGE('',*,*,#6568,.F.);
#6660 = ORIENTED_EDGE('',*,*,#6645,.F.);
#6661 = EDGE_LOOP('',(#6654,#6658,#6659,#6660));
#6662 = FACE_OUTER_BOUND('',#6661,.T.);
#6663 = ADVANCED_FACE('',(#6662),#6653,.T.);
#6664 = AXIS2_PLACEMENT_3D('',#6471,#354,#20);
#6665 = PLANE('',#6664);
#6666 = ORIENTED_EDGE('',*,*,#6519,.T.);
#6667 = ORIENTED_EDGE('',*,*,#6587,.T.);
#6668 = ORIENTED_EDGE('',*,*,#6572,.F.);
#6669 = ORIENTED_EDGE('',*,*,#6657,.F.);
#6670 = EDGE_LOOP('',(#6666,#6667,#6668,#6669));
#6671 = FACE_OUTER_BOUND('',#6670,.T.);
#6672 = ADVANCED_FACE('',(#6671),#6665,.T.);
#6673 = CLOSED_SHELL('',(#6523,#6576,#6591,#6603,#6615,#6627,#6639,#6651,#6663,#6672));
#6674 = MANIFOLD_SOLID_BREP('lead',#6673);
#6675 = CARTESIAN_POINT('',(0.166170094,-40.806170094,0.007));
#6676 = AXIS2_PLACEMENT_3D('',#6675,#20,#21);
#6677 = PLANE('',#6676);
#6678 = VECTOR('',#134,1.);
#6679 = CARTESIAN_POINT('',(0.,-40.875,0.007));
#6680 = LINE('',#6679,#6678);
#6681 = VERTEX_POINT('',#6679);
#6682 = VERTEX_POINT('',#6675);
#6683 = EDGE_CURVE('',#6681,#6682,#6680,.T.);
#6684 = ORIENTED_EDGE('',*,*,#6683,.F.);
#6685 = VECTOR('',#142,1.);
#6686 = CARTESIAN_POINT('',(-0.166170094,-40.806170094,0.007));
#6687 = LINE('',#6686,#6685);
#6688 = VERTEX_POINT('',#6686);
#6689 = EDGE_CURVE('',#6688,#6681,#6687,.T.);
#6690 = ORIENTED_EDGE('',*,*,#6689,.F.);
#6691 = VECTOR('',#149,1.);
#6692 = CARTESIAN_POINT('',(-0.235,-40.64,0.007));
#6693 = LINE('',#6692,#6691);
#6694 = VERTEX_POINT('',#6692);
#6695 = EDGE_CURVE('',#6694,#6688,#6693,.T.);
#6696 = ORIENTED_EDGE('',*,*,#6695,.F.);
#6697 = VECTOR('',#156,1.);
#6698 = LINE('',#6692,#6697);
#6699 = CARTESIAN_POINT('',(-0.166170094,-40.473829906,0.007));
#6700 = VERTEX_POINT('',#6699);
#6701 = EDGE_CURVE('',#6694,#6700,#6698,.T.);
#6702 = ORIENTED_EDGE('',*,*,#6701,.T.);
#6703 = VECTOR('',#134,1.);
#6704 = LINE('',#6699,#6703);
#6705 = CARTESIAN_POINT('',(0.,-40.405,0.007));
#6706 = VERTEX_POINT('',#6705);
#6707 = EDGE_CURVE('',#6700,#6706,#6704,.T.);
#6708 = ORIENTED_EDGE('',*,*,#6707,.T.);
#6709 = VECTOR('',#142,1.);
#6710 = LINE('',#6705,#6709);
#6711 = CARTESIAN_POINT('',(0.166170094,-40.473829906,0.007));
#6712 = VERTEX_POINT('',#6711);
#6713 = EDGE_CURVE('',#6706,#6712,#6710,.T.);
#6714 = ORIENTED_EDGE('',*,*,#6713,.T.);
#6715 = VECTOR('',#149,1.);
#6716 = LINE('',#6711,#6715);
#6717 = CARTESIAN_POINT('',(0.235,-40.64,0.007));
#6718 = VERTEX_POINT('',#6717);
#6719 = EDGE_CURVE('',#6712,#6718,#6716,.T.);
#6720 = ORIENTED_EDGE('',*,*,#6719,.T.);
#6721 = VECTOR('',#156,1.);
#6722 = LINE('',#6675,#6721);
#6723 = EDGE_CURVE('',#6682,#6718,#6722,.T.);
#6724 = ORIENTED_EDGE('',*,*,#6723,.F.);
#6725 = EDGE_LOOP('',(#6684,#6690,#6696,#6702,#6708,#6714,#6720,#6724));
#6726 = FACE_OUTER_BOUND('',#6725,.T.);
#6727 = ADVANCED_FACE('',(#6726),#6677,.T.);
#6728 = CARTESIAN_POINT('',(0.235,-40.64,4.007));
#6729 = AXIS2_PLACEMENT_3D('',#6728,#16,#51);
#6730 = PLANE('',#6729);
#6731 = VECTOR('',#149,1.);
#6732 = CARTESIAN_POINT('',(0.166170094,-40.473829906,4.007));
#6733 = LINE('',#6732,#6731);
#6734 = VERTEX_POINT('',#6732);
#6735 = VERTEX_POINT('',#6728);
#6736 = EDGE_CURVE('',#6734,#6735,#6733,.T.);
#6737 = ORIENTED_EDGE('',*,*,#6736,.F.);
#6738 = VECTOR('',#142,1.);
#6739 = CARTESIAN_POINT('',(0.,-40.405,4.007));
#6740 = LINE('',#6739,#6738);
#6741 = VERTEX_POINT('',#6739);
#6742 = EDGE_CURVE('',#6741,#6734,#6740,.T.);
#6743 = ORIENTED_EDGE('',*,*,#6742,.F.);
#6744 = VECTOR('',#134,1.);
#6745 = CARTESIAN_POINT('',(-0.166170094,-40.473829906,4.007));
#6746 = LINE('',#6745,#6744);
#6747 = VERTEX_POINT('',#6745);
#6748 = EDGE_CURVE('',#6747,#6741,#6746,.T.);
#6749 = ORIENTED_EDGE('',*,*,#6748,.F.);
#6750 = VECTOR('',#156,1.);
#6751 = CARTESIAN_POINT('',(-0.235,-40.64,4.007));
#6752 = LINE('',#6751,#6750);
#6753 = VERTEX_POINT('',#6751);
#6754 = EDGE_CURVE('',#6753,#6747,#6752,.T.);
#6755 = ORIENTED_EDGE('',*,*,#6754,.F.);
#6756 = VECTOR('',#149,1.);
#6757 = LINE('',#6751,#6756);
#6758 = CARTESIAN_POINT('',(-0.166170094,-40.806170094,4.007));
#6759 = VERTEX_POINT('',#6758);
#6760 = EDGE_CURVE('',#6753,#6759,#6757,.T.);
#6761 = ORIENTED_EDGE('',*,*,#6760,.T.);
#6762 = VECTOR('',#142,1.);
#6763 = LINE('',#6758,#6762);
#6764 = CARTESIAN_POINT('',(0.,-40.875,4.007));
#6765 = VERTEX_POINT('',#6764);
#6766 = EDGE_CURVE('',#6759,#6765,#6763,.T.);
#6767 = ORIENTED_EDGE('',*,*,#6766,.T.);
#6768 = VECTOR('',#134,1.);
#6769 = LINE('',#6764,#6768);
#6770 = CARTESIAN_POINT('',(0.166170094,-40.806170094,4.007));
#6771 = VERTEX_POINT('',#6770);
#6772 = EDGE_CURVE('',#6765,#6771,#6769,.T.);
#6773 = ORIENTED_EDGE('',*,*,#6772,.T.);
#6774 = VECTOR('',#156,1.);
#6775 = LINE('',#6770,#6774);
#6776 = EDGE_CURVE('',#6771,#6735,#6775,.T.);
#6777 = ORIENTED_EDGE('',*,*,#6776,.T.);
#6778 = EDGE_LOOP('',(#6737,#6743,#6749,#6755,#6761,#6767,#6773,#6777));
#6779 = FACE_OUTER_BOUND('',#6778,.T.);
#6780 = ADVANCED_FACE('',(#6779),#6730,.T.);
#6781 = AXIS2_PLACEMENT_3D('',#6717,#134,#20);
#6782 = PLANE('',#6781);
#6783 = ORIENTED_EDGE('',*,*,#6719,.F.);
#6784 = VECTOR('',#16,1.);
#6785 = LINE('',#6711,#6784);
#6786 = EDGE_CURVE('',#6712,#6734,#6785,.T.);
#6787 = ORIENTED_EDGE('',*,*,#6786,.T.);
#6788 = ORIENTED_EDGE('',*,*,#6736,.T.);
#6789 = VECTOR('',#16,1.);
#6790 = LINE('',#6717,#6789);
#6791 = EDGE_CURVE('',#6718,#6735,#6790,.T.);
#6792 = ORIENTED_EDGE('',*,*,#6791,.F.);
#6793 = EDGE_LOOP('',(#6783,#6787,#6788,#6792));
#6794 = FACE_OUTER_BOUND('',#6793,.T.);
#6795 = ADVANCED_FACE('',(#6794),#6782,.T.);
#6796 = AXIS2_PLACEMENT_3D('',#6711,#156,#16);
#6797 = PLANE('',#6796);
#6798 = ORIENTED_EDGE('',*,*,#6713,.F.);
#6799 = VECTOR('',#16,1.);
#6800 = LINE('',#6705,#6799);
#6801 = EDGE_CURVE('',#6706,#6741,#6800,.T.);
#6802 = ORIENTED_EDGE('',*,*,#6801,.T.);
#6803 = ORIENTED_EDGE('',*,*,#6742,.T.);
#6804 = ORIENTED_EDGE('',*,*,#6786,.F.);
#6805 = EDGE_LOOP('',(#6798,#6802,#6803,#6804));
#6806 = FACE_OUTER_BOUND('',#6805,.T.);
#6807 = ADVANCED_FACE('',(#6806),#6797,.T.);
#6808 = AXIS2_PLACEMENT_3D('',#6705,#268,#16);
#6809 = PLANE('',#6808);
#6810 = ORIENTED_EDGE('',*,*,#6707,.F.);
#6811 = VECTOR('',#16,1.);
#6812 = LINE('',#6699,#6811);
#6813 = EDGE_CURVE('',#6700,#6747,#6812,.T.);
#6814 = ORIENTED_EDGE('',*,*,#6813,.T.);
#6815 = ORIENTED_EDGE('',*,*,#6748,.T.);
#6816 = ORIENTED_EDGE('',*,*,#6801,.F.);
#6817 = EDGE_LOOP('',(#6810,#6814,#6815,#6816));
#6818 = FACE_OUTER_BOUND('',#6817,.T.);
#6819 = ADVANCED_FACE('',(#6818),#6809,.T.);
#6820 = AXIS2_PLACEMENT_3D('',#6699,#281,#16);
#6821 = PLANE('',#6820);
#6822 = ORIENTED_EDGE('',*,*,#6701,.F.);
#6823 = VECTOR('',#16,1.);
#6824 = LINE('',#6692,#6823);
#6825 = EDGE_CURVE('',#6694,#6753,#6824,.T.);
#6826 = ORIENTED_EDGE('',*,*,#6825,.T.);
#6827 = ORIENTED_EDGE('',*,*,#6754,.T.);
#6828 = ORIENTED_EDGE('',*,*,#6813,.F.);
#6829 = EDGE_LOOP('',(#6822,#6826,#6827,#6828));
#6830 = FACE_OUTER_BOUND('',#6829,.T.);
#6831 = ADVANCED_FACE('',(#6830),#6821,.T.);
#6832 = AXIS2_PLACEMENT_3D('',#6692,#294,#16);
#6833 = PLANE('',#6832);
#6834 = ORIENTED_EDGE('',*,*,#6695,.T.);
#6835 = VECTOR('',#16,1.);
#6836 = LINE('',#6686,#6835);
#6837 = EDGE_CURVE('',#6688,#6759,#6836,.T.);
#6838 = ORIENTED_EDGE('',*,*,#6837,.T.);
#6839 = ORIENTED_EDGE('',*,*,#6760,.F.);
#6840 = ORIENTED_EDGE('',*,*,#6825,.F.);
#6841 = EDGE_LOOP('',(#6834,#6838,#6839,#6840));
#6842 = FACE_OUTER_BOUND('',#6841,.T.);
#6843 = ADVANCED_FACE('',(#6842),#6833,.T.);
#6844 = AXIS2_PLACEMENT_3D('',#6686,#307,#20);
#6845 = PLANE('',#6844);
#6846 = ORIENTED_EDGE('',*,*,#6689,.T.);
#6847 = VECTOR('',#16,1.);
#6848 = LINE('',#6679,#6847);
#6849 = EDGE_CURVE('',#6681,#6765,#6848,.T.);
#6850 = ORIENTED_EDGE('',*,*,#6849,.T.);
#6851 = ORIENTED_EDGE('',*,*,#6766,.F.);
#6852 = ORIENTED_EDGE('',*,*,#6837,.F.);
#6853 = EDGE_LOOP('',(#6846,#6850,#6851,#6852));
#6854 = FACE_OUTER_BOUND('',#6853,.T.);
#6855 = ADVANCED_FACE('',(#6854),#6845,.T.);
#6856 = AXIS2_PLACEMENT_3D('',#6679,#149,#20);
#6857 = PLANE('',#6856);
#6858 = ORIENTED_EDGE('',*,*,#6683,.T.);
#6859 = VECTOR('',#16,1.);
#6860 = LINE('',#6675,#6859);
#6861 = EDGE_CURVE('',#6682,#6771,#6860,.T.);
#6862 = ORIENTED_EDGE('',*,*,#6861,.T.);
#6863 = ORIENTED_EDGE('',*,*,#6772,.F.);
#6864 = ORIENTED_EDGE('',*,*,#6849,.F.);
#6865 = EDGE_LOOP('',(#6858,#6862,#6863,#6864));
#6866 = FACE_OUTER_BOUND('',#6865,.T.);
#6867 = ADVANCED_FACE('',(#6866),#6857,.T.);
#6868 = AXIS2_PLACEMENT_3D('',#6675,#142,#20);
#6869 = PLANE('',#6868);
#6870 = ORIENTED_EDGE('',*,*,#6723,.T.);
#6871 = ORIENTED_EDGE('',*,*,#6791,.T.);
#6872 = ORIENTED_EDGE('',*,*,#6776,.F.);
#6873 = ORIENTED_EDGE('',*,*,#6861,.F.);
#6874 = EDGE_LOOP('',(#6870,#6871,#6872,#6873));
#6875 = FACE_OUTER_BOUND('',#6874,.T.);
#6876 = ADVANCED_FACE('',(#6875),#6869,.T.);
#6877 = CLOSED_SHELL('',(#6727,#6780,#6795,#6807,#6819,#6831,#6843,#6855,#6867,#6876));
#6878 = MANIFOLD_SOLID_BREP('contact',#6877);
#6879 = CARTESIAN_POINT('',(0.229809704,-40.869809704,8.057));
#6880 = AXIS2_PLACEMENT_3D('',#6879,#20,#21);
#6881 = PLANE('',#6880);
#6882 = VECTOR('',#346,1.);
#6883 = CARTESIAN_POINT('',(0.,-40.965,8.057));
#6884 = LINE('',#6883,#6882);
#6885 = VERTEX_POINT('',#6883);
#6886 = VERTEX_POINT('',#6879);
#6887 = EDGE_CURVE('',#6885,#6886,#6884,.T.);
#6888 = ORIENTED_EDGE('',*,*,#6887,.F.);
#6889 = VECTOR('',#354,1.);
#6890 = CARTESIAN_POINT('',(-0.229809704,-40.869809704,8.057));
#6891 = LINE('',#6890,#6889);
#6892 = VERTEX_POINT('',#6890);
#6893 = EDGE_CURVE('',#6892,#6885,#6891,.T.);
#6894 = ORIENTED_EDGE('',*,*,#6893,.F.);
#6895 = VECTOR('',#361,1.);
#6896 = CARTESIAN_POINT('',(-0.325,-40.64,8.057));
#6897 = LINE('',#6896,#6895);
#6898 = VERTEX_POINT('',#6896);
#6899 = EDGE_CURVE('',#6898,#6892,#6897,.T.);
#6900 = ORIENTED_EDGE('',*,*,#6899,.F.);
#6901 = VECTOR('',#368,1.);
#6902 = LINE('',#6896,#6901);
#6903 = CARTESIAN_POINT('',(-0.229809704,-40.410190296,8.057));
#6904 = VERTEX_POINT('',#6903);
#6905 = EDGE_CURVE('',#6898,#6904,#6902,.T.);
#6906 = ORIENTED_EDGE('',*,*,#6905,.T.);
#6907 = VECTOR('',#346,1.);
#6908 = LINE('',#6903,#6907);
#6909 = CARTESIAN_POINT('',(0.,-40.315,8.057));
#6910 = VERTEX_POINT('',#6909);
#6911 = EDGE_CURVE('',#6904,#6910,#6908,.T.);
#6912 = ORIENTED_EDGE('',*,*,#6911,.T.);
#6913 = VECTOR('',#354,1.);
#6914 = LINE('',#6909,#6913);
#6915 = CARTESIAN_POINT('',(0.229809704,-40.410190296,8.057));
#6916 = VERTEX_POINT('',#6915);
#6917 = EDGE_CURVE('',#6910,#6916,#6914,.T.);
#6918 = ORIENTED_EDGE('',*,*,#6917,.T.);
#6919 = VECTOR('',#361,1.);
#6920 = LINE('',#6915,#6919);
#6921 = CARTESIAN_POINT('',(0.325,-40.64,8.057));
#6922 = VERTEX_POINT('',#6921);
#6923 = EDGE_CURVE('',#6916,#6922,#6920,.T.);
#6924 = ORIENTED_EDGE('',*,*,#6923,.T.);
#6925 = VECTOR('',#368,1.);
#6926 = LINE('',#6879,#6925);
#6927 = EDGE_CURVE('',#6886,#6922,#6926,.T.);
#6928 = ORIENTED_EDGE('',*,*,#6927,.F.);
#6929 = EDGE_LOOP('',(#6888,#6894,#6900,#6906,#6912,#6918,#6924,#6928));
#6930 = FACE_OUTER_BOUND('',#6929,.T.);
#6931 = ADVANCED_FACE('',(#6930),#6881,.T.);
#6932 = CARTESIAN_POINT('',(0.325,-40.64,10.157));
#6933 = AXIS2_PLACEMENT_3D('',#6932,#16,#51);
#6934 = PLANE('',#6933);
#6935 = VECTOR('',#361,1.);
#6936 = CARTESIAN_POINT('',(0.229809704,-40.410190296,10.157));
#6937 = LINE('',#6936,#6935);
#6938 = VERTEX_POINT('',#6936);
#6939 = VERTEX_POINT('',#6932);
#6940 = EDGE_CURVE('',#6938,#6939,#6937,.T.);
#6941 = ORIENTED_EDGE('',*,*,#6940,.F.);
#6942 = VECTOR('',#354,1.);
#6943 = CARTESIAN_POINT('',(0.,-40.315,10.157));
#6944 = LINE('',#6943,#6942);
#6945 = VERTEX_POINT('',#6943);
#6946 = EDGE_CURVE('',#6945,#6938,#6944,.T.);
#6947 = ORIENTED_EDGE('',*,*,#6946,.F.);
#6948 = VECTOR('',#346,1.);
#6949 = CARTESIAN_POINT('',(-0.229809704,-40.410190296,10.157));
#6950 = LINE('',#6949,#6948);
#6951 = VERTEX_POINT('',#6949);
#6952 = EDGE_CURVE('',#6951,#6945,#6950,.T.);
#6953 = ORIENTED_EDGE('',*,*,#6952,.F.);
#6954 = VECTOR('',#368,1.);
#6955 = CARTESIAN_POINT('',(-0.325,-40.64,10.157));
#6956 = LINE('',#6955,#6954);
#6957 = VERTEX_POINT('',#6955);
#6958 = EDGE_CURVE('',#6957,#6951,#6956,.T.);
#6959 = ORIENTED_EDGE('',*,*,#6958,.F.);
#6960 = VECTOR('',#361,1.);
#6961 = LINE('',#6955,#6960);
#6962 = CARTESIAN_POINT('',(-0.229809704,-40.869809704,10.157));
#6963 = VERTEX_POINT('',#6962);
#6964 = EDGE_CURVE('',#6957,#6963,#6961,.T.);
#6965 = ORIENTED_EDGE('',*,*,#6964,.T.);
#6966 = VECTOR('',#354,1.);
#6967 = LINE('',#6962,#6966);
#6968 = CARTESIAN_POINT('',(0.,-40.965,10.157));
#6969 = VERTEX_POINT('',#6968);
#6970 = EDGE_CURVE('',#6963,#6969,#6967,.T.);
#6971 = ORIENTED_EDGE('',*,*,#6970,.T.);
#6972 = VECTOR('',#346,1.);
#6973 = LINE('',#6968,#6972);
#6974 = CARTESIAN_POINT('',(0.229809704,-40.869809704,10.157));
#6975 = VERTEX_POINT('',#6974);
#6976 = EDGE_CURVE('',#6969,#6975,#6973,.T.);
#6977 = ORIENTED_EDGE('',*,*,#6976,.T.);
#6978 = VECTOR('',#368,1.);
#6979 = LINE('',#6974,#6978);
#6980 = EDGE_CURVE('',#6975,#6939,#6979,.T.);
#6981 = ORIENTED_EDGE('',*,*,#6980,.T.);
#6982 = EDGE_LOOP('',(#6941,#6947,#6953,#6959,#6965,#6971,#6977,#6981));
#6983 = FACE_OUTER_BOUND('',#6982,.T.);
#6984 = ADVANCED_FACE('',(#6983),#6934,.T.);
#6985 = AXIS2_PLACEMENT_3D('',#6921,#346,#20);
#6986 = PLANE('',#6985);
#6987 = ORIENTED_EDGE('',*,*,#6923,.F.);
#6988 = VECTOR('',#16,1.);
#6989 = LINE('',#6915,#6988);
#6990 = EDGE_CURVE('',#6916,#6938,#6989,.T.);
#6991 = ORIENTED_EDGE('',*,*,#6990,.T.);
#6992 = ORIENTED_EDGE('',*,*,#6940,.T.);
#6993 = VECTOR('',#16,1.);
#6994 = LINE('',#6921,#6993);
#6995 = EDGE_CURVE('',#6922,#6939,#6994,.T.);
#6996 = ORIENTED_EDGE('',*,*,#6995,.F.);
#6997 = EDGE_LOOP('',(#6987,#6991,#6992,#6996));
#6998 = FACE_OUTER_BOUND('',#6997,.T.);
#6999 = ADVANCED_FACE('',(#6998),#6986,.T.);
#7000 = AXIS2_PLACEMENT_3D('',#6915,#368,#16);
#7001 = PLANE('',#7000);
#7002 = ORIENTED_EDGE('',*,*,#6917,.F.);
#7003 = VECTOR('',#16,1.);
#7004 = LINE('',#6909,#7003);
#7005 = EDGE_CURVE('',#6910,#6945,#7004,.T.);
#7006 = ORIENTED_EDGE('',*,*,#7005,.T.);
#7007 = ORIENTED_EDGE('',*,*,#6946,.T.);
#7008 = ORIENTED_EDGE('',*,*,#6990,.F.);
#7009 = EDGE_LOOP('',(#7002,#7006,#7007,#7008));
#7010 = FACE_OUTER_BOUND('',#7009,.T.);
#7011 = ADVANCED_FACE('',(#7010),#7001,.T.);
#7012 = AXIS2_PLACEMENT_3D('',#6909,#480,#16);
#7013 = PLANE('',#7012);
#7014 = ORIENTED_EDGE('',*,*,#6911,.F.);
#7015 = VECTOR('',#16,1.);
#7016 = LINE('',#6903,#7015);
#7017 = EDGE_CURVE('',#6904,#6951,#7016,.T.);
#7018 = ORIENTED_EDGE('',*,*,#7017,.T.);
#7019 = ORIENTED_EDGE('',*,*,#6952,.T.);
#7020 = ORIENTED_EDGE('',*,*,#7005,.F.);
#7021 = EDGE_LOOP('',(#7014,#7018,#7019,#7020));
#7022 = FACE_OUTER_BOUND('',#7021,.T.);
#7023 = ADVANCED_FACE('',(#7022),#7013,.T.);
#7024 = AXIS2_PLACEMENT_3D('',#6903,#493,#16);
#7025 = PLANE('',#7024);
#7026 = ORIENTED_EDGE('',*,*,#6905,.F.);
#7027 = VECTOR('',#16,1.);
#7028 = LINE('',#6896,#7027);
#7029 = EDGE_CURVE('',#6898,#6957,#7028,.T.);
#7030 = ORIENTED_EDGE('',*,*,#7029,.T.);
#7031 = ORIENTED_EDGE('',*,*,#6958,.T.);
#7032 = ORIENTED_EDGE('',*,*,#7017,.F.);
#7033 = EDGE_LOOP('',(#7026,#7030,#7031,#7032));
#7034 = FACE_OUTER_BOUND('',#7033,.T.);
#7035 = ADVANCED_FACE('',(#7034),#7025,.T.);
#7036 = AXIS2_PLACEMENT_3D('',#6896,#506,#16);
#7037 = PLANE('',#7036);
#7038 = ORIENTED_EDGE('',*,*,#6899,.T.);
#7039 = VECTOR('',#16,1.);
#7040 = LINE('',#6890,#7039);
#7041 = EDGE_CURVE('',#6892,#6963,#7040,.T.);
#7042 = ORIENTED_EDGE('',*,*,#7041,.T.);
#7043 = ORIENTED_EDGE('',*,*,#6964,.F.);
#7044 = ORIENTED_EDGE('',*,*,#7029,.F.);
#7045 = EDGE_LOOP('',(#7038,#7042,#7043,#7044));
#7046 = FACE_OUTER_BOUND('',#7045,.T.);
#7047 = ADVANCED_FACE('',(#7046),#7037,.T.);
#7048 = AXIS2_PLACEMENT_3D('',#6890,#519,#20);
#7049 = PLANE('',#7048);
#7050 = ORIENTED_EDGE('',*,*,#6893,.T.);
#7051 = VECTOR('',#16,1.);
#7052 = LINE('',#6883,#7051);
#7053 = EDGE_CURVE('',#6885,#6969,#7052,.T.);
#7054 = ORIENTED_EDGE('',*,*,#7053,.T.);
#7055 = ORIENTED_EDGE('',*,*,#6970,.F.);
#7056 = ORIENTED_EDGE('',*,*,#7041,.F.);
#7057 = EDGE_LOOP('',(#7050,#7054,#7055,#7056));
#7058 = FACE_OUTER_BOUND('',#7057,.T.);
#7059 = ADVANCED_FACE('',(#7058),#7049,.T.);
#7060 = AXIS2_PLACEMENT_3D('',#6883,#361,#20);
#7061 = PLANE('',#7060);
#7062 = ORIENTED_EDGE('',*,*,#6887,.T.);
#7063 = VECTOR('',#16,1.);
#7064 = LINE('',#6879,#7063);
#7065 = EDGE_CURVE('',#6886,#6975,#7064,.T.);
#7066 = ORIENTED_EDGE('',*,*,#7065,.T.);
#7067 = ORIENTED_EDGE('',*,*,#6976,.F.);
#7068 = ORIENTED_EDGE('',*,*,#7053,.F.);
#7069 = EDGE_LOOP('',(#7062,#7066,#7067,#7068));
#7070 = FACE_OUTER_BOUND('',#7069,.T.);
#7071 = ADVANCED_FACE('',(#7070),#7061,.T.);
#7072 = AXIS2_PLACEMENT_3D('',#6879,#354,#20);
#7073 = PLANE('',#7072);
#7074 = ORIENTED_EDGE('',*,*,#6927,.T.);
#7075 = ORIENTED_EDGE('',*,*,#6995,.T.);
#7076 = ORIENTED_EDGE('',*,*,#6980,.F.);
#7077 = ORIENTED_EDGE('',*,*,#7065,.F.);
#7078 = EDGE_LOOP('',(#7074,#7075,#7076,#7077));
#7079 = FACE_OUTER_BOUND('',#7078,.T.);
#7080 = ADVANCED_FACE('',(#7079),#7073,.T.);
#7081 = CLOSED_SHELL('',(#6931,#6984,#6999,#7011,#7023,#7035,#7047,#7059,#7071,#7080));
#7082 = MANIFOLD_SOLID_BREP('lead',#7081);
#7083 = CARTESIAN_POINT('',(0.166170094,-43.346170094,0.007));
#7084 = AXIS2_PLACEMENT_3D('',#7083,#20,#21);
#7085 = PLANE('',#7084);
#7086 = VECTOR('',#134,1.);
#7087 = CARTESIAN_POINT('',(0.,-43.415,0.007));
#7088 = LINE('',#7087,#7086);
#7089 = VERTEX_POINT('',#7087);
#7090 = VERTEX_POINT('',#7083);
#7091 = EDGE_CURVE('',#7089,#7090,#7088,.T.);
#7092 = ORIENTED_EDGE('',*,*,#7091,.F.);
#7093 = VECTOR('',#142,1.);
#7094 = CARTESIAN_POINT('',(-0.166170094,-43.346170094,0.007));
#7095 = LINE('',#7094,#7093);
#7096 = VERTEX_POINT('',#7094);
#7097 = EDGE_CURVE('',#7096,#7089,#7095,.T.);
#7098 = ORIENTED_EDGE('',*,*,#7097,.F.);
#7099 = VECTOR('',#149,1.);
#7100 = CARTESIAN_POINT('',(-0.235,-43.18,0.007));
#7101 = LINE('',#7100,#7099);
#7102 = VERTEX_POINT('',#7100);
#7103 = EDGE_CURVE('',#7102,#7096,#7101,.T.);
#7104 = ORIENTED_EDGE('',*,*,#7103,.F.);
#7105 = VECTOR('',#156,1.);
#7106 = LINE('',#7100,#7105);
#7107 = CARTESIAN_POINT('',(-0.166170094,-43.013829906,0.007));
#7108 = VERTEX_POINT('',#7107);
#7109 = EDGE_CURVE('',#7102,#7108,#7106,.T.);
#7110 = ORIENTED_EDGE('',*,*,#7109,.T.);
#7111 = VECTOR('',#134,1.);
#7112 = LINE('',#7107,#7111);
#7113 = CARTESIAN_POINT('',(0.,-42.945,0.007));
#7114 = VERTEX_POINT('',#7113);
#7115 = EDGE_CURVE('',#7108,#7114,#7112,.T.);
#7116 = ORIENTED_EDGE('',*,*,#7115,.T.);
#7117 = VECTOR('',#142,1.);
#7118 = LINE('',#7113,#7117);
#7119 = CARTESIAN_POINT('',(0.166170094,-43.013829906,0.007));
#7120 = VERTEX_POINT('',#7119);
#7121 = EDGE_CURVE('',#7114,#7120,#7118,.T.);
#7122 = ORIENTED_EDGE('',*,*,#7121,.T.);
#7123 = VECTOR('',#149,1.);
#7124 = LINE('',#7119,#7123);
#7125 = CARTESIAN_POINT('',(0.235,-43.18,0.007));
#7126 = VERTEX_POINT('',#7125);
#7127 = EDGE_CURVE('',#7120,#7126,#7124,.T.);
#7128 = ORIENTED_EDGE('',*,*,#7127,.T.);
#7129 = VECTOR('',#156,1.);
#7130 = LINE('',#7083,#7129);
#7131 = EDGE_CURVE('',#7090,#7126,#7130,.T.);
#7132 = ORIENTED_EDGE('',*,*,#7131,.F.);
#7133 = EDGE_LOOP('',(#7092,#7098,#7104,#7110,#7116,#7122,#7128,#7132));
#7134 = FACE_OUTER_BOUND('',#7133,.T.);
#7135 = ADVANCED_FACE('',(#7134),#7085,.T.);
#7136 = CARTESIAN_POINT('',(0.235,-43.18,4.007));
#7137 = AXIS2_PLACEMENT_3D('',#7136,#16,#51);
#7138 = PLANE('',#7137);
#7139 = VECTOR('',#149,1.);
#7140 = CARTESIAN_POINT('',(0.166170094,-43.013829906,4.007));
#7141 = LINE('',#7140,#7139);
#7142 = VERTEX_POINT('',#7140);
#7143 = VERTEX_POINT('',#7136);
#7144 = EDGE_CURVE('',#7142,#7143,#7141,.T.);
#7145 = ORIENTED_EDGE('',*,*,#7144,.F.);
#7146 = VECTOR('',#142,1.);
#7147 = CARTESIAN_POINT('',(0.,-42.945,4.007));
#7148 = LINE('',#7147,#7146);
#7149 = VERTEX_POINT('',#7147);
#7150 = EDGE_CURVE('',#7149,#7142,#7148,.T.);
#7151 = ORIENTED_EDGE('',*,*,#7150,.F.);
#7152 = VECTOR('',#134,1.);
#7153 = CARTESIAN_POINT('',(-0.166170094,-43.013829906,4.007));
#7154 = LINE('',#7153,#7152);
#7155 = VERTEX_POINT('',#7153);
#7156 = EDGE_CURVE('',#7155,#7149,#7154,.T.);
#7157 = ORIENTED_EDGE('',*,*,#7156,.F.);
#7158 = VECTOR('',#156,1.);
#7159 = CARTESIAN_POINT('',(-0.235,-43.18,4.007));
#7160 = LINE('',#7159,#7158);
#7161 = VERTEX_POINT('',#7159);
#7162 = EDGE_CURVE('',#7161,#7155,#7160,.T.);
#7163 = ORIENTED_EDGE('',*,*,#7162,.F.);
#7164 = VECTOR('',#149,1.);
#7165 = LINE('',#7159,#7164);
#7166 = CARTESIAN_POINT('',(-0.166170094,-43.346170094,4.007));
#7167 = VERTEX_POINT('',#7166);
#7168 = EDGE_CURVE('',#7161,#7167,#7165,.T.);
#7169 = ORIENTED_EDGE('',*,*,#7168,.T.);
#7170 = VECTOR('',#142,1.);
#7171 = LINE('',#7166,#7170);
#7172 = CARTESIAN_POINT('',(0.,-43.415,4.007));
#7173 = VERTEX_POINT('',#7172);
#7174 = EDGE_CURVE('',#7167,#7173,#7171,.T.);
#7175 = ORIENTED_EDGE('',*,*,#7174,.T.);
#7176 = VECTOR('',#134,1.);
#7177 = LINE('',#7172,#7176);
#7178 = CARTESIAN_POINT('',(0.166170094,-43.346170094,4.007));
#7179 = VERTEX_POINT('',#7178);
#7180 = EDGE_CURVE('',#7173,#7179,#7177,.T.);
#7181 = ORIENTED_EDGE('',*,*,#7180,.T.);
#7182 = VECTOR('',#156,1.);
#7183 = LINE('',#7178,#7182);
#7184 = EDGE_CURVE('',#7179,#7143,#7183,.T.);
#7185 = ORIENTED_EDGE('',*,*,#7184,.T.);
#7186 = EDGE_LOOP('',(#7145,#7151,#7157,#7163,#7169,#7175,#7181,#7185));
#7187 = FACE_OUTER_BOUND('',#7186,.T.);
#7188 = ADVANCED_FACE('',(#7187),#7138,.T.);
#7189 = AXIS2_PLACEMENT_3D('',#7125,#134,#20);
#7190 = PLANE('',#7189);
#7191 = ORIENTED_EDGE('',*,*,#7127,.F.);
#7192 = VECTOR('',#16,1.);
#7193 = LINE('',#7119,#7192);
#7194 = EDGE_CURVE('',#7120,#7142,#7193,.T.);
#7195 = ORIENTED_EDGE('',*,*,#7194,.T.);
#7196 = ORIENTED_EDGE('',*,*,#7144,.T.);
#7197 = VECTOR('',#16,1.);
#7198 = LINE('',#7125,#7197);
#7199 = EDGE_CURVE('',#7126,#7143,#7198,.T.);
#7200 = ORIENTED_EDGE('',*,*,#7199,.F.);
#7201 = EDGE_LOOP('',(#7191,#7195,#7196,#7200));
#7202 = FACE_OUTER_BOUND('',#7201,.T.);
#7203 = ADVANCED_FACE('',(#7202),#7190,.T.);
#7204 = AXIS2_PLACEMENT_3D('',#7119,#156,#16);
#7205 = PLANE('',#7204);
#7206 = ORIENTED_EDGE('',*,*,#7121,.F.);
#7207 = VECTOR('',#16,1.);
#7208 = LINE('',#7113,#7207);
#7209 = EDGE_CURVE('',#7114,#7149,#7208,.T.);
#7210 = ORIENTED_EDGE('',*,*,#7209,.T.);
#7211 = ORIENTED_EDGE('',*,*,#7150,.T.);
#7212 = ORIENTED_EDGE('',*,*,#7194,.F.);
#7213 = EDGE_LOOP('',(#7206,#7210,#7211,#7212));
#7214 = FACE_OUTER_BOUND('',#7213,.T.);
#7215 = ADVANCED_FACE('',(#7214),#7205,.T.);
#7216 = AXIS2_PLACEMENT_3D('',#7113,#268,#16);
#7217 = PLANE('',#7216);
#7218 = ORIENTED_EDGE('',*,*,#7115,.F.);
#7219 = VECTOR('',#16,1.);
#7220 = LINE('',#7107,#7219);
#7221 = EDGE_CURVE('',#7108,#7155,#7220,.T.);
#7222 = ORIENTED_EDGE('',*,*,#7221,.T.);
#7223 = ORIENTED_EDGE('',*,*,#7156,.T.);
#7224 = ORIENTED_EDGE('',*,*,#7209,.F.);
#7225 = EDGE_LOOP('',(#7218,#7222,#7223,#7224));
#7226 = FACE_OUTER_BOUND('',#7225,.T.);
#7227 = ADVANCED_FACE('',(#7226),#7217,.T.);
#7228 = AXIS2_PLACEMENT_3D('',#7107,#281,#16);
#7229 = PLANE('',#7228);
#7230 = ORIENTED_EDGE('',*,*,#7109,.F.);
#7231 = VECTOR('',#16,1.);
#7232 = LINE('',#7100,#7231);
#7233 = EDGE_CURVE('',#7102,#7161,#7232,.T.);
#7234 = ORIENTED_EDGE('',*,*,#7233,.T.);
#7235 = ORIENTED_EDGE('',*,*,#7162,.T.);
#7236 = ORIENTED_EDGE('',*,*,#7221,.F.);
#7237 = EDGE_LOOP('',(#7230,#7234,#7235,#7236));
#7238 = FACE_OUTER_BOUND('',#7237,.T.);
#7239 = ADVANCED_FACE('',(#7238),#7229,.T.);
#7240 = AXIS2_PLACEMENT_3D('',#7100,#294,#16);
#7241 = PLANE('',#7240);
#7242 = ORIENTED_EDGE('',*,*,#7103,.T.);
#7243 = VECTOR('',#16,1.);
#7244 = LINE('',#7094,#7243);
#7245 = EDGE_CURVE('',#7096,#7167,#7244,.T.);
#7246 = ORIENTED_EDGE('',*,*,#7245,.T.);
#7247 = ORIENTED_EDGE('',*,*,#7168,.F.);
#7248 = ORIENTED_EDGE('',*,*,#7233,.F.);
#7249 = EDGE_LOOP('',(#7242,#7246,#7247,#7248));
#7250 = FACE_OUTER_BOUND('',#7249,.T.);
#7251 = ADVANCED_FACE('',(#7250),#7241,.T.);
#7252 = AXIS2_PLACEMENT_3D('',#7094,#307,#20);
#7253 = PLANE('',#7252);
#7254 = ORIENTED_EDGE('',*,*,#7097,.T.);
#7255 = VECTOR('',#16,1.);
#7256 = LINE('',#7087,#7255);
#7257 = EDGE_CURVE('',#7089,#7173,#7256,.T.);
#7258 = ORIENTED_EDGE('',*,*,#7257,.T.);
#7259 = ORIENTED_EDGE('',*,*,#7174,.F.);
#7260 = ORIENTED_EDGE('',*,*,#7245,.F.);
#7261 = EDGE_LOOP('',(#7254,#7258,#7259,#7260));
#7262 = FACE_OUTER_BOUND('',#7261,.T.);
#7263 = ADVANCED_FACE('',(#7262),#7253,.T.);
#7264 = AXIS2_PLACEMENT_3D('',#7087,#149,#20);
#7265 = PLANE('',#7264);
#7266 = ORIENTED_EDGE('',*,*,#7091,.T.);
#7267 = VECTOR('',#16,1.);
#7268 = LINE('',#7083,#7267);
#7269 = EDGE_CURVE('',#7090,#7179,#7268,.T.);
#7270 = ORIENTED_EDGE('',*,*,#7269,.T.);
#7271 = ORIENTED_EDGE('',*,*,#7180,.F.);
#7272 = ORIENTED_EDGE('',*,*,#7257,.F.);
#7273 = EDGE_LOOP('',(#7266,#7270,#7271,#7272));
#7274 = FACE_OUTER_BOUND('',#7273,.T.);
#7275 = ADVANCED_FACE('',(#7274),#7265,.T.);
#7276 = AXIS2_PLACEMENT_3D('',#7083,#142,#20);
#7277 = PLANE('',#7276);
#7278 = ORIENTED_EDGE('',*,*,#7131,.T.);
#7279 = ORIENTED_EDGE('',*,*,#7199,.T.);
#7280 = ORIENTED_EDGE('',*,*,#7184,.F.);
#7281 = ORIENTED_EDGE('',*,*,#7269,.F.);
#7282 = EDGE_LOOP('',(#7278,#7279,#7280,#7281));
#7283 = FACE_OUTER_BOUND('',#7282,.T.);
#7284 = ADVANCED_FACE('',(#7283),#7277,.T.);
#7285 = CLOSED_SHELL('',(#7135,#7188,#7203,#7215,#7227,#7239,#7251,#7263,#7275,#7284));
#7286 = MANIFOLD_SOLID_BREP('contact',#7285);
#7287 = CARTESIAN_POINT('',(0.229809704,-43.409809704,8.057));
#7288 = AXIS2_PLACEMENT_3D('',#7287,#20,#21);
#7289 = PLANE('',#7288);
#7290 = VECTOR('',#346,1.);
#7291 = CARTESIAN_POINT('',(0.,-43.505,8.057));
#7292 = LINE('',#7291,#7290);
#7293 = VERTEX_POINT('',#7291);
#7294 = VERTEX_POINT('',#7287);
#7295 = EDGE_CURVE('',#7293,#7294,#7292,.T.);
#7296 = ORIENTED_EDGE('',*,*,#7295,.F.);
#7297 = VECTOR('',#354,1.);
#7298 = CARTESIAN_POINT('',(-0.229809704,-43.409809704,8.057));
#7299 = LINE('',#7298,#7297);
#7300 = VERTEX_POINT('',#7298);
#7301 = EDGE_CURVE('',#7300,#7293,#7299,.T.);
#7302 = ORIENTED_EDGE('',*,*,#7301,.F.);
#7303 = VECTOR('',#361,1.);
#7304 = CARTESIAN_POINT('',(-0.325,-43.18,8.057));
#7305 = LINE('',#7304,#7303);
#7306 = VERTEX_POINT('',#7304);
#7307 = EDGE_CURVE('',#7306,#7300,#7305,.T.);
#7308 = ORIENTED_EDGE('',*,*,#7307,.F.);
#7309 = VECTOR('',#368,1.);
#7310 = LINE('',#7304,#7309);
#7311 = CARTESIAN_POINT('',(-0.229809704,-42.950190296,8.057));
#7312 = VERTEX_POINT('',#7311);
#7313 = EDGE_CURVE('',#7306,#7312,#7310,.T.);
#7314 = ORIENTED_EDGE('',*,*,#7313,.T.);
#7315 = VECTOR('',#346,1.);
#7316 = LINE('',#7311,#7315);
#7317 = CARTESIAN_POINT('',(0.,-42.855,8.057));
#7318 = VERTEX_POINT('',#7317);
#7319 = EDGE_CURVE('',#7312,#7318,#7316,.T.);
#7320 = ORIENTED_EDGE('',*,*,#7319,.T.);
#7321 = VECTOR('',#354,1.);
#7322 = LINE('',#7317,#7321);
#7323 = CARTESIAN_POINT('',(0.229809704,-42.950190296,8.057));
#7324 = VERTEX_POINT('',#7323);
#7325 = EDGE_CURVE('',#7318,#7324,#7322,.T.);
#7326 = ORIENTED_EDGE('',*,*,#7325,.T.);
#7327 = VECTOR('',#361,1.);
#7328 = LINE('',#7323,#7327);
#7329 = CARTESIAN_POINT('',(0.325,-43.18,8.057));
#7330 = VERTEX_POINT('',#7329);
#7331 = EDGE_CURVE('',#7324,#7330,#7328,.T.);
#7332 = ORIENTED_EDGE('',*,*,#7331,.T.);
#7333 = VECTOR('',#368,1.);
#7334 = LINE('',#7287,#7333);
#7335 = EDGE_CURVE('',#7294,#7330,#7334,.T.);
#7336 = ORIENTED_EDGE('',*,*,#7335,.F.);
#7337 = EDGE_LOOP('',(#7296,#7302,#7308,#7314,#7320,#7326,#7332,#7336));
#7338 = FACE_OUTER_BOUND('',#7337,.T.);
#7339 = ADVANCED_FACE('',(#7338),#7289,.T.);
#7340 = CARTESIAN_POINT('',(0.325,-43.18,10.157));
#7341 = AXIS2_PLACEMENT_3D('',#7340,#16,#51);
#7342 = PLANE('',#7341);
#7343 = VECTOR('',#361,1.);
#7344 = CARTESIAN_POINT('',(0.229809704,-42.950190296,10.157));
#7345 = LINE('',#7344,#7343);
#7346 = VERTEX_POINT('',#7344);
#7347 = VERTEX_POINT('',#7340);
#7348 = EDGE_CURVE('',#7346,#7347,#7345,.T.);
#7349 = ORIENTED_EDGE('',*,*,#7348,.F.);
#7350 = VECTOR('',#354,1.);
#7351 = CARTESIAN_POINT('',(0.,-42.855,10.157));
#7352 = LINE('',#7351,#7350);
#7353 = VERTEX_POINT('',#7351);
#7354 = EDGE_CURVE('',#7353,#7346,#7352,.T.);
#7355 = ORIENTED_EDGE('',*,*,#7354,.F.);
#7356 = VECTOR('',#346,1.);
#7357 = CARTESIAN_POINT('',(-0.229809704,-42.950190296,10.157));
#7358 = LINE('',#7357,#7356);
#7359 = VERTEX_POINT('',#7357);
#7360 = EDGE_CURVE('',#7359,#7353,#7358,.T.);
#7361 = ORIENTED_EDGE('',*,*,#7360,.F.);
#7362 = VECTOR('',#368,1.);
#7363 = CARTESIAN_POINT('',(-0.325,-43.18,10.157));
#7364 = LINE('',#7363,#7362);
#7365 = VERTEX_POINT('',#7363);
#7366 = EDGE_CURVE('',#7365,#7359,#7364,.T.);
#7367 = ORIENTED_EDGE('',*,*,#7366,.F.);
#7368 = VECTOR('',#361,1.);
#7369 = LINE('',#7363,#7368);
#7370 = CARTESIAN_POINT('',(-0.229809704,-43.409809704,10.157));
#7371 = VERTEX_POINT('',#7370);
#7372 = EDGE_CURVE('',#7365,#7371,#7369,.T.);
#7373 = ORIENTED_EDGE('',*,*,#7372,.T.);
#7374 = VECTOR('',#354,1.);
#7375 = LINE('',#7370,#7374);
#7376 = CARTESIAN_POINT('',(0.,-43.505,10.157));
#7377 = VERTEX_POINT('',#7376);
#7378 = EDGE_CURVE('',#7371,#7377,#7375,.T.);
#7379 = ORIENTED_EDGE('',*,*,#7378,.T.);
#7380 = VECTOR('',#346,1.);
#7381 = LINE('',#7376,#7380);
#7382 = CARTESIAN_POINT('',(0.229809704,-43.409809704,10.157));
#7383 = VERTEX_POINT('',#7382);
#7384 = EDGE_CURVE('',#7377,#7383,#7381,.T.);
#7385 = ORIENTED_EDGE('',*,*,#7384,.T.);
#7386 = VECTOR('',#368,1.);
#7387 = LINE('',#7382,#7386);
#7388 = EDGE_CURVE('',#7383,#7347,#7387,.T.);
#7389 = ORIENTED_EDGE('',*,*,#7388,.T.);
#7390 = EDGE_LOOP('',(#7349,#7355,#7361,#7367,#7373,#7379,#7385,#7389));
#7391 = FACE_OUTER_BOUND('',#7390,.T.);
#7392 = ADVANCED_FACE('',(#7391),#7342,.T.);
#7393 = AXIS2_PLACEMENT_3D('',#7329,#346,#20);
#7394 = PLANE('',#7393);
#7395 = ORIENTED_EDGE('',*,*,#7331,.F.);
#7396 = VECTOR('',#16,1.);
#7397 = LINE('',#7323,#7396);
#7398 = EDGE_CURVE('',#7324,#7346,#7397,.T.);
#7399 = ORIENTED_EDGE('',*,*,#7398,.T.);
#7400 = ORIENTED_EDGE('',*,*,#7348,.T.);
#7401 = VECTOR('',#16,1.);
#7402 = LINE('',#7329,#7401);
#7403 = EDGE_CURVE('',#7330,#7347,#7402,.T.);
#7404 = ORIENTED_EDGE('',*,*,#7403,.F.);
#7405 = EDGE_LOOP('',(#7395,#7399,#7400,#7404));
#7406 = FACE_OUTER_BOUND('',#7405,.T.);
#7407 = ADVANCED_FACE('',(#7406),#7394,.T.);
#7408 = AXIS2_PLACEMENT_3D('',#7323,#368,#16);
#7409 = PLANE('',#7408);
#7410 = ORIENTED_EDGE('',*,*,#7325,.F.);
#7411 = VECTOR('',#16,1.);
#7412 = LINE('',#7317,#7411);
#7413 = EDGE_CURVE('',#7318,#7353,#7412,.T.);
#7414 = ORIENTED_EDGE('',*,*,#7413,.T.);
#7415 = ORIENTED_EDGE('',*,*,#7354,.T.);
#7416 = ORIENTED_EDGE('',*,*,#7398,.F.);
#7417 = EDGE_LOOP('',(#7410,#7414,#7415,#7416));
#7418 = FACE_OUTER_BOUND('',#7417,.T.);
#7419 = ADVANCED_FACE('',(#7418),#7409,.T.);
#7420 = AXIS2_PLACEMENT_3D('',#7317,#480,#16);
#7421 = PLANE('',#7420);
#7422 = ORIENTED_EDGE('',*,*,#7319,.F.);
#7423 = VECTOR('',#16,1.);
#7424 = LINE('',#7311,#7423);
#7425 = EDGE_CURVE('',#7312,#7359,#7424,.T.);
#7426 = ORIENTED_EDGE('',*,*,#7425,.T.);
#7427 = ORIENTED_EDGE('',*,*,#7360,.T.);
#7428 = ORIENTED_EDGE('',*,*,#7413,.F.);
#7429 = EDGE_LOOP('',(#7422,#7426,#7427,#7428));
#7430 = FACE_OUTER_BOUND('',#7429,.T.);
#7431 = ADVANCED_FACE('',(#7430),#7421,.T.);
#7432 = AXIS2_PLACEMENT_3D('',#7311,#493,#16);
#7433 = PLANE('',#7432);
#7434 = ORIENTED_EDGE('',*,*,#7313,.F.);
#7435 = VECTOR('',#16,1.);
#7436 = LINE('',#7304,#7435);
#7437 = EDGE_CURVE('',#7306,#7365,#7436,.T.);
#7438 = ORIENTED_EDGE('',*,*,#7437,.T.);
#7439 = ORIENTED_EDGE('',*,*,#7366,.T.);
#7440 = ORIENTED_EDGE('',*,*,#7425,.F.);
#7441 = EDGE_LOOP('',(#7434,#7438,#7439,#7440));
#7442 = FACE_OUTER_BOUND('',#7441,.T.);
#7443 = ADVANCED_FACE('',(#7442),#7433,.T.);
#7444 = AXIS2_PLACEMENT_3D('',#7304,#506,#16);
#7445 = PLANE('',#7444);
#7446 = ORIENTED_EDGE('',*,*,#7307,.T.);
#7447 = VECTOR('',#16,1.);
#7448 = LINE('',#7298,#7447);
#7449 = EDGE_CURVE('',#7300,#7371,#7448,.T.);
#7450 = ORIENTED_EDGE('',*,*,#7449,.T.);
#7451 = ORIENTED_EDGE('',*,*,#7372,.F.);
#7452 = ORIENTED_EDGE('',*,*,#7437,.F.);
#7453 = EDGE_LOOP('',(#7446,#7450,#7451,#7452));
#7454 = FACE_OUTER_BOUND('',#7453,.T.);
#7455 = ADVANCED_FACE('',(#7454),#7445,.T.);
#7456 = AXIS2_PLACEMENT_3D('',#7298,#519,#20);
#7457 = PLANE('',#7456);
#7458 = ORIENTED_EDGE('',*,*,#7301,.T.);
#7459 = VECTOR('',#16,1.);
#7460 = LINE('',#7291,#7459);
#7461 = EDGE_CURVE('',#7293,#7377,#7460,.T.);
#7462 = ORIENTED_EDGE('',*,*,#7461,.T.);
#7463 = ORIENTED_EDGE('',*,*,#7378,.F.);
#7464 = ORIENTED_EDGE('',*,*,#7449,.F.);
#7465 = EDGE_LOOP('',(#7458,#7462,#7463,#7464));
#7466 = FACE_OUTER_BOUND('',#7465,.T.);
#7467 = ADVANCED_FACE('',(#7466),#7457,.T.);
#7468 = AXIS2_PLACEMENT_3D('',#7291,#361,#20);
#7469 = PLANE('',#7468);
#7470 = ORIENTED_EDGE('',*,*,#7295,.T.);
#7471 = VECTOR('',#16,1.);
#7472 = LINE('',#7287,#7471);
#7473 = EDGE_CURVE('',#7294,#7383,#7472,.T.);
#7474 = ORIENTED_EDGE('',*,*,#7473,.T.);
#7475 = ORIENTED_EDGE('',*,*,#7384,.F.);
#7476 = ORIENTED_EDGE('',*,*,#7461,.F.);
#7477 = EDGE_LOOP('',(#7470,#7474,#7475,#7476));
#7478 = FACE_OUTER_BOUND('',#7477,.T.);
#7479 = ADVANCED_FACE('',(#7478),#7469,.T.);
#7480 = AXIS2_PLACEMENT_3D('',#7287,#354,#20);
#7481 = PLANE('',#7480);
#7482 = ORIENTED_EDGE('',*,*,#7335,.T.);
#7483 = ORIENTED_EDGE('',*,*,#7403,.T.);
#7484 = ORIENTED_EDGE('',*,*,#7388,.F.);
#7485 = ORIENTED_EDGE('',*,*,#7473,.F.);
#7486 = EDGE_LOOP('',(#7482,#7483,#7484,#7485));
#7487 = FACE_OUTER_BOUND('',#7486,.T.);
#7488 = ADVANCED_FACE('',(#7487),#7481,.T.);
#7489 = CLOSED_SHELL('',(#7339,#7392,#7407,#7419,#7431,#7443,#7455,#7467,#7479,#7488));
#7490 = MANIFOLD_SOLID_BREP('lead',#7489);
#7491 = CARTESIAN_POINT('',(0.166170094,-45.886170094,0.007));
#7492 = AXIS2_PLACEMENT_3D('',#7491,#20,#21);
#7493 = PLANE('',#7492);
#7494 = VECTOR('',#134,1.);
#7495 = CARTESIAN_POINT('',(0.,-45.955,0.007));
#7496 = LINE('',#7495,#7494);
#7497 = VERTEX_POINT('',#7495);
#7498 = VERTEX_POINT('',#7491);
#7499 = EDGE_CURVE('',#7497,#7498,#7496,.T.);
#7500 = ORIENTED_EDGE('',*,*,#7499,.F.);
#7501 = VECTOR('',#142,1.);
#7502 = CARTESIAN_POINT('',(-0.166170094,-45.886170094,0.007));
#7503 = LINE('',#7502,#7501);
#7504 = VERTEX_POINT('',#7502);
#7505 = EDGE_CURVE('',#7504,#7497,#7503,.T.);
#7506 = ORIENTED_EDGE('',*,*,#7505,.F.);
#7507 = VECTOR('',#149,1.);
#7508 = CARTESIAN_POINT('',(-0.235,-45.72,0.007));
#7509 = LINE('',#7508,#7507);
#7510 = VERTEX_POINT('',#7508);
#7511 = EDGE_CURVE('',#7510,#7504,#7509,.T.);
#7512 = ORIENTED_EDGE('',*,*,#7511,.F.);
#7513 = VECTOR('',#156,1.);
#7514 = LINE('',#7508,#7513);
#7515 = CARTESIAN_POINT('',(-0.166170094,-45.553829906,0.007));
#7516 = VERTEX_POINT('',#7515);
#7517 = EDGE_CURVE('',#7510,#7516,#7514,.T.);
#7518 = ORIENTED_EDGE('',*,*,#7517,.T.);
#7519 = VECTOR('',#134,1.);
#7520 = LINE('',#7515,#7519);
#7521 = CARTESIAN_POINT('',(0.,-45.485,0.007));
#7522 = VERTEX_POINT('',#7521);
#7523 = EDGE_CURVE('',#7516,#7522,#7520,.T.);
#7524 = ORIENTED_EDGE('',*,*,#7523,.T.);
#7525 = VECTOR('',#142,1.);
#7526 = LINE('',#7521,#7525);
#7527 = CARTESIAN_POINT('',(0.166170094,-45.553829906,0.007));
#7528 = VERTEX_POINT('',#7527);
#7529 = EDGE_CURVE('',#7522,#7528,#7526,.T.);
#7530 = ORIENTED_EDGE('',*,*,#7529,.T.);
#7531 = VECTOR('',#149,1.);
#7532 = LINE('',#7527,#7531);
#7533 = CARTESIAN_POINT('',(0.235,-45.72,0.007));
#7534 = VERTEX_POINT('',#7533);
#7535 = EDGE_CURVE('',#7528,#7534,#7532,.T.);
#7536 = ORIENTED_EDGE('',*,*,#7535,.T.);
#7537 = VECTOR('',#156,1.);
#7538 = LINE('',#7491,#7537);
#7539 = EDGE_CURVE('',#7498,#7534,#7538,.T.);
#7540 = ORIENTED_EDGE('',*,*,#7539,.F.);
#7541 = EDGE_LOOP('',(#7500,#7506,#7512,#7518,#7524,#7530,#7536,#7540));
#7542 = FACE_OUTER_BOUND('',#7541,.T.);
#7543 = ADVANCED_FACE('',(#7542),#7493,.T.);
#7544 = CARTESIAN_POINT('',(0.235,-45.72,4.007));
#7545 = AXIS2_PLACEMENT_3D('',#7544,#16,#51);
#7546 = PLANE('',#7545);
#7547 = VECTOR('',#149,1.);
#7548 = CARTESIAN_POINT('',(0.166170094,-45.553829906,4.007));
#7549 = LINE('',#7548,#7547);
#7550 = VERTEX_POINT('',#7548);
#7551 = VERTEX_POINT('',#7544);
#7552 = EDGE_CURVE('',#7550,#7551,#7549,.T.);
#7553 = ORIENTED_EDGE('',*,*,#7552,.F.);
#7554 = VECTOR('',#142,1.);
#7555 = CARTESIAN_POINT('',(0.,-45.485,4.007));
#7556 = LINE('',#7555,#7554);
#7557 = VERTEX_POINT('',#7555);
#7558 = EDGE_CURVE('',#7557,#7550,#7556,.T.);
#7559 = ORIENTED_EDGE('',*,*,#7558,.F.);
#7560 = VECTOR('',#134,1.);
#7561 = CARTESIAN_POINT('',(-0.166170094,-45.553829906,4.007));
#7562 = LINE('',#7561,#7560);
#7563 = VERTEX_POINT('',#7561);
#7564 = EDGE_CURVE('',#7563,#7557,#7562,.T.);
#7565 = ORIENTED_EDGE('',*,*,#7564,.F.);
#7566 = VECTOR('',#156,1.);
#7567 = CARTESIAN_POINT('',(-0.235,-45.72,4.007));
#7568 = LINE('',#7567,#7566);
#7569 = VERTEX_POINT('',#7567);
#7570 = EDGE_CURVE('',#7569,#7563,#7568,.T.);
#7571 = ORIENTED_EDGE('',*,*,#7570,.F.);
#7572 = VECTOR('',#149,1.);
#7573 = LINE('',#7567,#7572);
#7574 = CARTESIAN_POINT('',(-0.166170094,-45.886170094,4.007));
#7575 = VERTEX_POINT('',#7574);
#7576 = EDGE_CURVE('',#7569,#7575,#7573,.T.);
#7577 = ORIENTED_EDGE('',*,*,#7576,.T.);
#7578 = VECTOR('',#142,1.);
#7579 = LINE('',#7574,#7578);
#7580 = CARTESIAN_POINT('',(0.,-45.955,4.007));
#7581 = VERTEX_POINT('',#7580);
#7582 = EDGE_CURVE('',#7575,#7581,#7579,.T.);
#7583 = ORIENTED_EDGE('',*,*,#7582,.T.);
#7584 = VECTOR('',#134,1.);
#7585 = LINE('',#7580,#7584);
#7586 = CARTESIAN_POINT('',(0.166170094,-45.886170094,4.007));
#7587 = VERTEX_POINT('',#7586);
#7588 = EDGE_CURVE('',#7581,#7587,#7585,.T.);
#7589 = ORIENTED_EDGE('',*,*,#7588,.T.);
#7590 = VECTOR('',#156,1.);
#7591 = LINE('',#7586,#7590);
#7592 = EDGE_CURVE('',#7587,#7551,#7591,.T.);
#7593 = ORIENTED_EDGE('',*,*,#7592,.T.);
#7594 = EDGE_LOOP('',(#7553,#7559,#7565,#7571,#7577,#7583,#7589,#7593));
#7595 = FACE_OUTER_BOUND('',#7594,.T.);
#7596 = ADVANCED_FACE('',(#7595),#7546,.T.);
#7597 = AXIS2_PLACEMENT_3D('',#7533,#134,#20);
#7598 = PLANE('',#7597);
#7599 = ORIENTED_EDGE('',*,*,#7535,.F.);
#7600 = VECTOR('',#16,1.);
#7601 = LINE('',#7527,#7600);
#7602 = EDGE_CURVE('',#7528,#7550,#7601,.T.);
#7603 = ORIENTED_EDGE('',*,*,#7602,.T.);
#7604 = ORIENTED_EDGE('',*,*,#7552,.T.);
#7605 = VECTOR('',#16,1.);
#7606 = LINE('',#7533,#7605);
#7607 = EDGE_CURVE('',#7534,#7551,#7606,.T.);
#7608 = ORIENTED_EDGE('',*,*,#7607,.F.);
#7609 = EDGE_LOOP('',(#7599,#7603,#7604,#7608));
#7610 = FACE_OUTER_BOUND('',#7609,.T.);
#7611 = ADVANCED_FACE('',(#7610),#7598,.T.);
#7612 = AXIS2_PLACEMENT_3D('',#7527,#156,#16);
#7613 = PLANE('',#7612);
#7614 = ORIENTED_EDGE('',*,*,#7529,.F.);
#7615 = VECTOR('',#16,1.);
#7616 = LINE('',#7521,#7615);
#7617 = EDGE_CURVE('',#7522,#7557,#7616,.T.);
#7618 = ORIENTED_EDGE('',*,*,#7617,.T.);
#7619 = ORIENTED_EDGE('',*,*,#7558,.T.);
#7620 = ORIENTED_EDGE('',*,*,#7602,.F.);
#7621 = EDGE_LOOP('',(#7614,#7618,#7619,#7620));
#7622 = FACE_OUTER_BOUND('',#7621,.T.);
#7623 = ADVANCED_FACE('',(#7622),#7613,.T.);
#7624 = AXIS2_PLACEMENT_3D('',#7521,#268,#16);
#7625 = PLANE('',#7624);
#7626 = ORIENTED_EDGE('',*,*,#7523,.F.);
#7627 = VECTOR('',#16,1.);
#7628 = LINE('',#7515,#7627);
#7629 = EDGE_CURVE('',#7516,#7563,#7628,.T.);
#7630 = ORIENTED_EDGE('',*,*,#7629,.T.);
#7631 = ORIENTED_EDGE('',*,*,#7564,.T.);
#7632 = ORIENTED_EDGE('',*,*,#7617,.F.);
#7633 = EDGE_LOOP('',(#7626,#7630,#7631,#7632));
#7634 = FACE_OUTER_BOUND('',#7633,.T.);
#7635 = ADVANCED_FACE('',(#7634),#7625,.T.);
#7636 = AXIS2_PLACEMENT_3D('',#7515,#281,#16);
#7637 = PLANE('',#7636);
#7638 = ORIENTED_EDGE('',*,*,#7517,.F.);
#7639 = VECTOR('',#16,1.);
#7640 = LINE('',#7508,#7639);
#7641 = EDGE_CURVE('',#7510,#7569,#7640,.T.);
#7642 = ORIENTED_EDGE('',*,*,#7641,.T.);
#7643 = ORIENTED_EDGE('',*,*,#7570,.T.);
#7644 = ORIENTED_EDGE('',*,*,#7629,.F.);
#7645 = EDGE_LOOP('',(#7638,#7642,#7643,#7644));
#7646 = FACE_OUTER_BOUND('',#7645,.T.);
#7647 = ADVANCED_FACE('',(#7646),#7637,.T.);
#7648 = AXIS2_PLACEMENT_3D('',#7508,#294,#16);
#7649 = PLANE('',#7648);
#7650 = ORIENTED_EDGE('',*,*,#7511,.T.);
#7651 = VECTOR('',#16,1.);
#7652 = LINE('',#7502,#7651);
#7653 = EDGE_CURVE('',#7504,#7575,#7652,.T.);
#7654 = ORIENTED_EDGE('',*,*,#7653,.T.);
#7655 = ORIENTED_EDGE('',*,*,#7576,.F.);
#7656 = ORIENTED_EDGE('',*,*,#7641,.F.);
#7657 = EDGE_LOOP('',(#7650,#7654,#7655,#7656));
#7658 = FACE_OUTER_BOUND('',#7657,.T.);
#7659 = ADVANCED_FACE('',(#7658),#7649,.T.);
#7660 = AXIS2_PLACEMENT_3D('',#7502,#307,#20);
#7661 = PLANE('',#7660);
#7662 = ORIENTED_EDGE('',*,*,#7505,.T.);
#7663 = VECTOR('',#16,1.);
#7664 = LINE('',#7495,#7663);
#7665 = EDGE_CURVE('',#7497,#7581,#7664,.T.);
#7666 = ORIENTED_EDGE('',*,*,#7665,.T.);
#7667 = ORIENTED_EDGE('',*,*,#7582,.F.);
#7668 = ORIENTED_EDGE('',*,*,#7653,.F.);
#7669 = EDGE_LOOP('',(#7662,#7666,#7667,#7668));
#7670 = FACE_OUTER_BOUND('',#7669,.T.);
#7671 = ADVANCED_FACE('',(#7670),#7661,.T.);
#7672 = AXIS2_PLACEMENT_3D('',#7495,#149,#20);
#7673 = PLANE('',#7672);
#7674 = ORIENTED_EDGE('',*,*,#7499,.T.);
#7675 = VECTOR('',#16,1.);
#7676 = LINE('',#7491,#7675);
#7677 = EDGE_CURVE('',#7498,#7587,#7676,.T.);
#7678 = ORIENTED_EDGE('',*,*,#7677,.T.);
#7679 = ORIENTED_EDGE('',*,*,#7588,.F.);
#7680 = ORIENTED_EDGE('',*,*,#7665,.F.);
#7681 = EDGE_LOOP('',(#7674,#7678,#7679,#7680));
#7682 = FACE_OUTER_BOUND('',#7681,.T.);
#7683 = ADVANCED_FACE('',(#7682),#7673,.T.);
#7684 = AXIS2_PLACEMENT_3D('',#7491,#142,#20);
#7685 = PLANE('',#7684);
#7686 = ORIENTED_EDGE('',*,*,#7539,.T.);
#7687 = ORIENTED_EDGE('',*,*,#7607,.T.);
#7688 = ORIENTED_EDGE('',*,*,#7592,.F.);
#7689 = ORIENTED_EDGE('',*,*,#7677,.F.);
#7690 = EDGE_LOOP('',(#7686,#7687,#7688,#7689));
#7691 = FACE_OUTER_BOUND('',#7690,.T.);
#7692 = ADVANCED_FACE('',(#7691),#7685,.T.);
#7693 = CLOSED_SHELL('',(#7543,#7596,#7611,#7623,#7635,#7647,#7659,#7671,#7683,#7692));
#7694 = MANIFOLD_SOLID_BREP('contact',#7693);
#7695 = CARTESIAN_POINT('',(0.229809704,-45.949809704,8.057));
#7696 = AXIS2_PLACEMENT_3D('',#7695,#20,#21);
#7697 = PLANE('',#7696);
#7698 = VECTOR('',#346,1.);
#7699 = CARTESIAN_POINT('',(0.,-46.045,8.057));
#7700 = LINE('',#7699,#7698);
#7701 = VERTEX_POINT('',#7699);
#7702 = VERTEX_POINT('',#7695);
#7703 = EDGE_CURVE('',#7701,#7702,#7700,.T.);
#7704 = ORIENTED_EDGE('',*,*,#7703,.F.);
#7705 = VECTOR('',#354,1.);
#7706 = CARTESIAN_POINT('',(-0.229809704,-45.949809704,8.057));
#7707 = LINE('',#7706,#7705);
#7708 = VERTEX_POINT('',#7706);
#7709 = EDGE_CURVE('',#7708,#7701,#7707,.T.);
#7710 = ORIENTED_EDGE('',*,*,#7709,.F.);
#7711 = VECTOR('',#361,1.);
#7712 = CARTESIAN_POINT('',(-0.325,-45.72,8.057));
#7713 = LINE('',#7712,#7711);
#7714 = VERTEX_POINT('',#7712);
#7715 = EDGE_CURVE('',#7714,#7708,#7713,.T.);
#7716 = ORIENTED_EDGE('',*,*,#7715,.F.);
#7717 = VECTOR('',#368,1.);
#7718 = LINE('',#7712,#7717);
#7719 = CARTESIAN_POINT('',(-0.229809704,-45.490190296,8.057));
#7720 = VERTEX_POINT('',#7719);
#7721 = EDGE_CURVE('',#7714,#7720,#7718,.T.);
#7722 = ORIENTED_EDGE('',*,*,#7721,.T.);
#7723 = VECTOR('',#346,1.);
#7724 = LINE('',#7719,#7723);
#7725 = CARTESIAN_POINT('',(0.,-45.395,8.057));
#7726 = VERTEX_POINT('',#7725);
#7727 = EDGE_CURVE('',#7720,#7726,#7724,.T.);
#7728 = ORIENTED_EDGE('',*,*,#7727,.T.);
#7729 = VECTOR('',#354,1.);
#7730 = LINE('',#7725,#7729);
#7731 = CARTESIAN_POINT('',(0.229809704,-45.490190296,8.057));
#7732 = VERTEX_POINT('',#7731);
#7733 = EDGE_CURVE('',#7726,#7732,#7730,.T.);
#7734 = ORIENTED_EDGE('',*,*,#7733,.T.);
#7735 = VECTOR('',#361,1.);
#7736 = LINE('',#7731,#7735);
#7737 = CARTESIAN_POINT('',(0.325,-45.72,8.057));
#7738 = VERTEX_POINT('',#7737);
#7739 = EDGE_CURVE('',#7732,#7738,#7736,.T.);
#7740 = ORIENTED_EDGE('',*,*,#7739,.T.);
#7741 = VECTOR('',#368,1.);
#7742 = LINE('',#7695,#7741);
#7743 = EDGE_CURVE('',#7702,#7738,#7742,.T.);
#7744 = ORIENTED_EDGE('',*,*,#7743,.F.);
#7745 = EDGE_LOOP('',(#7704,#7710,#7716,#7722,#7728,#7734,#7740,#7744));
#7746 = FACE_OUTER_BOUND('',#7745,.T.);
#7747 = ADVANCED_FACE('',(#7746),#7697,.T.);
#7748 = CARTESIAN_POINT('',(0.325,-45.72,10.157));
#7749 = AXIS2_PLACEMENT_3D('',#7748,#16,#51);
#7750 = PLANE('',#7749);
#7751 = VECTOR('',#361,1.);
#7752 = CARTESIAN_POINT('',(0.229809704,-45.490190296,10.157));
#7753 = LINE('',#7752,#7751);
#7754 = VERTEX_POINT('',#7752);
#7755 = VERTEX_POINT('',#7748);
#7756 = EDGE_CURVE('',#7754,#7755,#7753,.T.);
#7757 = ORIENTED_EDGE('',*,*,#7756,.F.);
#7758 = VECTOR('',#354,1.);
#7759 = CARTESIAN_POINT('',(0.,-45.395,10.157));
#7760 = LINE('',#7759,#7758);
#7761 = VERTEX_POINT('',#7759);
#7762 = EDGE_CURVE('',#7761,#7754,#7760,.T.);
#7763 = ORIENTED_EDGE('',*,*,#7762,.F.);
#7764 = VECTOR('',#346,1.);
#7765 = CARTESIAN_POINT('',(-0.229809704,-45.490190296,10.157));
#7766 = LINE('',#7765,#7764);
#7767 = VERTEX_POINT('',#7765);
#7768 = EDGE_CURVE('',#7767,#7761,#7766,.T.);
#7769 = ORIENTED_EDGE('',*,*,#7768,.F.);
#7770 = VECTOR('',#368,1.);
#7771 = CARTESIAN_POINT('',(-0.325,-45.72,10.157));
#7772 = LINE('',#7771,#7770);
#7773 = VERTEX_POINT('',#7771);
#7774 = EDGE_CURVE('',#7773,#7767,#7772,.T.);
#7775 = ORIENTED_EDGE('',*,*,#7774,.F.);
#7776 = VECTOR('',#361,1.);
#7777 = LINE('',#7771,#7776);
#7778 = CARTESIAN_POINT('',(-0.229809704,-45.949809704,10.157));
#7779 = VERTEX_POINT('',#7778);
#7780 = EDGE_CURVE('',#7773,#7779,#7777,.T.);
#7781 = ORIENTED_EDGE('',*,*,#7780,.T.);
#7782 = VECTOR('',#354,1.);
#7783 = LINE('',#7778,#7782);
#7784 = CARTESIAN_POINT('',(0.,-46.045,10.157));
#7785 = VERTEX_POINT('',#7784);
#7786 = EDGE_CURVE('',#7779,#7785,#7783,.T.);
#7787 = ORIENTED_EDGE('',*,*,#7786,.T.);
#7788 = VECTOR('',#346,1.);
#7789 = LINE('',#7784,#7788);
#7790 = CARTESIAN_POINT('',(0.229809704,-45.949809704,10.157));
#7791 = VERTEX_POINT('',#7790);
#7792 = EDGE_CURVE('',#7785,#7791,#7789,.T.);
#7793 = ORIENTED_EDGE('',*,*,#7792,.T.);
#7794 = VECTOR('',#368,1.);
#7795 = LINE('',#7790,#7794);
#7796 = EDGE_CURVE('',#7791,#7755,#7795,.T.);
#7797 = ORIENTED_EDGE('',*,*,#7796,.T.);
#7798 = EDGE_LOOP('',(#7757,#7763,#7769,#7775,#7781,#7787,#7793,#7797));
#7799 = FACE_OUTER_BOUND('',#7798,.T.);
#7800 = ADVANCED_FACE('',(#7799),#7750,.T.);
#7801 = AXIS2_PLACEMENT_3D('',#7737,#346,#20);
#7802 = PLANE('',#7801);
#7803 = ORIENTED_EDGE('',*,*,#7739,.F.);
#7804 = VECTOR('',#16,1.);
#7805 = LINE('',#7731,#7804);
#7806 = EDGE_CURVE('',#7732,#7754,#7805,.T.);
#7807 = ORIENTED_EDGE('',*,*,#7806,.T.);
#7808 = ORIENTED_EDGE('',*,*,#7756,.T.);
#7809 = VECTOR('',#16,1.);
#7810 = LINE('',#7737,#7809);
#7811 = EDGE_CURVE('',#7738,#7755,#7810,.T.);
#7812 = ORIENTED_EDGE('',*,*,#7811,.F.);
#7813 = EDGE_LOOP('',(#7803,#7807,#7808,#7812));
#7814 = FACE_OUTER_BOUND('',#7813,.T.);
#7815 = ADVANCED_FACE('',(#7814),#7802,.T.);
#7816 = AXIS2_PLACEMENT_3D('',#7731,#368,#16);
#7817 = PLANE('',#7816);
#7818 = ORIENTED_EDGE('',*,*,#7733,.F.);
#7819 = VECTOR('',#16,1.);
#7820 = LINE('',#7725,#7819);
#7821 = EDGE_CURVE('',#7726,#7761,#7820,.T.);
#7822 = ORIENTED_EDGE('',*,*,#7821,.T.);
#7823 = ORIENTED_EDGE('',*,*,#7762,.T.);
#7824 = ORIENTED_EDGE('',*,*,#7806,.F.);
#7825 = EDGE_LOOP('',(#7818,#7822,#7823,#7824));
#7826 = FACE_OUTER_BOUND('',#7825,.T.);
#7827 = ADVANCED_FACE('',(#7826),#7817,.T.);
#7828 = AXIS2_PLACEMENT_3D('',#7725,#480,#16);
#7829 = PLANE('',#7828);
#7830 = ORIENTED_EDGE('',*,*,#7727,.F.);
#7831 = VECTOR('',#16,1.);
#7832 = LINE('',#7719,#7831);
#7833 = EDGE_CURVE('',#7720,#7767,#7832,.T.);
#7834 = ORIENTED_EDGE('',*,*,#7833,.T.);
#7835 = ORIENTED_EDGE('',*,*,#7768,.T.);
#7836 = ORIENTED_EDGE('',*,*,#7821,.F.);
#7837 = EDGE_LOOP('',(#7830,#7834,#7835,#7836));
#7838 = FACE_OUTER_BOUND('',#7837,.T.);
#7839 = ADVANCED_FACE('',(#7838),#7829,.T.);
#7840 = AXIS2_PLACEMENT_3D('',#7719,#493,#16);
#7841 = PLANE('',#7840);
#7842 = ORIENTED_EDGE('',*,*,#7721,.F.);
#7843 = VECTOR('',#16,1.);
#7844 = LINE('',#7712,#7843);
#7845 = EDGE_CURVE('',#7714,#7773,#7844,.T.);
#7846 = ORIENTED_EDGE('',*,*,#7845,.T.);
#7847 = ORIENTED_EDGE('',*,*,#7774,.T.);
#7848 = ORIENTED_EDGE('',*,*,#7833,.F.);
#7849 = EDGE_LOOP('',(#7842,#7846,#7847,#7848));
#7850 = FACE_OUTER_BOUND('',#7849,.T.);
#7851 = ADVANCED_FACE('',(#7850),#7841,.T.);
#7852 = AXIS2_PLACEMENT_3D('',#7712,#506,#16);
#7853 = PLANE('',#7852);
#7854 = ORIENTED_EDGE('',*,*,#7715,.T.);
#7855 = VECTOR('',#16,1.);
#7856 = LINE('',#7706,#7855);
#7857 = EDGE_CURVE('',#7708,#7779,#7856,.T.);
#7858 = ORIENTED_EDGE('',*,*,#7857,.T.);
#7859 = ORIENTED_EDGE('',*,*,#7780,.F.);
#7860 = ORIENTED_EDGE('',*,*,#7845,.F.);
#7861 = EDGE_LOOP('',(#7854,#7858,#7859,#7860));
#7862 = FACE_OUTER_BOUND('',#7861,.T.);
#7863 = ADVANCED_FACE('',(#7862),#7853,.T.);
#7864 = AXIS2_PLACEMENT_3D('',#7706,#519,#20);
#7865 = PLANE('',#7864);
#7866 = ORIENTED_EDGE('',*,*,#7709,.T.);
#7867 = VECTOR('',#16,1.);
#7868 = LINE('',#7699,#7867);
#7869 = EDGE_CURVE('',#7701,#7785,#7868,.T.);
#7870 = ORIENTED_EDGE('',*,*,#7869,.T.);
#7871 = ORIENTED_EDGE('',*,*,#7786,.F.);
#7872 = ORIENTED_EDGE('',*,*,#7857,.F.);
#7873 = EDGE_LOOP('',(#7866,#7870,#7871,#7872));
#7874 = FACE_OUTER_BOUND('',#7873,.T.);
#7875 = ADVANCED_FACE('',(#7874),#7865,.T.);
#7876 = AXIS2_PLACEMENT_3D('',#7699,#361,#20);
#7877 = PLANE('',#7876);
#7878 = ORIENTED_EDGE('',*,*,#7703,.T.);
#7879 = VECTOR('',#16,1.);
#7880 = LINE('',#7695,#7879);
#7881 = EDGE_CURVE('',#7702,#7791,#7880,.T.);
#7882 = ORIENTED_EDGE('',*,*,#7881,.T.);
#7883 = ORIENTED_EDGE('',*,*,#7792,.F.);
#7884 = ORIENTED_EDGE('',*,*,#7869,.F.);
#7885 = EDGE_LOOP('',(#7878,#7882,#7883,#7884));
#7886 = FACE_OUTER_BOUND('',#7885,.T.);
#7887 = ADVANCED_FACE('',(#7886),#7877,.T.);
#7888 = AXIS2_PLACEMENT_3D('',#7695,#354,#20);
#7889 = PLANE('',#7888);
#7890 = ORIENTED_EDGE('',*,*,#7743,.T.);
#7891 = ORIENTED_EDGE('',*,*,#7811,.T.);
#7892 = ORIENTED_EDGE('',*,*,#7796,.F.);
#7893 = ORIENTED_EDGE('',*,*,#7881,.F.);
#7894 = EDGE_LOOP('',(#7890,#7891,#7892,#7893));
#7895 = FACE_OUTER_BOUND('',#7894,.T.);
#7896 = ADVANCED_FACE('',(#7895),#7889,.T.);
#7897 = CLOSED_SHELL('',(#7747,#7800,#7815,#7827,#7839,#7851,#7863,#7875,#7887,#7896));
#7898 = MANIFOLD_SOLID_BREP('lead',#7897);
#7899 = CARTESIAN_POINT('',(0.166170094,-48.426170094,0.007));
#7900 = AXIS2_PLACEMENT_3D('',#7899,#20,#21);
#7901 = PLANE('',#7900);
#7902 = VECTOR('',#134,1.);
#7903 = CARTESIAN_POINT('',(0.,-48.495,0.007));
#7904 = LINE('',#7903,#7902);
#7905 = VERTEX_POINT('',#7903);
#7906 = VERTEX_POINT('',#7899);
#7907 = EDGE_CURVE('',#7905,#7906,#7904,.T.);
#7908 = ORIENTED_EDGE('',*,*,#7907,.F.);
#7909 = VECTOR('',#142,1.);
#7910 = CARTESIAN_POINT('',(-0.166170094,-48.426170094,0.007));
#7911 = LINE('',#7910,#7909);
#7912 = VERTEX_POINT('',#7910);
#7913 = EDGE_CURVE('',#7912,#7905,#7911,.T.);
#7914 = ORIENTED_EDGE('',*,*,#7913,.F.);
#7915 = VECTOR('',#149,1.);
#7916 = CARTESIAN_POINT('',(-0.235,-48.26,0.007));
#7917 = LINE('',#7916,#7915);
#7918 = VERTEX_POINT('',#7916);
#7919 = EDGE_CURVE('',#7918,#7912,#7917,.T.);
#7920 = ORIENTED_EDGE('',*,*,#7919,.F.);
#7921 = VECTOR('',#156,1.);
#7922 = LINE('',#7916,#7921);
#7923 = CARTESIAN_POINT('',(-0.166170094,-48.093829906,0.007));
#7924 = VERTEX_POINT('',#7923);
#7925 = EDGE_CURVE('',#7918,#7924,#7922,.T.);
#7926 = ORIENTED_EDGE('',*,*,#7925,.T.);
#7927 = VECTOR('',#134,1.);
#7928 = LINE('',#7923,#7927);
#7929 = CARTESIAN_POINT('',(0.,-48.025,0.007));
#7930 = VERTEX_POINT('',#7929);
#7931 = EDGE_CURVE('',#7924,#7930,#7928,.T.);
#7932 = ORIENTED_EDGE('',*,*,#7931,.T.);
#7933 = VECTOR('',#142,1.);
#7934 = LINE('',#7929,#7933);
#7935 = CARTESIAN_POINT('',(0.166170094,-48.093829906,0.007));
#7936 = VERTEX_POINT('',#7935);
#7937 = EDGE_CURVE('',#7930,#7936,#7934,.T.);
#7938 = ORIENTED_EDGE('',*,*,#7937,.T.);
#7939 = VECTOR('',#149,1.);
#7940 = LINE('',#7935,#7939);
#7941 = CARTESIAN_POINT('',(0.235,-48.26,0.007));
#7942 = VERTEX_POINT('',#7941);
#7943 = EDGE_CURVE('',#7936,#7942,#7940,.T.);
#7944 = ORIENTED_EDGE('',*,*,#7943,.T.);
#7945 = VECTOR('',#156,1.);
#7946 = LINE('',#7899,#7945);
#7947 = EDGE_CURVE('',#7906,#7942,#7946,.T.);
#7948 = ORIENTED_EDGE('',*,*,#7947,.F.);
#7949 = EDGE_LOOP('',(#7908,#7914,#7920,#7926,#7932,#7938,#7944,#7948));
#7950 = FACE_OUTER_BOUND('',#7949,.T.);
#7951 = ADVANCED_FACE('',(#7950),#7901,.T.);
#7952 = CARTESIAN_POINT('',(0.235,-48.26,4.007));
#7953 = AXIS2_PLACEMENT_3D('',#7952,#16,#51);
#7954 = PLANE('',#7953);
#7955 = VECTOR('',#149,1.);
#7956 = CARTESIAN_POINT('',(0.166170094,-48.093829906,4.007));
#7957 = LINE('',#7956,#7955);
#7958 = VERTEX_POINT('',#7956);
#7959 = VERTEX_POINT('',#7952);
#7960 = EDGE_CURVE('',#7958,#7959,#7957,.T.);
#7961 = ORIENTED_EDGE('',*,*,#7960,.F.);
#7962 = VECTOR('',#142,1.);
#7963 = CARTESIAN_POINT('',(0.,-48.025,4.007));
#7964 = LINE('',#7963,#7962);
#7965 = VERTEX_POINT('',#7963);
#7966 = EDGE_CURVE('',#7965,#7958,#7964,.T.);
#7967 = ORIENTED_EDGE('',*,*,#7966,.F.);
#7968 = VECTOR('',#134,1.);
#7969 = CARTESIAN_POINT('',(-0.166170094,-48.093829906,4.007));
#7970 = LINE('',#7969,#7968);
#7971 = VERTEX_POINT('',#7969);
#7972 = EDGE_CURVE('',#7971,#7965,#7970,.T.);
#7973 = ORIENTED_EDGE('',*,*,#7972,.F.);
#7974 = VECTOR('',#156,1.);
#7975 = CARTESIAN_POINT('',(-0.235,-48.26,4.007));
#7976 = LINE('',#7975,#7974);
#7977 = VERTEX_POINT('',#7975);
#7978 = EDGE_CURVE('',#7977,#7971,#7976,.T.);
#7979 = ORIENTED_EDGE('',*,*,#7978,.F.);
#7980 = VECTOR('',#149,1.);
#7981 = LINE('',#7975,#7980);
#7982 = CARTESIAN_POINT('',(-0.166170094,-48.426170094,4.007));
#7983 = VERTEX_POINT('',#7982);
#7984 = EDGE_CURVE('',#7977,#7983,#7981,.T.);
#7985 = ORIENTED_EDGE('',*,*,#7984,.T.);
#7986 = VECTOR('',#142,1.);
#7987 = LINE('',#7982,#7986);
#7988 = CARTESIAN_POINT('',(0.,-48.495,4.007));
#7989 = VERTEX_POINT('',#7988);
#7990 = EDGE_CURVE('',#7983,#7989,#7987,.T.);
#7991 = ORIENTED_EDGE('',*,*,#7990,.T.);
#7992 = VECTOR('',#134,1.);
#7993 = LINE('',#7988,#7992);
#7994 = CARTESIAN_POINT('',(0.166170094,-48.426170094,4.007));
#7995 = VERTEX_POINT('',#7994);
#7996 = EDGE_CURVE('',#7989,#7995,#7993,.T.);
#7997 = ORIENTED_EDGE('',*,*,#7996,.T.);
#7998 = VECTOR('',#156,1.);
#7999 = LINE('',#7994,#7998);
#8000 = EDGE_CURVE('',#7995,#7959,#7999,.T.);
#8001 = ORIENTED_EDGE('',*,*,#8000,.T.);
#8002 = EDGE_LOOP('',(#7961,#7967,#7973,#7979,#7985,#7991,#7997,#8001));
#8003 = FACE_OUTER_BOUND('',#8002,.T.);
#8004 = ADVANCED_FACE('',(#8003),#7954,.T.);
#8005 = AXIS2_PLACEMENT_3D('',#7941,#134,#20);
#8006 = PLANE('',#8005);
#8007 = ORIENTED_EDGE('',*,*,#7943,.F.);
#8008 = VECTOR('',#16,1.);
#8009 = LINE('',#7935,#8008);
#8010 = EDGE_CURVE('',#7936,#7958,#8009,.T.);
#8011 = ORIENTED_EDGE('',*,*,#8010,.T.);
#8012 = ORIENTED_EDGE('',*,*,#7960,.T.);
#8013 = VECTOR('',#16,1.);
#8014 = LINE('',#7941,#8013);
#8015 = EDGE_CURVE('',#7942,#7959,#8014,.T.);
#8016 = ORIENTED_EDGE('',*,*,#8015,.F.);
#8017 = EDGE_LOOP('',(#8007,#8011,#8012,#8016));
#8018 = FACE_OUTER_BOUND('',#8017,.T.);
#8019 = ADVANCED_FACE('',(#8018),#8006,.T.);
#8020 = AXIS2_PLACEMENT_3D('',#7935,#156,#16);
#8021 = PLANE('',#8020);
#8022 = ORIENTED_EDGE('',*,*,#7937,.F.);
#8023 = VECTOR('',#16,1.);
#8024 = LINE('',#7929,#8023);
#8025 = EDGE_CURVE('',#7930,#7965,#8024,.T.);
#8026 = ORIENTED_EDGE('',*,*,#8025,.T.);
#8027 = ORIENTED_EDGE('',*,*,#7966,.T.);
#8028 = ORIENTED_EDGE('',*,*,#8010,.F.);
#8029 = EDGE_LOOP('',(#8022,#8026,#8027,#8028));
#8030 = FACE_OUTER_BOUND('',#8029,.T.);
#8031 = ADVANCED_FACE('',(#8030),#8021,.T.);
#8032 = AXIS2_PLACEMENT_3D('',#7929,#268,#16);
#8033 = PLANE('',#8032);
#8034 = ORIENTED_EDGE('',*,*,#7931,.F.);
#8035 = VECTOR('',#16,1.);
#8036 = LINE('',#7923,#8035);
#8037 = EDGE_CURVE('',#7924,#7971,#8036,.T.);
#8038 = ORIENTED_EDGE('',*,*,#8037,.T.);
#8039 = ORIENTED_EDGE('',*,*,#7972,.T.);
#8040 = ORIENTED_EDGE('',*,*,#8025,.F.);
#8041 = EDGE_LOOP('',(#8034,#8038,#8039,#8040));
#8042 = FACE_OUTER_BOUND('',#8041,.T.);
#8043 = ADVANCED_FACE('',(#8042),#8033,.T.);
#8044 = AXIS2_PLACEMENT_3D('',#7923,#281,#16);
#8045 = PLANE('',#8044);
#8046 = ORIENTED_EDGE('',*,*,#7925,.F.);
#8047 = VECTOR('',#16,1.);
#8048 = LINE('',#7916,#8047);
#8049 = EDGE_CURVE('',#7918,#7977,#8048,.T.);
#8050 = ORIENTED_EDGE('',*,*,#8049,.T.);
#8051 = ORIENTED_EDGE('',*,*,#7978,.T.);
#8052 = ORIENTED_EDGE('',*,*,#8037,.F.);
#8053 = EDGE_LOOP('',(#8046,#8050,#8051,#8052));
#8054 = FACE_OUTER_BOUND('',#8053,.T.);
#8055 = ADVANCED_FACE('',(#8054),#8045,.T.);
#8056 = AXIS2_PLACEMENT_3D('',#7916,#294,#16);
#8057 = PLANE('',#8056);
#8058 = ORIENTED_EDGE('',*,*,#7919,.T.);
#8059 = VECTOR('',#16,1.);
#8060 = LINE('',#7910,#8059);
#8061 = EDGE_CURVE('',#7912,#7983,#8060,.T.);
#8062 = ORIENTED_EDGE('',*,*,#8061,.T.);
#8063 = ORIENTED_EDGE('',*,*,#7984,.F.);
#8064 = ORIENTED_EDGE('',*,*,#8049,.F.);
#8065 = EDGE_LOOP('',(#8058,#8062,#8063,#8064));
#8066 = FACE_OUTER_BOUND('',#8065,.T.);
#8067 = ADVANCED_FACE('',(#8066),#8057,.T.);
#8068 = AXIS2_PLACEMENT_3D('',#7910,#307,#20);
#8069 = PLANE('',#8068);
#8070 = ORIENTED_EDGE('',*,*,#7913,.T.);
#8071 = VECTOR('',#16,1.);
#8072 = LINE('',#7903,#8071);
#8073 = EDGE_CURVE('',#7905,#7989,#8072,.T.);
#8074 = ORIENTED_EDGE('',*,*,#8073,.T.);
#8075 = ORIENTED_EDGE('',*,*,#7990,.F.);
#8076 = ORIENTED_EDGE('',*,*,#8061,.F.);
#8077 = EDGE_LOOP('',(#8070,#8074,#8075,#8076));
#8078 = FACE_OUTER_BOUND('',#8077,.T.);
#8079 = ADVANCED_FACE('',(#8078),#8069,.T.);
#8080 = AXIS2_PLACEMENT_3D('',#7903,#149,#20);
#8081 = PLANE('',#8080);
#8082 = ORIENTED_EDGE('',*,*,#7907,.T.);
#8083 = VECTOR('',#16,1.);
#8084 = LINE('',#7899,#8083);
#8085 = EDGE_CURVE('',#7906,#7995,#8084,.T.);
#8086 = ORIENTED_EDGE('',*,*,#8085,.T.);
#8087 = ORIENTED_EDGE('',*,*,#7996,.F.);
#8088 = ORIENTED_EDGE('',*,*,#8073,.F.);
#8089 = EDGE_LOOP('',(#8082,#8086,#8087,#8088));
#8090 = FACE_OUTER_BOUND('',#8089,.T.);
#8091 = ADVANCED_FACE('',(#8090),#8081,.T.);
#8092 = AXIS2_PLACEMENT_3D('',#7899,#142,#20);
#8093 = PLANE('',#8092);
#8094 = ORIENTED_EDGE('',*,*,#7947,.T.);
#8095 = ORIENTED_EDGE('',*,*,#8015,.T.);
#8096 = ORIENTED_EDGE('',*,*,#8000,.F.);
#8097 = ORIENTED_EDGE('',*,*,#8085,.F.);
#8098 = EDGE_LOOP('',(#8094,#8095,#8096,#8097));
#8099 = FACE_OUTER_BOUND('',#8098,.T.);
#8100 = ADVANCED_FACE('',(#8099),#8093,.T.);
#8101 = CLOSED_SHELL('',(#7951,#8004,#8019,#8031,#8043,#8055,#8067,#8079,#8091,#8100));
#8102 = MANIFOLD_SOLID_BREP('contact',#8101);
#8103 = CARTESIAN_POINT('',(0.229809704,-48.489809704,8.057));
#8104 = AXIS2_PLACEMENT_3D('',#8103,#20,#21);
#8105 = PLANE('',#8104);
#8106 = VECTOR('',#346,1.);
#8107 = CARTESIAN_POINT('',(0.,-48.585,8.057));
#8108 = LINE('',#8107,#8106);
#8109 = VERTEX_POINT('',#8107);
#8110 = VERTEX_POINT('',#8103);
#8111 = EDGE_CURVE('',#8109,#8110,#8108,.T.);
#8112 = ORIENTED_EDGE('',*,*,#8111,.F.);
#8113 = VECTOR('',#354,1.);
#8114 = CARTESIAN_POINT('',(-0.229809704,-48.489809704,8.057));
#8115 = LINE('',#8114,#8113);
#8116 = VERTEX_POINT('',#8114);
#8117 = EDGE_CURVE('',#8116,#8109,#8115,.T.);
#8118 = ORIENTED_EDGE('',*,*,#8117,.F.);
#8119 = VECTOR('',#361,1.);
#8120 = CARTESIAN_POINT('',(-0.325,-48.26,8.057));
#8121 = LINE('',#8120,#8119);
#8122 = VERTEX_POINT('',#8120);
#8123 = EDGE_CURVE('',#8122,#8116,#8121,.T.);
#8124 = ORIENTED_EDGE('',*,*,#8123,.F.);
#8125 = VECTOR('',#368,1.);
#8126 = LINE('',#8120,#8125);
#8127 = CARTESIAN_POINT('',(-0.229809704,-48.030190296,8.057));
#8128 = VERTEX_POINT('',#8127);
#8129 = EDGE_CURVE('',#8122,#8128,#8126,.T.);
#8130 = ORIENTED_EDGE('',*,*,#8129,.T.);
#8131 = VECTOR('',#346,1.);
#8132 = LINE('',#8127,#8131);
#8133 = CARTESIAN_POINT('',(0.,-47.935,8.057));
#8134 = VERTEX_POINT('',#8133);
#8135 = EDGE_CURVE('',#8128,#8134,#8132,.T.);
#8136 = ORIENTED_EDGE('',*,*,#8135,.T.);
#8137 = VECTOR('',#354,1.);
#8138 = LINE('',#8133,#8137);
#8139 = CARTESIAN_POINT('',(0.229809704,-48.030190296,8.057));
#8140 = VERTEX_POINT('',#8139);
#8141 = EDGE_CURVE('',#8134,#8140,#8138,.T.);
#8142 = ORIENTED_EDGE('',*,*,#8141,.T.);
#8143 = VECTOR('',#361,1.);
#8144 = LINE('',#8139,#8143);
#8145 = CARTESIAN_POINT('',(0.325,-48.26,8.057));
#8146 = VERTEX_POINT('',#8145);
#8147 = EDGE_CURVE('',#8140,#8146,#8144,.T.);
#8148 = ORIENTED_EDGE('',*,*,#8147,.T.);
#8149 = VECTOR('',#368,1.);
#8150 = LINE('',#8103,#8149);
#8151 = EDGE_CURVE('',#8110,#8146,#8150,.T.);
#8152 = ORIENTED_EDGE('',*,*,#8151,.F.);
#8153 = EDGE_LOOP('',(#8112,#8118,#8124,#8130,#8136,#8142,#8148,#8152));
#8154 = FACE_OUTER_BOUND('',#8153,.T.);
#8155 = ADVANCED_FACE('',(#8154),#8105,.T.);
#8156 = CARTESIAN_POINT('',(0.325,-48.26,10.157));
#8157 = AXIS2_PLACEMENT_3D('',#8156,#16,#51);
#8158 = PLANE('',#8157);
#8159 = VECTOR('',#361,1.);
#8160 = CARTESIAN_POINT('',(0.229809704,-48.030190296,10.157));
#8161 = LINE('',#8160,#8159);
#8162 = VERTEX_POINT('',#8160);
#8163 = VERTEX_POINT('',#8156);
#8164 = EDGE_CURVE('',#8162,#8163,#8161,.T.);
#8165 = ORIENTED_EDGE('',*,*,#8164,.F.);
#8166 = VECTOR('',#354,1.);
#8167 = CARTESIAN_POINT('',(0.,-47.935,10.157));
#8168 = LINE('',#8167,#8166);
#8169 = VERTEX_POINT('',#8167);
#8170 = EDGE_CURVE('',#8169,#8162,#8168,.T.);
#8171 = ORIENTED_EDGE('',*,*,#8170,.F.);
#8172 = VECTOR('',#346,1.);
#8173 = CARTESIAN_POINT('',(-0.229809704,-48.030190296,10.157));
#8174 = LINE('',#8173,#8172);
#8175 = VERTEX_POINT('',#8173);
#8176 = EDGE_CURVE('',#8175,#8169,#8174,.T.);
#8177 = ORIENTED_EDGE('',*,*,#8176,.F.);
#8178 = VECTOR('',#368,1.);
#8179 = CARTESIAN_POINT('',(-0.325,-48.26,10.157));
#8180 = LINE('',#8179,#8178);
#8181 = VERTEX_POINT('',#8179);
#8182 = EDGE_CURVE('',#8181,#8175,#8180,.T.);
#8183 = ORIENTED_EDGE('',*,*,#8182,.F.);
#8184 = VECTOR('',#361,1.);
#8185 = LINE('',#8179,#8184);
#8186 = CARTESIAN_POINT('',(-0.229809704,-48.489809704,10.157));
#8187 = VERTEX_POINT('',#8186);
#8188 = EDGE_CURVE('',#8181,#8187,#8185,.T.);
#8189 = ORIENTED_EDGE('',*,*,#8188,.T.);
#8190 = VECTOR('',#354,1.);
#8191 = LINE('',#8186,#8190);
#8192 = CARTESIAN_POINT('',(0.,-48.585,10.157));
#8193 = VERTEX_POINT('',#8192);
#8194 = EDGE_CURVE('',#8187,#8193,#8191,.T.);
#8195 = ORIENTED_EDGE('',*,*,#8194,.T.);
#8196 = VECTOR('',#346,1.);
#8197 = LINE('',#8192,#8196);
#8198 = CARTESIAN_POINT('',(0.229809704,-48.489809704,10.157));
#8199 = VERTEX_POINT('',#8198);
#8200 = EDGE_CURVE('',#8193,#8199,#8197,.T.);
#8201 = ORIENTED_EDGE('',*,*,#8200,.T.);
#8202 = VECTOR('',#368,1.);
#8203 = LINE('',#8198,#8202);
#8204 = EDGE_CURVE('',#8199,#8163,#8203,.T.);
#8205 = ORIENTED_EDGE('',*,*,#8204,.T.);
#8206 = EDGE_LOOP('',(#8165,#8171,#8177,#8183,#8189,#8195,#8201,#8205));
#8207 = FACE_OUTER_BOUND('',#8206,.T.);
#8208 = ADVANCED_FACE('',(#8207),#8158,.T.);
#8209 = AXIS2_PLACEMENT_3D('',#8145,#346,#20);
#8210 = PLANE('',#8209);
#8211 = ORIENTED_EDGE('',*,*,#8147,.F.);
#8212 = VECTOR('',#16,1.);
#8213 = LINE('',#8139,#8212);
#8214 = EDGE_CURVE('',#8140,#8162,#8213,.T.);
#8215 = ORIENTED_EDGE('',*,*,#8214,.T.);
#8216 = ORIENTED_EDGE('',*,*,#8164,.T.);
#8217 = VECTOR('',#16,1.);
#8218 = LINE('',#8145,#8217);
#8219 = EDGE_CURVE('',#8146,#8163,#8218,.T.);
#8220 = ORIENTED_EDGE('',*,*,#8219,.F.);
#8221 = EDGE_LOOP('',(#8211,#8215,#8216,#8220));
#8222 = FACE_OUTER_BOUND('',#8221,.T.);
#8223 = ADVANCED_FACE('',(#8222),#8210,.T.);
#8224 = AXIS2_PLACEMENT_3D('',#8139,#368,#16);
#8225 = PLANE('',#8224);
#8226 = ORIENTED_EDGE('',*,*,#8141,.F.);
#8227 = VECTOR('',#16,1.);
#8228 = LINE('',#8133,#8227);
#8229 = EDGE_CURVE('',#8134,#8169,#8228,.T.);
#8230 = ORIENTED_EDGE('',*,*,#8229,.T.);
#8231 = ORIENTED_EDGE('',*,*,#8170,.T.);
#8232 = ORIENTED_EDGE('',*,*,#8214,.F.);
#8233 = EDGE_LOOP('',(#8226,#8230,#8231,#8232));
#8234 = FACE_OUTER_BOUND('',#8233,.T.);
#8235 = ADVANCED_FACE('',(#8234),#8225,.T.);
#8236 = AXIS2_PLACEMENT_3D('',#8133,#480,#16);
#8237 = PLANE('',#8236);
#8238 = ORIENTED_EDGE('',*,*,#8135,.F.);
#8239 = VECTOR('',#16,1.);
#8240 = LINE('',#8127,#8239);
#8241 = EDGE_CURVE('',#8128,#8175,#8240,.T.);
#8242 = ORIENTED_EDGE('',*,*,#8241,.T.);
#8243 = ORIENTED_EDGE('',*,*,#8176,.T.);
#8244 = ORIENTED_EDGE('',*,*,#8229,.F.);
#8245 = EDGE_LOOP('',(#8238,#8242,#8243,#8244));
#8246 = FACE_OUTER_BOUND('',#8245,.T.);
#8247 = ADVANCED_FACE('',(#8246),#8237,.T.);
#8248 = AXIS2_PLACEMENT_3D('',#8127,#493,#16);
#8249 = PLANE('',#8248);
#8250 = ORIENTED_EDGE('',*,*,#8129,.F.);
#8251 = VECTOR('',#16,1.);
#8252 = LINE('',#8120,#8251);
#8253 = EDGE_CURVE('',#8122,#8181,#8252,.T.);
#8254 = ORIENTED_EDGE('',*,*,#8253,.T.);
#8255 = ORIENTED_EDGE('',*,*,#8182,.T.);
#8256 = ORIENTED_EDGE('',*,*,#8241,.F.);
#8257 = EDGE_LOOP('',(#8250,#8254,#8255,#8256));
#8258 = FACE_OUTER_BOUND('',#8257,.T.);
#8259 = ADVANCED_FACE('',(#8258),#8249,.T.);
#8260 = AXIS2_PLACEMENT_3D('',#8120,#506,#16);
#8261 = PLANE('',#8260);
#8262 = ORIENTED_EDGE('',*,*,#8123,.T.);
#8263 = VECTOR('',#16,1.);
#8264 = LINE('',#8114,#8263);
#8265 = EDGE_CURVE('',#8116,#8187,#8264,.T.);
#8266 = ORIENTED_EDGE('',*,*,#8265,.T.);
#8267 = ORIENTED_EDGE('',*,*,#8188,.F.);
#8268 = ORIENTED_EDGE('',*,*,#8253,.F.);
#8269 = EDGE_LOOP('',(#8262,#8266,#8267,#8268));
#8270 = FACE_OUTER_BOUND('',#8269,.T.);
#8271 = ADVANCED_FACE('',(#8270),#8261,.T.);
#8272 = AXIS2_PLACEMENT_3D('',#8114,#519,#20);
#8273 = PLANE('',#8272);
#8274 = ORIENTED_EDGE('',*,*,#8117,.T.);
#8275 = VECTOR('',#16,1.);
#8276 = LINE('',#8107,#8275);
#8277 = EDGE_CURVE('',#8109,#8193,#8276,.T.);
#8278 = ORIENTED_EDGE('',*,*,#8277,.T.);
#8279 = ORIENTED_EDGE('',*,*,#8194,.F.);
#8280 = ORIENTED_EDGE('',*,*,#8265,.F.);
#8281 = EDGE_LOOP('',(#8274,#8278,#8279,#8280));
#8282 = FACE_OUTER_BOUND('',#8281,.T.);
#8283 = ADVANCED_FACE('',(#8282),#8273,.T.);
#8284 = AXIS2_PLACEMENT_3D('',#8107,#361,#20);
#8285 = PLANE('',#8284);
#8286 = ORIENTED_EDGE('',*,*,#8111,.T.);
#8287 = VECTOR('',#16,1.);
#8288 = LINE('',#8103,#8287);
#8289 = EDGE_CURVE('',#8110,#8199,#8288,.T.);
#8290 = ORIENTED_EDGE('',*,*,#8289,.T.);
#8291 = ORIENTED_EDGE('',*,*,#8200,.F.);
#8292 = ORIENTED_EDGE('',*,*,#8277,.F.);
#8293 = EDGE_LOOP('',(#8286,#8290,#8291,#8292));
#8294 = FACE_OUTER_BOUND('',#8293,.T.);
#8295 = ADVANCED_FACE('',(#8294),#8285,.T.);
#8296 = AXIS2_PLACEMENT_3D('',#8103,#354,#20);
#8297 = PLANE('',#8296);
#8298 = ORIENTED_EDGE('',*,*,#8151,.T.);
#8299 = ORIENTED_EDGE('',*,*,#8219,.T.);
#8300 = ORIENTED_EDGE('',*,*,#8204,.F.);
#8301 = ORIENTED_EDGE('',*,*,#8289,.F.);
#8302 = EDGE_LOOP('',(#8298,#8299,#8300,#8301));
#8303 = FACE_OUTER_BOUND('',#8302,.T.);
#8304 = ADVANCED_FACE('',(#8303),#8297,.T.);
#8305 = CLOSED_SHELL('',(#8155,#8208,#8223,#8235,#8247,#8259,#8271,#8283,#8295,#8304));
#8306 = MANIFOLD_SOLID_BREP('lead',#8305);
#8307 = CARTESIAN_POINT('',(0.166170094,-50.966170094,0.007));
#8308 = AXIS2_PLACEMENT_3D('',#8307,#20,#21);
#8309 = PLANE('',#8308);
#8310 = VECTOR('',#134,1.);
#8311 = CARTESIAN_POINT('',(0.,-51.035,0.007));
#8312 = LINE('',#8311,#8310);
#8313 = VERTEX_POINT('',#8311);
#8314 = VERTEX_POINT('',#8307);
#8315 = EDGE_CURVE('',#8313,#8314,#8312,.T.);
#8316 = ORIENTED_EDGE('',*,*,#8315,.F.);
#8317 = VECTOR('',#142,1.);
#8318 = CARTESIAN_POINT('',(-0.166170094,-50.966170094,0.007));
#8319 = LINE('',#8318,#8317);
#8320 = VERTEX_POINT('',#8318);
#8321 = EDGE_CURVE('',#8320,#8313,#8319,.T.);
#8322 = ORIENTED_EDGE('',*,*,#8321,.F.);
#8323 = VECTOR('',#149,1.);
#8324 = CARTESIAN_POINT('',(-0.235,-50.8,0.007));
#8325 = LINE('',#8324,#8323);
#8326 = VERTEX_POINT('',#8324);
#8327 = EDGE_CURVE('',#8326,#8320,#8325,.T.);
#8328 = ORIENTED_EDGE('',*,*,#8327,.F.);
#8329 = VECTOR('',#156,1.);
#8330 = LINE('',#8324,#8329);
#8331 = CARTESIAN_POINT('',(-0.166170094,-50.633829906,0.007));
#8332 = VERTEX_POINT('',#8331);
#8333 = EDGE_CURVE('',#8326,#8332,#8330,.T.);
#8334 = ORIENTED_EDGE('',*,*,#8333,.T.);
#8335 = VECTOR('',#134,1.);
#8336 = LINE('',#8331,#8335);
#8337 = CARTESIAN_POINT('',(0.,-50.565,0.007));
#8338 = VERTEX_POINT('',#8337);
#8339 = EDGE_CURVE('',#8332,#8338,#8336,.T.);
#8340 = ORIENTED_EDGE('',*,*,#8339,.T.);
#8341 = VECTOR('',#142,1.);
#8342 = LINE('',#8337,#8341);
#8343 = CARTESIAN_POINT('',(0.166170094,-50.633829906,0.007));
#8344 = VERTEX_POINT('',#8343);
#8345 = EDGE_CURVE('',#8338,#8344,#8342,.T.);
#8346 = ORIENTED_EDGE('',*,*,#8345,.T.);
#8347 = VECTOR('',#149,1.);
#8348 = LINE('',#8343,#8347);
#8349 = CARTESIAN_POINT('',(0.235,-50.8,0.007));
#8350 = VERTEX_POINT('',#8349);
#8351 = EDGE_CURVE('',#8344,#8350,#8348,.T.);
#8352 = ORIENTED_EDGE('',*,*,#8351,.T.);
#8353 = VECTOR('',#156,1.);
#8354 = LINE('',#8307,#8353);
#8355 = EDGE_CURVE('',#8314,#8350,#8354,.T.);
#8356 = ORIENTED_EDGE('',*,*,#8355,.F.);
#8357 = EDGE_LOOP('',(#8316,#8322,#8328,#8334,#8340,#8346,#8352,#8356));
#8358 = FACE_OUTER_BOUND('',#8357,.T.);
#8359 = ADVANCED_FACE('',(#8358),#8309,.T.);
#8360 = CARTESIAN_POINT('',(0.235,-50.8,4.007));
#8361 = AXIS2_PLACEMENT_3D('',#8360,#16,#51);
#8362 = PLANE('',#8361);
#8363 = VECTOR('',#149,1.);
#8364 = CARTESIAN_POINT('',(0.166170094,-50.633829906,4.007));
#8365 = LINE('',#8364,#8363);
#8366 = VERTEX_POINT('',#8364);
#8367 = VERTEX_POINT('',#8360);
#8368 = EDGE_CURVE('',#8366,#8367,#8365,.T.);
#8369 = ORIENTED_EDGE('',*,*,#8368,.F.);
#8370 = VECTOR('',#142,1.);
#8371 = CARTESIAN_POINT('',(0.,-50.565,4.007));
#8372 = LINE('',#8371,#8370);
#8373 = VERTEX_POINT('',#8371);
#8374 = EDGE_CURVE('',#8373,#8366,#8372,.T.);
#8375 = ORIENTED_EDGE('',*,*,#8374,.F.);
#8376 = VECTOR('',#134,1.);
#8377 = CARTESIAN_POINT('',(-0.166170094,-50.633829906,4.007));
#8378 = LINE('',#8377,#8376);
#8379 = VERTEX_POINT('',#8377);
#8380 = EDGE_CURVE('',#8379,#8373,#8378,.T.);
#8381 = ORIENTED_EDGE('',*,*,#8380,.F.);
#8382 = VECTOR('',#156,1.);
#8383 = CARTESIAN_POINT('',(-0.235,-50.8,4.007));
#8384 = LINE('',#8383,#8382);
#8385 = VERTEX_POINT('',#8383);
#8386 = EDGE_CURVE('',#8385,#8379,#8384,.T.);
#8387 = ORIENTED_EDGE('',*,*,#8386,.F.);
#8388 = VECTOR('',#149,1.);
#8389 = LINE('',#8383,#8388);
#8390 = CARTESIAN_POINT('',(-0.166170094,-50.966170094,4.007));
#8391 = VERTEX_POINT('',#8390);
#8392 = EDGE_CURVE('',#8385,#8391,#8389,.T.);
#8393 = ORIENTED_EDGE('',*,*,#8392,.T.);
#8394 = VECTOR('',#142,1.);
#8395 = LINE('',#8390,#8394);
#8396 = CARTESIAN_POINT('',(0.,-51.035,4.007));
#8397 = VERTEX_POINT('',#8396);
#8398 = EDGE_CURVE('',#8391,#8397,#8395,.T.);
#8399 = ORIENTED_EDGE('',*,*,#8398,.T.);
#8400 = VECTOR('',#134,1.);
#8401 = LINE('',#8396,#8400);
#8402 = CARTESIAN_POINT('',(0.166170094,-50.966170094,4.007));
#8403 = VERTEX_POINT('',#8402);
#8404 = EDGE_CURVE('',#8397,#8403,#8401,.T.);
#8405 = ORIENTED_EDGE('',*,*,#8404,.T.);
#8406 = VECTOR('',#156,1.);
#8407 = LINE('',#8402,#8406);
#8408 = EDGE_CURVE('',#8403,#8367,#8407,.T.);
#8409 = ORIENTED_EDGE('',*,*,#8408,.T.);
#8410 = EDGE_LOOP('',(#8369,#8375,#8381,#8387,#8393,#8399,#8405,#8409));
#8411 = FACE_OUTER_BOUND('',#8410,.T.);
#8412 = ADVANCED_FACE('',(#8411),#8362,.T.);
#8413 = AXIS2_PLACEMENT_3D('',#8349,#134,#20);
#8414 = PLANE('',#8413);
#8415 = ORIENTED_EDGE('',*,*,#8351,.F.);
#8416 = VECTOR('',#16,1.);
#8417 = LINE('',#8343,#8416);
#8418 = EDGE_CURVE('',#8344,#8366,#8417,.T.);
#8419 = ORIENTED_EDGE('',*,*,#8418,.T.);
#8420 = ORIENTED_EDGE('',*,*,#8368,.T.);
#8421 = VECTOR('',#16,1.);
#8422 = LINE('',#8349,#8421);
#8423 = EDGE_CURVE('',#8350,#8367,#8422,.T.);
#8424 = ORIENTED_EDGE('',*,*,#8423,.F.);
#8425 = EDGE_LOOP('',(#8415,#8419,#8420,#8424));
#8426 = FACE_OUTER_BOUND('',#8425,.T.);
#8427 = ADVANCED_FACE('',(#8426),#8414,.T.);
#8428 = AXIS2_PLACEMENT_3D('',#8343,#156,#16);
#8429 = PLANE('',#8428);
#8430 = ORIENTED_EDGE('',*,*,#8345,.F.);
#8431 = VECTOR('',#16,1.);
#8432 = LINE('',#8337,#8431);
#8433 = EDGE_CURVE('',#8338,#8373,#8432,.T.);
#8434 = ORIENTED_EDGE('',*,*,#8433,.T.);
#8435 = ORIENTED_EDGE('',*,*,#8374,.T.);
#8436 = ORIENTED_EDGE('',*,*,#8418,.F.);
#8437 = EDGE_LOOP('',(#8430,#8434,#8435,#8436));
#8438 = FACE_OUTER_BOUND('',#8437,.T.);
#8439 = ADVANCED_FACE('',(#8438),#8429,.T.);
#8440 = AXIS2_PLACEMENT_3D('',#8337,#268,#16);
#8441 = PLANE('',#8440);
#8442 = ORIENTED_EDGE('',*,*,#8339,.F.);
#8443 = VECTOR('',#16,1.);
#8444 = LINE('',#8331,#8443);
#8445 = EDGE_CURVE('',#8332,#8379,#8444,.T.);
#8446 = ORIENTED_EDGE('',*,*,#8445,.T.);
#8447 = ORIENTED_EDGE('',*,*,#8380,.T.);
#8448 = ORIENTED_EDGE('',*,*,#8433,.F.);
#8449 = EDGE_LOOP('',(#8442,#8446,#8447,#8448));
#8450 = FACE_OUTER_BOUND('',#8449,.T.);
#8451 = ADVANCED_FACE('',(#8450),#8441,.T.);
#8452 = AXIS2_PLACEMENT_3D('',#8331,#281,#16);
#8453 = PLANE('',#8452);
#8454 = ORIENTED_EDGE('',*,*,#8333,.F.);
#8455 = VECTOR('',#16,1.);
#8456 = LINE('',#8324,#8455);
#8457 = EDGE_CURVE('',#8326,#8385,#8456,.T.);
#8458 = ORIENTED_EDGE('',*,*,#8457,.T.);
#8459 = ORIENTED_EDGE('',*,*,#8386,.T.);
#8460 = ORIENTED_EDGE('',*,*,#8445,.F.);
#8461 = EDGE_LOOP('',(#8454,#8458,#8459,#8460));
#8462 = FACE_OUTER_BOUND('',#8461,.T.);
#8463 = ADVANCED_FACE('',(#8462),#8453,.T.);
#8464 = AXIS2_PLACEMENT_3D('',#8324,#294,#16);
#8465 = PLANE('',#8464);
#8466 = ORIENTED_EDGE('',*,*,#8327,.T.);
#8467 = VECTOR('',#16,1.);
#8468 = LINE('',#8318,#8467);
#8469 = EDGE_CURVE('',#8320,#8391,#8468,.T.);
#8470 = ORIENTED_EDGE('',*,*,#8469,.T.);
#8471 = ORIENTED_EDGE('',*,*,#8392,.F.);
#8472 = ORIENTED_EDGE('',*,*,#8457,.F.);
#8473 = EDGE_LOOP('',(#8466,#8470,#8471,#8472));
#8474 = FACE_OUTER_BOUND('',#8473,.T.);
#8475 = ADVANCED_FACE('',(#8474),#8465,.T.);
#8476 = AXIS2_PLACEMENT_3D('',#8318,#307,#20);
#8477 = PLANE('',#8476);
#8478 = ORIENTED_EDGE('',*,*,#8321,.T.);
#8479 = VECTOR('',#16,1.);
#8480 = LINE('',#8311,#8479);
#8481 = EDGE_CURVE('',#8313,#8397,#8480,.T.);
#8482 = ORIENTED_EDGE('',*,*,#8481,.T.);
#8483 = ORIENTED_EDGE('',*,*,#8398,.F.);
#8484 = ORIENTED_EDGE('',*,*,#8469,.F.);
#8485 = EDGE_LOOP('',(#8478,#8482,#8483,#8484));
#8486 = FACE_OUTER_BOUND('',#8485,.T.);
#8487 = ADVANCED_FACE('',(#8486),#8477,.T.);
#8488 = AXIS2_PLACEMENT_3D('',#8311,#149,#20);
#8489 = PLANE('',#8488);
#8490 = ORIENTED_EDGE('',*,*,#8315,.T.);
#8491 = VECTOR('',#16,1.);
#8492 = LINE('',#8307,#8491);
#8493 = EDGE_CURVE('',#8314,#8403,#8492,.T.);
#8494 = ORIENTED_EDGE('',*,*,#8493,.T.);
#8495 = ORIENTED_EDGE('',*,*,#8404,.F.);
#8496 = ORIENTED_EDGE('',*,*,#8481,.F.);
#8497 = EDGE_LOOP('',(#8490,#8494,#8495,#8496));
#8498 = FACE_OUTER_BOUND('',#8497,.T.);
#8499 = ADVANCED_FACE('',(#8498),#8489,.T.);
#8500 = AXIS2_PLACEMENT_3D('',#8307,#142,#20);
#8501 = PLANE('',#8500);
#8502 = ORIENTED_EDGE('',*,*,#8355,.T.);
#8503 = ORIENTED_EDGE('',*,*,#8423,.T.);
#8504 = ORIENTED_EDGE('',*,*,#8408,.F.);
#8505 = ORIENTED_EDGE('',*,*,#8493,.F.);
#8506 = EDGE_LOOP('',(#8502,#8503,#8504,#8505));
#8507 = FACE_OUTER_BOUND('',#8506,.T.);
#8508 = ADVANCED_FACE('',(#8507),#8501,.T.);
#8509 = CLOSED_SHELL('',(#8359,#8412,#8427,#8439,#8451,#8463,#8475,#8487,#8499,#8508));
#8510 = MANIFOLD_SOLID_BREP('contact',#8509);
#8511 = CARTESIAN_POINT('',(0.229809704,-51.029809704,8.057));
#8512 = AXIS2_PLACEMENT_3D('',#8511,#20,#21);
#8513 = PLANE('',#8512);
#8514 = VECTOR('',#346,1.);
#8515 = CARTESIAN_POINT('',(0.,-51.125,8.057));
#8516 = LINE('',#8515,#8514);
#8517 = VERTEX_POINT('',#8515);
#8518 = VERTEX_POINT('',#8511);
#8519 = EDGE_CURVE('',#8517,#8518,#8516,.T.);
#8520 = ORIENTED_EDGE('',*,*,#8519,.F.);
#8521 = VECTOR('',#354,1.);
#8522 = CARTESIAN_POINT('',(-0.229809704,-51.029809704,8.057));
#8523 = LINE('',#8522,#8521);
#8524 = VERTEX_POINT('',#8522);
#8525 = EDGE_CURVE('',#8524,#8517,#8523,.T.);
#8526 = ORIENTED_EDGE('',*,*,#8525,.F.);
#8527 = VECTOR('',#361,1.);
#8528 = CARTESIAN_POINT('',(-0.325,-50.8,8.057));
#8529 = LINE('',#8528,#8527);
#8530 = VERTEX_POINT('',#8528);
#8531 = EDGE_CURVE('',#8530,#8524,#8529,.T.);
#8532 = ORIENTED_EDGE('',*,*,#8531,.F.);
#8533 = VECTOR('',#368,1.);
#8534 = LINE('',#8528,#8533);
#8535 = CARTESIAN_POINT('',(-0.229809704,-50.570190296,8.057));
#8536 = VERTEX_POINT('',#8535);
#8537 = EDGE_CURVE('',#8530,#8536,#8534,.T.);
#8538 = ORIENTED_EDGE('',*,*,#8537,.T.);
#8539 = VECTOR('',#346,1.);
#8540 = LINE('',#8535,#8539);
#8541 = CARTESIAN_POINT('',(0.,-50.475,8.057));
#8542 = VERTEX_POINT('',#8541);
#8543 = EDGE_CURVE('',#8536,#8542,#8540,.T.);
#8544 = ORIENTED_EDGE('',*,*,#8543,.T.);
#8545 = VECTOR('',#354,1.);
#8546 = LINE('',#8541,#8545);
#8547 = CARTESIAN_POINT('',(0.229809704,-50.570190296,8.057));
#8548 = VERTEX_POINT('',#8547);
#8549 = EDGE_CURVE('',#8542,#8548,#8546,.T.);
#8550 = ORIENTED_EDGE('',*,*,#8549,.T.);
#8551 = VECTOR('',#361,1.);
#8552 = LINE('',#8547,#8551);
#8553 = CARTESIAN_POINT('',(0.325,-50.8,8.057));
#8554 = VERTEX_POINT('',#8553);
#8555 = EDGE_CURVE('',#8548,#8554,#8552,.T.);
#8556 = ORIENTED_EDGE('',*,*,#8555,.T.);
#8557 = VECTOR('',#368,1.);
#8558 = LINE('',#8511,#8557);
#8559 = EDGE_CURVE('',#8518,#8554,#8558,.T.);
#8560 = ORIENTED_EDGE('',*,*,#8559,.F.);
#8561 = EDGE_LOOP('',(#8520,#8526,#8532,#8538,#8544,#8550,#8556,#8560));
#8562 = FACE_OUTER_BOUND('',#8561,.T.);
#8563 = ADVANCED_FACE('',(#8562),#8513,.T.);
#8564 = CARTESIAN_POINT('',(0.325,-50.8,10.157));
#8565 = AXIS2_PLACEMENT_3D('',#8564,#16,#51);
#8566 = PLANE('',#8565);
#8567 = VECTOR('',#361,1.);
#8568 = CARTESIAN_POINT('',(0.229809704,-50.570190296,10.157));
#8569 = LINE('',#8568,#8567);
#8570 = VERTEX_POINT('',#8568);
#8571 = VERTEX_POINT('',#8564);
#8572 = EDGE_CURVE('',#8570,#8571,#8569,.T.);
#8573 = ORIENTED_EDGE('',*,*,#8572,.F.);
#8574 = VECTOR('',#354,1.);
#8575 = CARTESIAN_POINT('',(0.,-50.475,10.157));
#8576 = LINE('',#8575,#8574);
#8577 = VERTEX_POINT('',#8575);
#8578 = EDGE_CURVE('',#8577,#8570,#8576,.T.);
#8579 = ORIENTED_EDGE('',*,*,#8578,.F.);
#8580 = VECTOR('',#346,1.);
#8581 = CARTESIAN_POINT('',(-0.229809704,-50.570190296,10.157));
#8582 = LINE('',#8581,#8580);
#8583 = VERTEX_POINT('',#8581);
#8584 = EDGE_CURVE('',#8583,#8577,#8582,.T.);
#8585 = ORIENTED_EDGE('',*,*,#8584,.F.);
#8586 = VECTOR('',#368,1.);
#8587 = CARTESIAN_POINT('',(-0.325,-50.8,10.157));
#8588 = LINE('',#8587,#8586);
#8589 = VERTEX_POINT('',#8587);
#8590 = EDGE_CURVE('',#8589,#8583,#8588,.T.);
#8591 = ORIENTED_EDGE('',*,*,#8590,.F.);
#8592 = VECTOR('',#361,1.);
#8593 = LINE('',#8587,#8592);
#8594 = CARTESIAN_POINT('',(-0.229809704,-51.029809704,10.157));
#8595 = VERTEX_POINT('',#8594);
#8596 = EDGE_CURVE('',#8589,#8595,#8593,.T.);
#8597 = ORIENTED_EDGE('',*,*,#8596,.T.);
#8598 = VECTOR('',#354,1.);
#8599 = LINE('',#8594,#8598);
#8600 = CARTESIAN_POINT('',(0.,-51.125,10.157));
#8601 = VERTEX_POINT('',#8600);
#8602 = EDGE_CURVE('',#8595,#8601,#8599,.T.);
#8603 = ORIENTED_EDGE('',*,*,#8602,.T.);
#8604 = VECTOR('',#346,1.);
#8605 = LINE('',#8600,#8604);
#8606 = CARTESIAN_POINT('',(0.229809704,-51.029809704,10.157));
#8607 = VERTEX_POINT('',#8606);
#8608 = EDGE_CURVE('',#8601,#8607,#8605,.T.);
#8609 = ORIENTED_EDGE('',*,*,#8608,.T.);
#8610 = VECTOR('',#368,1.);
#8611 = LINE('',#8606,#8610);
#8612 = EDGE_CURVE('',#8607,#8571,#8611,.T.);
#8613 = ORIENTED_EDGE('',*,*,#8612,.T.);
#8614 = EDGE_LOOP('',(#8573,#8579,#8585,#8591,#8597,#8603,#8609,#8613));
#8615 = FACE_OUTER_BOUND('',#8614,.T.);
#8616 = ADVANCED_FACE('',(#8615),#8566,.T.);
#8617 = AXIS2_PLACEMENT_3D('',#8553,#346,#20);
#8618 = PLANE('',#8617);
#8619 = ORIENTED_EDGE('',*,*,#8555,.F.);
#8620 = VECTOR('',#16,1.);
#8621 = LINE('',#8547,#8620);
#8622 = EDGE_CURVE('',#8548,#8570,#8621,.T.);
#8623 = ORIENTED_EDGE('',*,*,#8622,.T.);
#8624 = ORIENTED_EDGE('',*,*,#8572,.T.);
#8625 = VECTOR('',#16,1.);
#8626 = LINE('',#8553,#8625);
#8627 = EDGE_CURVE('',#8554,#8571,#8626,.T.);
#8628 = ORIENTED_EDGE('',*,*,#8627,.F.);
#8629 = EDGE_LOOP('',(#8619,#8623,#8624,#8628));
#8630 = FACE_OUTER_BOUND('',#8629,.T.);
#8631 = ADVANCED_FACE('',(#8630),#8618,.T.);
#8632 = AXIS2_PLACEMENT_3D('',#8547,#368,#16);
#8633 = PLANE('',#8632);
#8634 = ORIENTED_EDGE('',*,*,#8549,.F.);
#8635 = VECTOR('',#16,1.);
#8636 = LINE('',#8541,#8635);
#8637 = EDGE_CURVE('',#8542,#8577,#8636,.T.);
#8638 = ORIENTED_EDGE('',*,*,#8637,.T.);
#8639 = ORIENTED_EDGE('',*,*,#8578,.T.);
#8640 = ORIENTED_EDGE('',*,*,#8622,.F.);
#8641 = EDGE_LOOP('',(#8634,#8638,#8639,#8640));
#8642 = FACE_OUTER_BOUND('',#8641,.T.);
#8643 = ADVANCED_FACE('',(#8642),#8633,.T.);
#8644 = AXIS2_PLACEMENT_3D('',#8541,#480,#16);
#8645 = PLANE('',#8644);
#8646 = ORIENTED_EDGE('',*,*,#8543,.F.);
#8647 = VECTOR('',#16,1.);
#8648 = LINE('',#8535,#8647);
#8649 = EDGE_CURVE('',#8536,#8583,#8648,.T.);
#8650 = ORIENTED_EDGE('',*,*,#8649,.T.);
#8651 = ORIENTED_EDGE('',*,*,#8584,.T.);
#8652 = ORIENTED_EDGE('',*,*,#8637,.F.);
#8653 = EDGE_LOOP('',(#8646,#8650,#8651,#8652));
#8654 = FACE_OUTER_BOUND('',#8653,.T.);
#8655 = ADVANCED_FACE('',(#8654),#8645,.T.);
#8656 = AXIS2_PLACEMENT_3D('',#8535,#493,#16);
#8657 = PLANE('',#8656);
#8658 = ORIENTED_EDGE('',*,*,#8537,.F.);
#8659 = VECTOR('',#16,1.);
#8660 = LINE('',#8528,#8659);
#8661 = EDGE_CURVE('',#8530,#8589,#8660,.T.);
#8662 = ORIENTED_EDGE('',*,*,#8661,.T.);
#8663 = ORIENTED_EDGE('',*,*,#8590,.T.);
#8664 = ORIENTED_EDGE('',*,*,#8649,.F.);
#8665 = EDGE_LOOP('',(#8658,#8662,#8663,#8664));
#8666 = FACE_OUTER_BOUND('',#8665,.T.);
#8667 = ADVANCED_FACE('',(#8666),#8657,.T.);
#8668 = AXIS2_PLACEMENT_3D('',#8528,#506,#16);
#8669 = PLANE('',#8668);
#8670 = ORIENTED_EDGE('',*,*,#8531,.T.);
#8671 = VECTOR('',#16,1.);
#8672 = LINE('',#8522,#8671);
#8673 = EDGE_CURVE('',#8524,#8595,#8672,.T.);
#8674 = ORIENTED_EDGE('',*,*,#8673,.T.);
#8675 = ORIENTED_EDGE('',*,*,#8596,.F.);
#8676 = ORIENTED_EDGE('',*,*,#8661,.F.);
#8677 = EDGE_LOOP('',(#8670,#8674,#8675,#8676));
#8678 = FACE_OUTER_BOUND('',#8677,.T.);
#8679 = ADVANCED_FACE('',(#8678),#8669,.T.);
#8680 = AXIS2_PLACEMENT_3D('',#8522,#519,#20);
#8681 = PLANE('',#8680);
#8682 = ORIENTED_EDGE('',*,*,#8525,.T.);
#8683 = VECTOR('',#16,1.);
#8684 = LINE('',#8515,#8683);
#8685 = EDGE_CURVE('',#8517,#8601,#8684,.T.);
#8686 = ORIENTED_EDGE('',*,*,#8685,.T.);
#8687 = ORIENTED_EDGE('',*,*,#8602,.F.);
#8688 = ORIENTED_EDGE('',*,*,#8673,.F.);
#8689 = EDGE_LOOP('',(#8682,#8686,#8687,#8688));
#8690 = FACE_OUTER_BOUND('',#8689,.T.);
#8691 = ADVANCED_FACE('',(#8690),#8681,.T.);
#8692 = AXIS2_PLACEMENT_3D('',#8515,#361,#20);
#8693 = PLANE('',#8692);
#8694 = ORIENTED_EDGE('',*,*,#8519,.T.);
#8695 = VECTOR('',#16,1.);
#8696 = LINE('',#8511,#8695);
#8697 = EDGE_CURVE('',#8518,#8607,#8696,.T.);
#8698 = ORIENTED_EDGE('',*,*,#8697,.T.);
#8699 = ORIENTED_EDGE('',*,*,#8608,.F.);
#8700 = ORIENTED_EDGE('',*,*,#8685,.F.);
#8701 = EDGE_LOOP('',(#8694,#8698,#8699,#8700));
#8702 = FACE_OUTER_BOUND('',#8701,.T.);
#8703 = ADVANCED_FACE('',(#8702),#8693,.T.);
#8704 = AXIS2_PLACEMENT_3D('',#8511,#354,#20);
#8705 = PLANE('',#8704);
#8706 = ORIENTED_EDGE('',*,*,#8559,.T.);
#8707 = ORIENTED_EDGE('',*,*,#8627,.T.);
#8708 = ORIENTED_EDGE('',*,*,#8612,.F.);
#8709 = ORIENTED_EDGE('',*,*,#8697,.F.);
#8710 = EDGE_LOOP('',(#8706,#8707,#8708,#8709));
#8711 = FACE_OUTER_BOUND('',#8710,.T.);
#8712 = ADVANCED_FACE('',(#8711),#8705,.T.);
#8713 = CLOSED_SHELL('',(#8563,#8616,#8631,#8643,#8655,#8667,#8679,#8691,#8703,#8712));
#8714 = MANIFOLD_SOLID_BREP('lead',#8713);
#8715 = CARTESIAN_POINT('',(0.166170094,-53.506170094,0.007));
#8716 = AXIS2_PLACEMENT_3D('',#8715,#20,#21);
#8717 = PLANE('',#8716);
#8718 = VECTOR('',#134,1.);
#8719 = CARTESIAN_POINT('',(0.,-53.575,0.007));
#8720 = LINE('',#8719,#8718);
#8721 = VERTEX_POINT('',#8719);
#8722 = VERTEX_POINT('',#8715);
#8723 = EDGE_CURVE('',#8721,#8722,#8720,.T.);
#8724 = ORIENTED_EDGE('',*,*,#8723,.F.);
#8725 = VECTOR('',#142,1.);
#8726 = CARTESIAN_POINT('',(-0.166170094,-53.506170094,0.007));
#8727 = LINE('',#8726,#8725);
#8728 = VERTEX_POINT('',#8726);
#8729 = EDGE_CURVE('',#8728,#8721,#8727,.T.);
#8730 = ORIENTED_EDGE('',*,*,#8729,.F.);
#8731 = VECTOR('',#149,1.);
#8732 = CARTESIAN_POINT('',(-0.235,-53.34,0.007));
#8733 = LINE('',#8732,#8731);
#8734 = VERTEX_POINT('',#8732);
#8735 = EDGE_CURVE('',#8734,#8728,#8733,.T.);
#8736 = ORIENTED_EDGE('',*,*,#8735,.F.);
#8737 = VECTOR('',#156,1.);
#8738 = LINE('',#8732,#8737);
#8739 = CARTESIAN_POINT('',(-0.166170094,-53.173829906,0.007));
#8740 = VERTEX_POINT('',#8739);
#8741 = EDGE_CURVE('',#8734,#8740,#8738,.T.);
#8742 = ORIENTED_EDGE('',*,*,#8741,.T.);
#8743 = VECTOR('',#134,1.);
#8744 = LINE('',#8739,#8743);
#8745 = CARTESIAN_POINT('',(0.,-53.105,0.007));
#8746 = VERTEX_POINT('',#8745);
#8747 = EDGE_CURVE('',#8740,#8746,#8744,.T.);
#8748 = ORIENTED_EDGE('',*,*,#8747,.T.);
#8749 = VECTOR('',#142,1.);
#8750 = LINE('',#8745,#8749);
#8751 = CARTESIAN_POINT('',(0.166170094,-53.173829906,0.007));
#8752 = VERTEX_POINT('',#8751);
#8753 = EDGE_CURVE('',#8746,#8752,#8750,.T.);
#8754 = ORIENTED_EDGE('',*,*,#8753,.T.);
#8755 = VECTOR('',#149,1.);
#8756 = LINE('',#8751,#8755);
#8757 = CARTESIAN_POINT('',(0.235,-53.34,0.007));
#8758 = VERTEX_POINT('',#8757);
#8759 = EDGE_CURVE('',#8752,#8758,#8756,.T.);
#8760 = ORIENTED_EDGE('',*,*,#8759,.T.);
#8761 = VECTOR('',#156,1.);
#8762 = LINE('',#8715,#8761);
#8763 = EDGE_CURVE('',#8722,#8758,#8762,.T.);
#8764 = ORIENTED_EDGE('',*,*,#8763,.F.);
#8765 = EDGE_LOOP('',(#8724,#8730,#8736,#8742,#8748,#8754,#8760,#8764));
#8766 = FACE_OUTER_BOUND('',#8765,.T.);
#8767 = ADVANCED_FACE('',(#8766),#8717,.T.);
#8768 = CARTESIAN_POINT('',(0.235,-53.34,4.007));
#8769 = AXIS2_PLACEMENT_3D('',#8768,#16,#51);
#8770 = PLANE('',#8769);
#8771 = VECTOR('',#149,1.);
#8772 = CARTESIAN_POINT('',(0.166170094,-53.173829906,4.007));
#8773 = LINE('',#8772,#8771);
#8774 = VERTEX_POINT('',#8772);
#8775 = VERTEX_POINT('',#8768);
#8776 = EDGE_CURVE('',#8774,#8775,#8773,.T.);
#8777 = ORIENTED_EDGE('',*,*,#8776,.F.);
#8778 = VECTOR('',#142,1.);
#8779 = CARTESIAN_POINT('',(0.,-53.105,4.007));
#8780 = LINE('',#8779,#8778);
#8781 = VERTEX_POINT('',#8779);
#8782 = EDGE_CURVE('',#8781,#8774,#8780,.T.);
#8783 = ORIENTED_EDGE('',*,*,#8782,.F.);
#8784 = VECTOR('',#134,1.);
#8785 = CARTESIAN_POINT('',(-0.166170094,-53.173829906,4.007));
#8786 = LINE('',#8785,#8784);
#8787 = VERTEX_POINT('',#8785);
#8788 = EDGE_CURVE('',#8787,#8781,#8786,.T.);
#8789 = ORIENTED_EDGE('',*,*,#8788,.F.);
#8790 = VECTOR('',#156,1.);
#8791 = CARTESIAN_POINT('',(-0.235,-53.34,4.007));
#8792 = LINE('',#8791,#8790);
#8793 = VERTEX_POINT('',#8791);
#8794 = EDGE_CURVE('',#8793,#8787,#8792,.T.);
#8795 = ORIENTED_EDGE('',*,*,#8794,.F.);
#8796 = VECTOR('',#149,1.);
#8797 = LINE('',#8791,#8796);
#8798 = CARTESIAN_POINT('',(-0.166170094,-53.506170094,4.007));
#8799 = VERTEX_POINT('',#8798);
#8800 = EDGE_CURVE('',#8793,#8799,#8797,.T.);
#8801 = ORIENTED_EDGE('',*,*,#8800,.T.);
#8802 = VECTOR('',#142,1.);
#8803 = LINE('',#8798,#8802);
#8804 = CARTESIAN_POINT('',(0.,-53.575,4.007));
#8805 = VERTEX_POINT('',#8804);
#8806 = EDGE_CURVE('',#8799,#8805,#8803,.T.);
#8807 = ORIENTED_EDGE('',*,*,#8806,.T.);
#8808 = VECTOR('',#134,1.);
#8809 = LINE('',#8804,#8808);
#8810 = CARTESIAN_POINT('',(0.166170094,-53.506170094,4.007));
#8811 = VERTEX_POINT('',#8810);
#8812 = EDGE_CURVE('',#8805,#8811,#8809,.T.);
#8813 = ORIENTED_EDGE('',*,*,#8812,.T.);
#8814 = VECTOR('',#156,1.);
#8815 = LINE('',#8810,#8814);
#8816 = EDGE_CURVE('',#8811,#8775,#8815,.T.);
#8817 = ORIENTED_EDGE('',*,*,#8816,.T.);
#8818 = EDGE_LOOP('',(#8777,#8783,#8789,#8795,#8801,#8807,#8813,#8817));
#8819 = FACE_OUTER_BOUND('',#8818,.T.);
#8820 = ADVANCED_FACE('',(#8819),#8770,.T.);
#8821 = AXIS2_PLACEMENT_3D('',#8757,#134,#20);
#8822 = PLANE('',#8821);
#8823 = ORIENTED_EDGE('',*,*,#8759,.F.);
#8824 = VECTOR('',#16,1.);
#8825 = LINE('',#8751,#8824);
#8826 = EDGE_CURVE('',#8752,#8774,#8825,.T.);
#8827 = ORIENTED_EDGE('',*,*,#8826,.T.);
#8828 = ORIENTED_EDGE('',*,*,#8776,.T.);
#8829 = VECTOR('',#16,1.);
#8830 = LINE('',#8757,#8829);
#8831 = EDGE_CURVE('',#8758,#8775,#8830,.T.);
#8832 = ORIENTED_EDGE('',*,*,#8831,.F.);
#8833 = EDGE_LOOP('',(#8823,#8827,#8828,#8832));
#8834 = FACE_OUTER_BOUND('',#8833,.T.);
#8835 = ADVANCED_FACE('',(#8834),#8822,.T.);
#8836 = AXIS2_PLACEMENT_3D('',#8751,#156,#16);
#8837 = PLANE('',#8836);
#8838 = ORIENTED_EDGE('',*,*,#8753,.F.);
#8839 = VECTOR('',#16,1.);
#8840 = LINE('',#8745,#8839);
#8841 = EDGE_CURVE('',#8746,#8781,#8840,.T.);
#8842 = ORIENTED_EDGE('',*,*,#8841,.T.);
#8843 = ORIENTED_EDGE('',*,*,#8782,.T.);
#8844 = ORIENTED_EDGE('',*,*,#8826,.F.);
#8845 = EDGE_LOOP('',(#8838,#8842,#8843,#8844));
#8846 = FACE_OUTER_BOUND('',#8845,.T.);
#8847 = ADVANCED_FACE('',(#8846),#8837,.T.);
#8848 = AXIS2_PLACEMENT_3D('',#8745,#268,#16);
#8849 = PLANE('',#8848);
#8850 = ORIENTED_EDGE('',*,*,#8747,.F.);
#8851 = VECTOR('',#16,1.);
#8852 = LINE('',#8739,#8851);
#8853 = EDGE_CURVE('',#8740,#8787,#8852,.T.);
#8854 = ORIENTED_EDGE('',*,*,#8853,.T.);
#8855 = ORIENTED_EDGE('',*,*,#8788,.T.);
#8856 = ORIENTED_EDGE('',*,*,#8841,.F.);
#8857 = EDGE_LOOP('',(#8850,#8854,#8855,#8856));
#8858 = FACE_OUTER_BOUND('',#8857,.T.);
#8859 = ADVANCED_FACE('',(#8858),#8849,.T.);
#8860 = AXIS2_PLACEMENT_3D('',#8739,#281,#16);
#8861 = PLANE('',#8860);
#8862 = ORIENTED_EDGE('',*,*,#8741,.F.);
#8863 = VECTOR('',#16,1.);
#8864 = LINE('',#8732,#8863);
#8865 = EDGE_CURVE('',#8734,#8793,#8864,.T.);
#8866 = ORIENTED_EDGE('',*,*,#8865,.T.);
#8867 = ORIENTED_EDGE('',*,*,#8794,.T.);
#8868 = ORIENTED_EDGE('',*,*,#8853,.F.);
#8869 = EDGE_LOOP('',(#8862,#8866,#8867,#8868));
#8870 = FACE_OUTER_BOUND('',#8869,.T.);
#8871 = ADVANCED_FACE('',(#8870),#8861,.T.);
#8872 = AXIS2_PLACEMENT_3D('',#8732,#294,#16);
#8873 = PLANE('',#8872);
#8874 = ORIENTED_EDGE('',*,*,#8735,.T.);
#8875 = VECTOR('',#16,1.);
#8876 = LINE('',#8726,#8875);
#8877 = EDGE_CURVE('',#8728,#8799,#8876,.T.);
#8878 = ORIENTED_EDGE('',*,*,#8877,.T.);
#8879 = ORIENTED_EDGE('',*,*,#8800,.F.);
#8880 = ORIENTED_EDGE('',*,*,#8865,.F.);
#8881 = EDGE_LOOP('',(#8874,#8878,#8879,#8880));
#8882 = FACE_OUTER_BOUND('',#8881,.T.);
#8883 = ADVANCED_FACE('',(#8882),#8873,.T.);
#8884 = AXIS2_PLACEMENT_3D('',#8726,#307,#20);
#8885 = PLANE('',#8884);
#8886 = ORIENTED_EDGE('',*,*,#8729,.T.);
#8887 = VECTOR('',#16,1.);
#8888 = LINE('',#8719,#8887);
#8889 = EDGE_CURVE('',#8721,#8805,#8888,.T.);
#8890 = ORIENTED_EDGE('',*,*,#8889,.T.);
#8891 = ORIENTED_EDGE('',*,*,#8806,.F.);
#8892 = ORIENTED_EDGE('',*,*,#8877,.F.);
#8893 = EDGE_LOOP('',(#8886,#8890,#8891,#8892));
#8894 = FACE_OUTER_BOUND('',#8893,.T.);
#8895 = ADVANCED_FACE('',(#8894),#8885,.T.);
#8896 = AXIS2_PLACEMENT_3D('',#8719,#149,#20);
#8897 = PLANE('',#8896);
#8898 = ORIENTED_EDGE('',*,*,#8723,.T.);
#8899 = VECTOR('',#16,1.);
#8900 = LINE('',#8715,#8899);
#8901 = EDGE_CURVE('',#8722,#8811,#8900,.T.);
#8902 = ORIENTED_EDGE('',*,*,#8901,.T.);
#8903 = ORIENTED_EDGE('',*,*,#8812,.F.);
#8904 = ORIENTED_EDGE('',*,*,#8889,.F.);
#8905 = EDGE_LOOP('',(#8898,#8902,#8903,#8904));
#8906 = FACE_OUTER_BOUND('',#8905,.T.);
#8907 = ADVANCED_FACE('',(#8906),#8897,.T.);
#8908 = AXIS2_PLACEMENT_3D('',#8715,#142,#20);
#8909 = PLANE('',#8908);
#8910 = ORIENTED_EDGE('',*,*,#8763,.T.);
#8911 = ORIENTED_EDGE('',*,*,#8831,.T.);
#8912 = ORIENTED_EDGE('',*,*,#8816,.F.);
#8913 = ORIENTED_EDGE('',*,*,#8901,.F.);
#8914 = EDGE_LOOP('',(#8910,#8911,#8912,#8913));
#8915 = FACE_OUTER_BOUND('',#8914,.T.);
#8916 = ADVANCED_FACE('',(#8915),#8909,.T.);
#8917 = CLOSED_SHELL('',(#8767,#8820,#8835,#8847,#8859,#8871,#8883,#8895,#8907,#8916));
#8918 = MANIFOLD_SOLID_BREP('contact',#8917);
#8919 = CARTESIAN_POINT('',(0.229809704,-53.569809704,8.057));
#8920 = AXIS2_PLACEMENT_3D('',#8919,#20,#21);
#8921 = PLANE('',#8920);
#8922 = VECTOR('',#346,1.);
#8923 = CARTESIAN_POINT('',(0.,-53.665,8.057));
#8924 = LINE('',#8923,#8922);
#8925 = VERTEX_POINT('',#8923);
#8926 = VERTEX_POINT('',#8919);
#8927 = EDGE_CURVE('',#8925,#8926,#8924,.T.);
#8928 = ORIENTED_EDGE('',*,*,#8927,.F.);
#8929 = VECTOR('',#354,1.);
#8930 = CARTESIAN_POINT('',(-0.229809704,-53.569809704,8.057));
#8931 = LINE('',#8930,#8929);
#8932 = VERTEX_POINT('',#8930);
#8933 = EDGE_CURVE('',#8932,#8925,#8931,.T.);
#8934 = ORIENTED_EDGE('',*,*,#8933,.F.);
#8935 = VECTOR('',#361,1.);
#8936 = CARTESIAN_POINT('',(-0.325,-53.34,8.057));
#8937 = LINE('',#8936,#8935);
#8938 = VERTEX_POINT('',#8936);
#8939 = EDGE_CURVE('',#8938,#8932,#8937,.T.);
#8940 = ORIENTED_EDGE('',*,*,#8939,.F.);
#8941 = VECTOR('',#368,1.);
#8942 = LINE('',#8936,#8941);
#8943 = CARTESIAN_POINT('',(-0.229809704,-53.110190296,8.057));
#8944 = VERTEX_POINT('',#8943);
#8945 = EDGE_CURVE('',#8938,#8944,#8942,.T.);
#8946 = ORIENTED_EDGE('',*,*,#8945,.T.);
#8947 = VECTOR('',#346,1.);
#8948 = LINE('',#8943,#8947);
#8949 = CARTESIAN_POINT('',(0.,-53.015,8.057));
#8950 = VERTEX_POINT('',#8949);
#8951 = EDGE_CURVE('',#8944,#8950,#8948,.T.);
#8952 = ORIENTED_EDGE('',*,*,#8951,.T.);
#8953 = VECTOR('',#354,1.);
#8954 = LINE('',#8949,#8953);
#8955 = CARTESIAN_POINT('',(0.229809704,-53.110190296,8.057));
#8956 = VERTEX_POINT('',#8955);
#8957 = EDGE_CURVE('',#8950,#8956,#8954,.T.);
#8958 = ORIENTED_EDGE('',*,*,#8957,.T.);
#8959 = VECTOR('',#361,1.);
#8960 = LINE('',#8955,#8959);
#8961 = CARTESIAN_POINT('',(0.325,-53.34,8.057));
#8962 = VERTEX_POINT('',#8961);
#8963 = EDGE_CURVE('',#8956,#8962,#8960,.T.);
#8964 = ORIENTED_EDGE('',*,*,#8963,.T.);
#8965 = VECTOR('',#368,1.);
#8966 = LINE('',#8919,#8965);
#8967 = EDGE_CURVE('',#8926,#8962,#8966,.T.);
#8968 = ORIENTED_EDGE('',*,*,#8967,.F.);
#8969 = EDGE_LOOP('',(#8928,#8934,#8940,#8946,#8952,#8958,#8964,#8968));
#8970 = FACE_OUTER_BOUND('',#8969,.T.);
#8971 = ADVANCED_FACE('',(#8970),#8921,.T.);
#8972 = CARTESIAN_POINT('',(0.325,-53.34,10.157));
#8973 = AXIS2_PLACEMENT_3D('',#8972,#16,#51);
#8974 = PLANE('',#8973);
#8975 = VECTOR('',#361,1.);
#8976 = CARTESIAN_POINT('',(0.229809704,-53.110190296,10.157));
#8977 = LINE('',#8976,#8975);
#8978 = VERTEX_POINT('',#8976);
#8979 = VERTEX_POINT('',#8972);
#8980 = EDGE_CURVE('',#8978,#8979,#8977,.T.);
#8981 = ORIENTED_EDGE('',*,*,#8980,.F.);
#8982 = VECTOR('',#354,1.);
#8983 = CARTESIAN_POINT('',(0.,-53.015,10.157));
#8984 = LINE('',#8983,#8982);
#8985 = VERTEX_POINT('',#8983);
#8986 = EDGE_CURVE('',#8985,#8978,#8984,.T.);
#8987 = ORIENTED_EDGE('',*,*,#8986,.F.);
#8988 = VECTOR('',#346,1.);
#8989 = CARTESIAN_POINT('',(-0.229809704,-53.110190296,10.157));
#8990 = LINE('',#8989,#8988);
#8991 = VERTEX_POINT('',#8989);
#8992 = EDGE_CURVE('',#8991,#8985,#8990,.T.);
#8993 = ORIENTED_EDGE('',*,*,#8992,.F.);
#8994 = VECTOR('',#368,1.);
#8995 = CARTESIAN_POINT('',(-0.325,-53.34,10.157));
#8996 = LINE('',#8995,#8994);
#8997 = VERTEX_POINT('',#8995);
#8998 = EDGE_CURVE('',#8997,#8991,#8996,.T.);
#8999 = ORIENTED_EDGE('',*,*,#8998,.F.);
#9000 = VECTOR('',#361,1.);
#9001 = LINE('',#8995,#9000);
#9002 = CARTESIAN_POINT('',(-0.229809704,-53.569809704,10.157));
#9003 = VERTEX_POINT('',#9002);
#9004 = EDGE_CURVE('',#8997,#9003,#9001,.T.);
#9005 = ORIENTED_EDGE('',*,*,#9004,.T.);
#9006 = VECTOR('',#354,1.);
#9007 = LINE('',#9002,#9006);
#9008 = CARTESIAN_POINT('',(0.,-53.665,10.157));
#9009 = VERTEX_POINT('',#9008);
#9010 = EDGE_CURVE('',#9003,#9009,#9007,.T.);
#9011 = ORIENTED_EDGE('',*,*,#9010,.T.);
#9012 = VECTOR('',#346,1.);
#9013 = LINE('',#9008,#9012);
#9014 = CARTESIAN_POINT('',(0.229809704,-53.569809704,10.157));
#9015 = VERTEX_POINT('',#9014);
#9016 = EDGE_CURVE('',#9009,#9015,#9013,.T.);
#9017 = ORIENTED_EDGE('',*,*,#9016,.T.);
#9018 = VECTOR('',#368,1.);
#9019 = LINE('',#9014,#9018);
#9020 = EDGE_CURVE('',#9015,#8979,#9019,.T.);
#9021 = ORIENTED_EDGE('',*,*,#9020,.T.);
#9022 = EDGE_LOOP('',(#8981,#8987,#8993,#8999,#9005,#9011,#9017,#9021));
#9023 = FACE_OUTER_BOUND('',#9022,.T.);
#9024 = ADVANCED_FACE('',(#9023),#8974,.T.);
#9025 = AXIS2_PLACEMENT_3D('',#8961,#346,#20);
#9026 = PLANE('',#9025);
#9027 = ORIENTED_EDGE('',*,*,#8963,.F.);
#9028 = VECTOR('',#16,1.);
#9029 = LINE('',#8955,#9028);
#9030 = EDGE_CURVE('',#8956,#8978,#9029,.T.);
#9031 = ORIENTED_EDGE('',*,*,#9030,.T.);
#9032 = ORIENTED_EDGE('',*,*,#8980,.T.);
#9033 = VECTOR('',#16,1.);
#9034 = LINE('',#8961,#9033);
#9035 = EDGE_CURVE('',#8962,#8979,#9034,.T.);
#9036 = ORIENTED_EDGE('',*,*,#9035,.F.);
#9037 = EDGE_LOOP('',(#9027,#9031,#9032,#9036));
#9038 = FACE_OUTER_BOUND('',#9037,.T.);
#9039 = ADVANCED_FACE('',(#9038),#9026,.T.);
#9040 = AXIS2_PLACEMENT_3D('',#8955,#368,#16);
#9041 = PLANE('',#9040);
#9042 = ORIENTED_EDGE('',*,*,#8957,.F.);
#9043 = VECTOR('',#16,1.);
#9044 = LINE('',#8949,#9043);
#9045 = EDGE_CURVE('',#8950,#8985,#9044,.T.);
#9046 = ORIENTED_EDGE('',*,*,#9045,.T.);
#9047 = ORIENTED_EDGE('',*,*,#8986,.T.);
#9048 = ORIENTED_EDGE('',*,*,#9030,.F.);
#9049 = EDGE_LOOP('',(#9042,#9046,#9047,#9048));
#9050 = FACE_OUTER_BOUND('',#9049,.T.);
#9051 = ADVANCED_FACE('',(#9050),#9041,.T.);
#9052 = AXIS2_PLACEMENT_3D('',#8949,#480,#16);
#9053 = PLANE('',#9052);
#9054 = ORIENTED_EDGE('',*,*,#8951,.F.);
#9055 = VECTOR('',#16,1.);
#9056 = LINE('',#8943,#9055);
#9057 = EDGE_CURVE('',#8944,#8991,#9056,.T.);
#9058 = ORIENTED_EDGE('',*,*,#9057,.T.);
#9059 = ORIENTED_EDGE('',*,*,#8992,.T.);
#9060 = ORIENTED_EDGE('',*,*,#9045,.F.);
#9061 = EDGE_LOOP('',(#9054,#9058,#9059,#9060));
#9062 = FACE_OUTER_BOUND('',#9061,.T.);
#9063 = ADVANCED_FACE('',(#9062),#9053,.T.);
#9064 = AXIS2_PLACEMENT_3D('',#8943,#493,#16);
#9065 = PLANE('',#9064);
#9066 = ORIENTED_EDGE('',*,*,#8945,.F.);
#9067 = VECTOR('',#16,1.);
#9068 = LINE('',#8936,#9067);
#9069 = EDGE_CURVE('',#8938,#8997,#9068,.T.);
#9070 = ORIENTED_EDGE('',*,*,#9069,.T.);
#9071 = ORIENTED_EDGE('',*,*,#8998,.T.);
#9072 = ORIENTED_EDGE('',*,*,#9057,.F.);
#9073 = EDGE_LOOP('',(#9066,#9070,#9071,#9072));
#9074 = FACE_OUTER_BOUND('',#9073,.T.);
#9075 = ADVANCED_FACE('',(#9074),#9065,.T.);
#9076 = AXIS2_PLACEMENT_3D('',#8936,#506,#16);
#9077 = PLANE('',#9076);
#9078 = ORIENTED_EDGE('',*,*,#8939,.T.);
#9079 = VECTOR('',#16,1.);
#9080 = LINE('',#8930,#9079);
#9081 = EDGE_CURVE('',#8932,#9003,#9080,.T.);
#9082 = ORIENTED_EDGE('',*,*,#9081,.T.);
#9083 = ORIENTED_EDGE('',*,*,#9004,.F.);
#9084 = ORIENTED_EDGE('',*,*,#9069,.F.);
#9085 = EDGE_LOOP('',(#9078,#9082,#9083,#9084));
#9086 = FACE_OUTER_BOUND('',#9085,.T.);
#9087 = ADVANCED_FACE('',(#9086),#9077,.T.);
#9088 = AXIS2_PLACEMENT_3D('',#8930,#519,#20);
#9089 = PLANE('',#9088);
#9090 = ORIENTED_EDGE('',*,*,#8933,.T.);
#9091 = VECTOR('',#16,1.);
#9092 = LINE('',#8923,#9091);
#9093 = EDGE_CURVE('',#8925,#9009,#9092,.T.);
#9094 = ORIENTED_EDGE('',*,*,#9093,.T.);
#9095 = ORIENTED_EDGE('',*,*,#9010,.F.);
#9096 = ORIENTED_EDGE('',*,*,#9081,.F.);
#9097 = EDGE_LOOP('',(#9090,#9094,#9095,#9096));
#9098 = FACE_OUTER_BOUND('',#9097,.T.);
#9099 = ADVANCED_FACE('',(#9098),#9089,.T.);
#9100 = AXIS2_PLACEMENT_3D('',#8923,#361,#20);
#9101 = PLANE('',#9100);
#9102 = ORIENTED_EDGE('',*,*,#8927,.T.);
#9103 = VECTOR('',#16,1.);
#9104 = LINE('',#8919,#9103);
#9105 = EDGE_CURVE('',#8926,#9015,#9104,.T.);
#9106 = ORIENTED_EDGE('',*,*,#9105,.T.);
#9107 = ORIENTED_EDGE('',*,*,#9016,.F.);
#9108 = ORIENTED_EDGE('',*,*,#9093,.F.);
#9109 = EDGE_LOOP('',(#9102,#9106,#9107,#9108));
#9110 = FACE_OUTER_BOUND('',#9109,.T.);
#9111 = ADVANCED_FACE('',(#9110),#9101,.T.);
#9112 = AXIS2_PLACEMENT_3D('',#8919,#354,#20);
#9113 = PLANE('',#9112);
#9114 = ORIENTED_EDGE('',*,*,#8967,.T.);
#9115 = ORIENTED_EDGE('',*,*,#9035,.T.);
#9116 = ORIENTED_EDGE('',*,*,#9020,.F.);
#9117 = ORIENTED_EDGE('',*,*,#9105,.F.);
#9118 = EDGE_LOOP('',(#9114,#9115,#9116,#9117));
#9119 = FACE_OUTER_BOUND('',#9118,.T.);
#9120 = ADVANCED_FACE('',(#9119),#9113,.T.);
#9121 = CLOSED_SHELL('',(#8971,#9024,#9039,#9051,#9063,#9075,#9087,#9099,#9111,#9120));
#9122 = MANIFOLD_SOLID_BREP('lead',#9121);
#9123 = CARTESIAN_POINT('',(0.166170094,-56.046170094,0.007));
#9124 = AXIS2_PLACEMENT_3D('',#9123,#20,#21);
#9125 = PLANE('',#9124);
#9126 = VECTOR('',#134,1.);
#9127 = CARTESIAN_POINT('',(0.,-56.115,0.007));
#9128 = LINE('',#9127,#9126);
#9129 = VERTEX_POINT('',#9127);
#9130 = VERTEX_POINT('',#9123);
#9131 = EDGE_CURVE('',#9129,#9130,#9128,.T.);
#9132 = ORIENTED_EDGE('',*,*,#9131,.F.);
#9133 = VECTOR('',#142,1.);
#9134 = CARTESIAN_POINT('',(-0.166170094,-56.046170094,0.007));
#9135 = LINE('',#9134,#9133);
#9136 = VERTEX_POINT('',#9134);
#9137 = EDGE_CURVE('',#9136,#9129,#9135,.T.);
#9138 = ORIENTED_EDGE('',*,*,#9137,.F.);
#9139 = VECTOR('',#149,1.);
#9140 = CARTESIAN_POINT('',(-0.235,-55.88,0.007));
#9141 = LINE('',#9140,#9139);
#9142 = VERTEX_POINT('',#9140);
#9143 = EDGE_CURVE('',#9142,#9136,#9141,.T.);
#9144 = ORIENTED_EDGE('',*,*,#9143,.F.);
#9145 = VECTOR('',#156,1.);
#9146 = LINE('',#9140,#9145);
#9147 = CARTESIAN_POINT('',(-0.166170094,-55.713829906,0.007));
#9148 = VERTEX_POINT('',#9147);
#9149 = EDGE_CURVE('',#9142,#9148,#9146,.T.);
#9150 = ORIENTED_EDGE('',*,*,#9149,.T.);
#9151 = VECTOR('',#134,1.);
#9152 = LINE('',#9147,#9151);
#9153 = CARTESIAN_POINT('',(0.,-55.645,0.007));
#9154 = VERTEX_POINT('',#9153);
#9155 = EDGE_CURVE('',#9148,#9154,#9152,.T.);
#9156 = ORIENTED_EDGE('',*,*,#9155,.T.);
#9157 = VECTOR('',#142,1.);
#9158 = LINE('',#9153,#9157);
#9159 = CARTESIAN_POINT('',(0.166170094,-55.713829906,0.007));
#9160 = VERTEX_POINT('',#9159);
#9161 = EDGE_CURVE('',#9154,#9160,#9158,.T.);
#9162 = ORIENTED_EDGE('',*,*,#9161,.T.);
#9163 = VECTOR('',#149,1.);
#9164 = LINE('',#9159,#9163);
#9165 = CARTESIAN_POINT('',(0.235,-55.88,0.007));
#9166 = VERTEX_POINT('',#9165);
#9167 = EDGE_CURVE('',#9160,#9166,#9164,.T.);
#9168 = ORIENTED_EDGE('',*,*,#9167,.T.);
#9169 = VECTOR('',#156,1.);
#9170 = LINE('',#9123,#9169);
#9171 = EDGE_CURVE('',#9130,#9166,#9170,.T.);
#9172 = ORIENTED_EDGE('',*,*,#9171,.F.);
#9173 = EDGE_LOOP('',(#9132,#9138,#9144,#9150,#9156,#9162,#9168,#9172));
#9174 = FACE_OUTER_BOUND('',#9173,.T.);
#9175 = ADVANCED_FACE('',(#9174),#9125,.T.);
#9176 = CARTESIAN_POINT('',(0.235,-55.88,4.007));
#9177 = AXIS2_PLACEMENT_3D('',#9176,#16,#51);
#9178 = PLANE('',#9177);
#9179 = VECTOR('',#149,1.);
#9180 = CARTESIAN_POINT('',(0.166170094,-55.713829906,4.007));
#9181 = LINE('',#9180,#9179);
#9182 = VERTEX_POINT('',#9180);
#9183 = VERTEX_POINT('',#9176);
#9184 = EDGE_CURVE('',#9182,#9183,#9181,.T.);
#9185 = ORIENTED_EDGE('',*,*,#9184,.F.);
#9186 = VECTOR('',#142,1.);
#9187 = CARTESIAN_POINT('',(0.,-55.645,4.007));
#9188 = LINE('',#9187,#9186);
#9189 = VERTEX_POINT('',#9187);
#9190 = EDGE_CURVE('',#9189,#9182,#9188,.T.);
#9191 = ORIENTED_EDGE('',*,*,#9190,.F.);
#9192 = VECTOR('',#134,1.);
#9193 = CARTESIAN_POINT('',(-0.166170094,-55.713829906,4.007));
#9194 = LINE('',#9193,#9192);
#9195 = VERTEX_POINT('',#9193);
#9196 = EDGE_CURVE('',#9195,#9189,#9194,.T.);
#9197 = ORIENTED_EDGE('',*,*,#9196,.F.);
#9198 = VECTOR('',#156,1.);
#9199 = CARTESIAN_POINT('',(-0.235,-55.88,4.007));
#9200 = LINE('',#9199,#9198);
#9201 = VERTEX_POINT('',#9199);
#9202 = EDGE_CURVE('',#9201,#9195,#9200,.T.);
#9203 = ORIENTED_EDGE('',*,*,#9202,.F.);
#9204 = VECTOR('',#149,1.);
#9205 = LINE('',#9199,#9204);
#9206 = CARTESIAN_POINT('',(-0.166170094,-56.046170094,4.007));
#9207 = VERTEX_POINT('',#9206);
#9208 = EDGE_CURVE('',#9201,#9207,#9205,.T.);
#9209 = ORIENTED_EDGE('',*,*,#9208,.T.);
#9210 = VECTOR('',#142,1.);
#9211 = LINE('',#9206,#9210);
#9212 = CARTESIAN_POINT('',(0.,-56.115,4.007));
#9213 = VERTEX_POINT('',#9212);
#9214 = EDGE_CURVE('',#9207,#9213,#9211,.T.);
#9215 = ORIENTED_EDGE('',*,*,#9214,.T.);
#9216 = VECTOR('',#134,1.);
#9217 = LINE('',#9212,#9216);
#9218 = CARTESIAN_POINT('',(0.166170094,-56.046170094,4.007));
#9219 = VERTEX_POINT('',#9218);
#9220 = EDGE_CURVE('',#9213,#9219,#9217,.T.);
#9221 = ORIENTED_EDGE('',*,*,#9220,.T.);
#9222 = VECTOR('',#156,1.);
#9223 = LINE('',#9218,#9222);
#9224 = EDGE_CURVE('',#9219,#9183,#9223,.T.);
#9225 = ORIENTED_EDGE('',*,*,#9224,.T.);
#9226 = EDGE_LOOP('',(#9185,#9191,#9197,#9203,#9209,#9215,#9221,#9225));
#9227 = FACE_OUTER_BOUND('',#9226,.T.);
#9228 = ADVANCED_FACE('',(#9227),#9178,.T.);
#9229 = AXIS2_PLACEMENT_3D('',#9165,#134,#20);
#9230 = PLANE('',#9229);
#9231 = ORIENTED_EDGE('',*,*,#9167,.F.);
#9232 = VECTOR('',#16,1.);
#9233 = LINE('',#9159,#9232);
#9234 = EDGE_CURVE('',#9160,#9182,#9233,.T.);
#9235 = ORIENTED_EDGE('',*,*,#9234,.T.);
#9236 = ORIENTED_EDGE('',*,*,#9184,.T.);
#9237 = VECTOR('',#16,1.);
#9238 = LINE('',#9165,#9237);
#9239 = EDGE_CURVE('',#9166,#9183,#9238,.T.);
#9240 = ORIENTED_EDGE('',*,*,#9239,.F.);
#9241 = EDGE_LOOP('',(#9231,#9235,#9236,#9240));
#9242 = FACE_OUTER_BOUND('',#9241,.T.);
#9243 = ADVANCED_FACE('',(#9242),#9230,.T.);
#9244 = AXIS2_PLACEMENT_3D('',#9159,#156,#16);
#9245 = PLANE('',#9244);
#9246 = ORIENTED_EDGE('',*,*,#9161,.F.);
#9247 = VECTOR('',#16,1.);
#9248 = LINE('',#9153,#9247);
#9249 = EDGE_CURVE('',#9154,#9189,#9248,.T.);
#9250 = ORIENTED_EDGE('',*,*,#9249,.T.);
#9251 = ORIENTED_EDGE('',*,*,#9190,.T.);
#9252 = ORIENTED_EDGE('',*,*,#9234,.F.);
#9253 = EDGE_LOOP('',(#9246,#9250,#9251,#9252));
#9254 = FACE_OUTER_BOUND('',#9253,.T.);
#9255 = ADVANCED_FACE('',(#9254),#9245,.T.);
#9256 = AXIS2_PLACEMENT_3D('',#9153,#268,#16);
#9257 = PLANE('',#9256);
#9258 = ORIENTED_EDGE('',*,*,#9155,.F.);
#9259 = VECTOR('',#16,1.);
#9260 = LINE('',#9147,#9259);
#9261 = EDGE_CURVE('',#9148,#9195,#9260,.T.);
#9262 = ORIENTED_EDGE('',*,*,#9261,.T.);
#9263 = ORIENTED_EDGE('',*,*,#9196,.T.);
#9264 = ORIENTED_EDGE('',*,*,#9249,.F.);
#9265 = EDGE_LOOP('',(#9258,#9262,#9263,#9264));
#9266 = FACE_OUTER_BOUND('',#9265,.T.);
#9267 = ADVANCED_FACE('',(#9266),#9257,.T.);
#9268 = AXIS2_PLACEMENT_3D('',#9147,#281,#16);
#9269 = PLANE('',#9268);
#9270 = ORIENTED_EDGE('',*,*,#9149,.F.);
#9271 = VECTOR('',#16,1.);
#9272 = LINE('',#9140,#9271);
#9273 = EDGE_CURVE('',#9142,#9201,#9272,.T.);
#9274 = ORIENTED_EDGE('',*,*,#9273,.T.);
#9275 = ORIENTED_EDGE('',*,*,#9202,.T.);
#9276 = ORIENTED_EDGE('',*,*,#9261,.F.);
#9277 = EDGE_LOOP('',(#9270,#9274,#9275,#9276));
#9278 = FACE_OUTER_BOUND('',#9277,.T.);
#9279 = ADVANCED_FACE('',(#9278),#9269,.T.);
#9280 = AXIS2_PLACEMENT_3D('',#9140,#294,#16);
#9281 = PLANE('',#9280);
#9282 = ORIENTED_EDGE('',*,*,#9143,.T.);
#9283 = VECTOR('',#16,1.);
#9284 = LINE('',#9134,#9283);
#9285 = EDGE_CURVE('',#9136,#9207,#9284,.T.);
#9286 = ORIENTED_EDGE('',*,*,#9285,.T.);
#9287 = ORIENTED_EDGE('',*,*,#9208,.F.);
#9288 = ORIENTED_EDGE('',*,*,#9273,.F.);
#9289 = EDGE_LOOP('',(#9282,#9286,#9287,#9288));
#9290 = FACE_OUTER_BOUND('',#9289,.T.);
#9291 = ADVANCED_FACE('',(#9290),#9281,.T.);
#9292 = AXIS2_PLACEMENT_3D('',#9134,#307,#20);
#9293 = PLANE('',#9292);
#9294 = ORIENTED_EDGE('',*,*,#9137,.T.);
#9295 = VECTOR('',#16,1.);
#9296 = LINE('',#9127,#9295);
#9297 = EDGE_CURVE('',#9129,#9213,#9296,.T.);
#9298 = ORIENTED_EDGE('',*,*,#9297,.T.);
#9299 = ORIENTED_EDGE('',*,*,#9214,.F.);
#9300 = ORIENTED_EDGE('',*,*,#9285,.F.);
#9301 = EDGE_LOOP('',(#9294,#9298,#9299,#9300));
#9302 = FACE_OUTER_BOUND('',#9301,.T.);
#9303 = ADVANCED_FACE('',(#9302),#9293,.T.);
#9304 = AXIS2_PLACEMENT_3D('',#9127,#149,#20);
#9305 = PLANE('',#9304);
#9306 = ORIENTED_EDGE('',*,*,#9131,.T.);
#9307 = VECTOR('',#16,1.);
#9308 = LINE('',#9123,#9307);
#9309 = EDGE_CURVE('',#9130,#9219,#9308,.T.);
#9310 = ORIENTED_EDGE('',*,*,#9309,.T.);
#9311 = ORIENTED_EDGE('',*,*,#9220,.F.);
#9312 = ORIENTED_EDGE('',*,*,#9297,.F.);
#9313 = EDGE_LOOP('',(#9306,#9310,#9311,#9312));
#9314 = FACE_OUTER_BOUND('',#9313,.T.);
#9315 = ADVANCED_FACE('',(#9314),#9305,.T.);
#9316 = AXIS2_PLACEMENT_3D('',#9123,#142,#20);
#9317 = PLANE('',#9316);
#9318 = ORIENTED_EDGE('',*,*,#9171,.T.);
#9319 = ORIENTED_EDGE('',*,*,#9239,.T.);
#9320 = ORIENTED_EDGE('',*,*,#9224,.F.);
#9321 = ORIENTED_EDGE('',*,*,#9309,.F.);
#9322 = EDGE_LOOP('',(#9318,#9319,#9320,#9321));
#9323 = FACE_OUTER_BOUND('',#9322,.T.);
#9324 = ADVANCED_FACE('',(#9323),#9317,.T.);
#9325 = CLOSED_SHELL('',(#9175,#9228,#9243,#9255,#9267,#9279,#9291,#9303,#9315,#9324));
#9326 = MANIFOLD_SOLID_BREP('contact',#9325);
#9327 = CARTESIAN_POINT('',(0.229809704,-56.109809704,8.057));
#9328 = AXIS2_PLACEMENT_3D('',#9327,#20,#21);
#9329 = PLANE('',#9328);
#9330 = VECTOR('',#346,1.);
#9331 = CARTESIAN_POINT('',(0.,-56.205,8.057));
#9332 = LINE('',#9331,#9330);
#9333 = VERTEX_POINT('',#9331);
#9334 = VERTEX_POINT('',#9327);
#9335 = EDGE_CURVE('',#9333,#9334,#9332,.T.);
#9336 = ORIENTED_EDGE('',*,*,#9335,.F.);
#9337 = VECTOR('',#354,1.);
#9338 = CARTESIAN_POINT('',(-0.229809704,-56.109809704,8.057));
#9339 = LINE('',#9338,#9337);
#9340 = VERTEX_POINT('',#9338);
#9341 = EDGE_CURVE('',#9340,#9333,#9339,.T.);
#9342 = ORIENTED_EDGE('',*,*,#9341,.F.);
#9343 = VECTOR('',#361,1.);
#9344 = CARTESIAN_POINT('',(-0.325,-55.88,8.057));
#9345 = LINE('',#9344,#9343);
#9346 = VERTEX_POINT('',#9344);
#9347 = EDGE_CURVE('',#9346,#9340,#9345,.T.);
#9348 = ORIENTED_EDGE('',*,*,#9347,.F.);
#9349 = VECTOR('',#368,1.);
#9350 = LINE('',#9344,#9349);
#9351 = CARTESIAN_POINT('',(-0.229809704,-55.650190296,8.057));
#9352 = VERTEX_POINT('',#9351);
#9353 = EDGE_CURVE('',#9346,#9352,#9350,.T.);
#9354 = ORIENTED_EDGE('',*,*,#9353,.T.);
#9355 = VECTOR('',#346,1.);
#9356 = LINE('',#9351,#9355);
#9357 = CARTESIAN_POINT('',(0.,-55.555,8.057));
#9358 = VERTEX_POINT('',#9357);
#9359 = EDGE_CURVE('',#9352,#9358,#9356,.T.);
#9360 = ORIENTED_EDGE('',*,*,#9359,.T.);
#9361 = VECTOR('',#354,1.);
#9362 = LINE('',#9357,#9361);
#9363 = CARTESIAN_POINT('',(0.229809704,-55.650190296,8.057));
#9364 = VERTEX_POINT('',#9363);
#9365 = EDGE_CURVE('',#9358,#9364,#9362,.T.);
#9366 = ORIENTED_EDGE('',*,*,#9365,.T.);
#9367 = VECTOR('',#361,1.);
#9368 = LINE('',#9363,#9367);
#9369 = CARTESIAN_POINT('',(0.325,-55.88,8.057));
#9370 = VERTEX_POINT('',#9369);
#9371 = EDGE_CURVE('',#9364,#9370,#9368,.T.);
#9372 = ORIENTED_EDGE('',*,*,#9371,.T.);
#9373 = VECTOR('',#368,1.);
#9374 = LINE('',#9327,#9373);
#9375 = EDGE_CURVE('',#9334,#9370,#9374,.T.);
#9376 = ORIENTED_EDGE('',*,*,#9375,.F.);
#9377 = EDGE_LOOP('',(#9336,#9342,#9348,#9354,#9360,#9366,#9372,#9376));
#9378 = FACE_OUTER_BOUND('',#9377,.T.);
#9379 = ADVANCED_FACE('',(#9378),#9329,.T.);
#9380 = CARTESIAN_POINT('',(0.325,-55.88,10.157));
#9381 = AXIS2_PLACEMENT_3D('',#9380,#16,#51);
#9382 = PLANE('',#9381);
#9383 = VECTOR('',#361,1.);
#9384 = CARTESIAN_POINT('',(0.229809704,-55.650190296,10.157));
#9385 = LINE('',#9384,#9383);
#9386 = VERTEX_POINT('',#9384);
#9387 = VERTEX_POINT('',#9380);
#9388 = EDGE_CURVE('',#9386,#9387,#9385,.T.);
#9389 = ORIENTED_EDGE('',*,*,#9388,.F.);
#9390 = VECTOR('',#354,1.);
#9391 = CARTESIAN_POINT('',(0.,-55.555,10.157));
#9392 = LINE('',#9391,#9390);
#9393 = VERTEX_POINT('',#9391);
#9394 = EDGE_CURVE('',#9393,#9386,#9392,.T.);
#9395 = ORIENTED_EDGE('',*,*,#9394,.F.);
#9396 = VECTOR('',#346,1.);
#9397 = CARTESIAN_POINT('',(-0.229809704,-55.650190296,10.157));
#9398 = LINE('',#9397,#9396);
#9399 = VERTEX_POINT('',#9397);
#9400 = EDGE_CURVE('',#9399,#9393,#9398,.T.);
#9401 = ORIENTED_EDGE('',*,*,#9400,.F.);
#9402 = VECTOR('',#368,1.);
#9403 = CARTESIAN_POINT('',(-0.325,-55.88,10.157));
#9404 = LINE('',#9403,#9402);
#9405 = VERTEX_POINT('',#9403);
#9406 = EDGE_CURVE('',#9405,#9399,#9404,.T.);
#9407 = ORIENTED_EDGE('',*,*,#9406,.F.);
#9408 = VECTOR('',#361,1.);
#9409 = LINE('',#9403,#9408);
#9410 = CARTESIAN_POINT('',(-0.229809704,-56.109809704,10.157));
#9411 = VERTEX_POINT('',#9410);
#9412 = EDGE_CURVE('',#9405,#9411,#9409,.T.);
#9413 = ORIENTED_EDGE('',*,*,#9412,.T.);
#9414 = VECTOR('',#354,1.);
#9415 = LINE('',#9410,#9414);
#9416 = CARTESIAN_POINT('',(0.,-56.205,10.157));
#9417 = VERTEX_POINT('',#9416);
#9418 = EDGE_CURVE('',#9411,#9417,#9415,.T.);
#9419 = ORIENTED_EDGE('',*,*,#9418,.T.);
#9420 = VECTOR('',#346,1.);
#9421 = LINE('',#9416,#9420);
#9422 = CARTESIAN_POINT('',(0.229809704,-56.109809704,10.157));
#9423 = VERTEX_POINT('',#9422);
#9424 = EDGE_CURVE('',#9417,#9423,#9421,.T.);
#9425 = ORIENTED_EDGE('',*,*,#9424,.T.);
#9426 = VECTOR('',#368,1.);
#9427 = LINE('',#9422,#9426);
#9428 = EDGE_CURVE('',#9423,#9387,#9427,.T.);
#9429 = ORIENTED_EDGE('',*,*,#9428,.T.);
#9430 = EDGE_LOOP('',(#9389,#9395,#9401,#9407,#9413,#9419,#9425,#9429));
#9431 = FACE_OUTER_BOUND('',#9430,.T.);
#9432 = ADVANCED_FACE('',(#9431),#9382,.T.);
#9433 = AXIS2_PLACEMENT_3D('',#9369,#346,#20);
#9434 = PLANE('',#9433);
#9435 = ORIENTED_EDGE('',*,*,#9371,.F.);
#9436 = VECTOR('',#16,1.);
#9437 = LINE('',#9363,#9436);
#9438 = EDGE_CURVE('',#9364,#9386,#9437,.T.);
#9439 = ORIENTED_EDGE('',*,*,#9438,.T.);
#9440 = ORIENTED_EDGE('',*,*,#9388,.T.);
#9441 = VECTOR('',#16,1.);
#9442 = LINE('',#9369,#9441);
#9443 = EDGE_CURVE('',#9370,#9387,#9442,.T.);
#9444 = ORIENTED_EDGE('',*,*,#9443,.F.);
#9445 = EDGE_LOOP('',(#9435,#9439,#9440,#9444));
#9446 = FACE_OUTER_BOUND('',#9445,.T.);
#9447 = ADVANCED_FACE('',(#9446),#9434,.T.);
#9448 = AXIS2_PLACEMENT_3D('',#9363,#368,#16);
#9449 = PLANE('',#9448);
#9450 = ORIENTED_EDGE('',*,*,#9365,.F.);
#9451 = VECTOR('',#16,1.);
#9452 = LINE('',#9357,#9451);
#9453 = EDGE_CURVE('',#9358,#9393,#9452,.T.);
#9454 = ORIENTED_EDGE('',*,*,#9453,.T.);
#9455 = ORIENTED_EDGE('',*,*,#9394,.T.);
#9456 = ORIENTED_EDGE('',*,*,#9438,.F.);
#9457 = EDGE_LOOP('',(#9450,#9454,#9455,#9456));
#9458 = FACE_OUTER_BOUND('',#9457,.T.);
#9459 = ADVANCED_FACE('',(#9458),#9449,.T.);
#9460 = AXIS2_PLACEMENT_3D('',#9357,#480,#16);
#9461 = PLANE('',#9460);
#9462 = ORIENTED_EDGE('',*,*,#9359,.F.);
#9463 = VECTOR('',#16,1.);
#9464 = LINE('',#9351,#9463);
#9465 = EDGE_CURVE('',#9352,#9399,#9464,.T.);
#9466 = ORIENTED_EDGE('',*,*,#9465,.T.);
#9467 = ORIENTED_EDGE('',*,*,#9400,.T.);
#9468 = ORIENTED_EDGE('',*,*,#9453,.F.);
#9469 = EDGE_LOOP('',(#9462,#9466,#9467,#9468));
#9470 = FACE_OUTER_BOUND('',#9469,.T.);
#9471 = ADVANCED_FACE('',(#9470),#9461,.T.);
#9472 = AXIS2_PLACEMENT_3D('',#9351,#493,#16);
#9473 = PLANE('',#9472);
#9474 = ORIENTED_EDGE('',*,*,#9353,.F.);
#9475 = VECTOR('',#16,1.);
#9476 = LINE('',#9344,#9475);
#9477 = EDGE_CURVE('',#9346,#9405,#9476,.T.);
#9478 = ORIENTED_EDGE('',*,*,#9477,.T.);
#9479 = ORIENTED_EDGE('',*,*,#9406,.T.);
#9480 = ORIENTED_EDGE('',*,*,#9465,.F.);
#9481 = EDGE_LOOP('',(#9474,#9478,#9479,#9480));
#9482 = FACE_OUTER_BOUND('',#9481,.T.);
#9483 = ADVANCED_FACE('',(#9482),#9473,.T.);
#9484 = AXIS2_PLACEMENT_3D('',#9344,#506,#16);
#9485 = PLANE('',#9484);
#9486 = ORIENTED_EDGE('',*,*,#9347,.T.);
#9487 = VECTOR('',#16,1.);
#9488 = LINE('',#9338,#9487);
#9489 = EDGE_CURVE('',#9340,#9411,#9488,.T.);
#9490 = ORIENTED_EDGE('',*,*,#9489,.T.);
#9491 = ORIENTED_EDGE('',*,*,#9412,.F.);
#9492 = ORIENTED_EDGE('',*,*,#9477,.F.);
#9493 = EDGE_LOOP('',(#9486,#9490,#9491,#9492));
#9494 = FACE_OUTER_BOUND('',#9493,.T.);
#9495 = ADVANCED_FACE('',(#9494),#9485,.T.);
#9496 = AXIS2_PLACEMENT_3D('',#9338,#519,#20);
#9497 = PLANE('',#9496);
#9498 = ORIENTED_EDGE('',*,*,#9341,.T.);
#9499 = VECTOR('',#16,1.);
#9500 = LINE('',#9331,#9499);
#9501 = EDGE_CURVE('',#9333,#9417,#9500,.T.);
#9502 = ORIENTED_EDGE('',*,*,#9501,.T.);
#9503 = ORIENTED_EDGE('',*,*,#9418,.F.);
#9504 = ORIENTED_EDGE('',*,*,#9489,.F.);
#9505 = EDGE_LOOP('',(#9498,#9502,#9503,#9504));
#9506 = FACE_OUTER_BOUND('',#9505,.T.);
#9507 = ADVANCED_FACE('',(#9506),#9497,.T.);
#9508 = AXIS2_PLACEMENT_3D('',#9331,#361,#20);
#9509 = PLANE('',#9508);
#9510 = ORIENTED_EDGE('',*,*,#9335,.T.);
#9511 = VECTOR('',#16,1.);
#9512 = LINE('',#9327,#9511);
#9513 = EDGE_CURVE('',#9334,#9423,#9512,.T.);
#9514 = ORIENTED_EDGE('',*,*,#9513,.T.);
#9515 = ORIENTED_EDGE('',*,*,#9424,.F.);
#9516 = ORIENTED_EDGE('',*,*,#9501,.F.);
#9517 = EDGE_LOOP('',(#9510,#9514,#9515,#9516));
#9518 = FACE_OUTER_BOUND('',#9517,.T.);
#9519 = ADVANCED_FACE('',(#9518),#9509,.T.);
#9520 = AXIS2_PLACEMENT_3D('',#9327,#354,#20);
#9521 = PLANE('',#9520);
#9522 = ORIENTED_EDGE('',*,*,#9375,.T.);
#9523 = ORIENTED_EDGE('',*,*,#9443,.T.);
#9524 = ORIENTED_EDGE('',*,*,#9428,.F.);
#9525 = ORIENTED_EDGE('',*,*,#9513,.F.);
#9526 = EDGE_LOOP('',(#9522,#9523,#9524,#9525));
#9527 = FACE_OUTER_BOUND('',#9526,.T.);
#9528 = ADVANCED_FACE('',(#9527),#9521,.T.);
#9529 = CLOSED_SHELL('',(#9379,#9432,#9447,#9459,#9471,#9483,#9495,#9507,#9519,#9528));
#9530 = MANIFOLD_SOLID_BREP('lead',#9529);
#9531 = CARTESIAN_POINT('',(0.166170094,-58.586170094,0.007));
#9532 = AXIS2_PLACEMENT_3D('',#9531,#20,#21);
#9533 = PLANE('',#9532);
#9534 = VECTOR('',#134,1.);
#9535 = CARTESIAN_POINT('',(0.,-58.655,0.007));
#9536 = LINE('',#9535,#9534);
#9537 = VERTEX_POINT('',#9535);
#9538 = VERTEX_POINT('',#9531);
#9539 = EDGE_CURVE('',#9537,#9538,#9536,.T.);
#9540 = ORIENTED_EDGE('',*,*,#9539,.F.);
#9541 = VECTOR('',#142,1.);
#9542 = CARTESIAN_POINT('',(-0.166170094,-58.586170094,0.007));
#9543 = LINE('',#9542,#9541);
#9544 = VERTEX_POINT('',#9542);
#9545 = EDGE_CURVE('',#9544,#9537,#9543,.T.);
#9546 = ORIENTED_EDGE('',*,*,#9545,.F.);
#9547 = VECTOR('',#149,1.);
#9548 = CARTESIAN_POINT('',(-0.235,-58.42,0.007));
#9549 = LINE('',#9548,#9547);
#9550 = VERTEX_POINT('',#9548);
#9551 = EDGE_CURVE('',#9550,#9544,#9549,.T.);
#9552 = ORIENTED_EDGE('',*,*,#9551,.F.);
#9553 = VECTOR('',#156,1.);
#9554 = LINE('',#9548,#9553);
#9555 = CARTESIAN_POINT('',(-0.166170094,-58.253829906,0.007));
#9556 = VERTEX_POINT('',#9555);
#9557 = EDGE_CURVE('',#9550,#9556,#9554,.T.);
#9558 = ORIENTED_EDGE('',*,*,#9557,.T.);
#9559 = VECTOR('',#134,1.);
#9560 = LINE('',#9555,#9559);
#9561 = CARTESIAN_POINT('',(0.,-58.185,0.007));
#9562 = VERTEX_POINT('',#9561);
#9563 = EDGE_CURVE('',#9556,#9562,#9560,.T.);
#9564 = ORIENTED_EDGE('',*,*,#9563,.T.);
#9565 = VECTOR('',#142,1.);
#9566 = LINE('',#9561,#9565);
#9567 = CARTESIAN_POINT('',(0.166170094,-58.253829906,0.007));
#9568 = VERTEX_POINT('',#9567);
#9569 = EDGE_CURVE('',#9562,#9568,#9566,.T.);
#9570 = ORIENTED_EDGE('',*,*,#9569,.T.);
#9571 = VECTOR('',#149,1.);
#9572 = LINE('',#9567,#9571);
#9573 = CARTESIAN_POINT('',(0.235,-58.42,0.007));
#9574 = VERTEX_POINT('',#9573);
#9575 = EDGE_CURVE('',#9568,#9574,#9572,.T.);
#9576 = ORIENTED_EDGE('',*,*,#9575,.T.);
#9577 = VECTOR('',#156,1.);
#9578 = LINE('',#9531,#9577);
#9579 = EDGE_CURVE('',#9538,#9574,#9578,.T.);
#9580 = ORIENTED_EDGE('',*,*,#9579,.F.);
#9581 = EDGE_LOOP('',(#9540,#9546,#9552,#9558,#9564,#9570,#9576,#9580));
#9582 = FACE_OUTER_BOUND('',#9581,.T.);
#9583 = ADVANCED_FACE('',(#9582),#9533,.T.);
#9584 = CARTESIAN_POINT('',(0.235,-58.42,4.007));
#9585 = AXIS2_PLACEMENT_3D('',#9584,#16,#51);
#9586 = PLANE('',#9585);
#9587 = VECTOR('',#149,1.);
#9588 = CARTESIAN_POINT('',(0.166170094,-58.253829906,4.007));
#9589 = LINE('',#9588,#9587);
#9590 = VERTEX_POINT('',#9588);
#9591 = VERTEX_POINT('',#9584);
#9592 = EDGE_CURVE('',#9590,#9591,#9589,.T.);
#9593 = ORIENTED_EDGE('',*,*,#9592,.F.);
#9594 = VECTOR('',#142,1.);
#9595 = CARTESIAN_POINT('',(0.,-58.185,4.007));
#9596 = LINE('',#9595,#9594);
#9597 = VERTEX_POINT('',#9595);
#9598 = EDGE_CURVE('',#9597,#9590,#9596,.T.);
#9599 = ORIENTED_EDGE('',*,*,#9598,.F.);
#9600 = VECTOR('',#134,1.);
#9601 = CARTESIAN_POINT('',(-0.166170094,-58.253829906,4.007));
#9602 = LINE('',#9601,#9600);
#9603 = VERTEX_POINT('',#9601);
#9604 = EDGE_CURVE('',#9603,#9597,#9602,.T.);
#9605 = ORIENTED_EDGE('',*,*,#9604,.F.);
#9606 = VECTOR('',#156,1.);
#9607 = CARTESIAN_POINT('',(-0.235,-58.42,4.007));
#9608 = LINE('',#9607,#9606);
#9609 = VERTEX_POINT('',#9607);
#9610 = EDGE_CURVE('',#9609,#9603,#9608,.T.);
#9611 = ORIENTED_EDGE('',*,*,#9610,.F.);
#9612 = VECTOR('',#149,1.);
#9613 = LINE('',#9607,#9612);
#9614 = CARTESIAN_POINT('',(-0.166170094,-58.586170094,4.007));
#9615 = VERTEX_POINT('',#9614);
#9616 = EDGE_CURVE('',#9609,#9615,#9613,.T.);
#9617 = ORIENTED_EDGE('',*,*,#9616,.T.);
#9618 = VECTOR('',#142,1.);
#9619 = LINE('',#9614,#9618);
#9620 = CARTESIAN_POINT('',(0.,-58.655,4.007));
#9621 = VERTEX_POINT('',#9620);
#9622 = EDGE_CURVE('',#9615,#9621,#9619,.T.);
#9623 = ORIENTED_EDGE('',*,*,#9622,.T.);
#9624 = VECTOR('',#134,1.);
#9625 = LINE('',#9620,#9624);
#9626 = CARTESIAN_POINT('',(0.166170094,-58.586170094,4.007));
#9627 = VERTEX_POINT('',#9626);
#9628 = EDGE_CURVE('',#9621,#9627,#9625,.T.);
#9629 = ORIENTED_EDGE('',*,*,#9628,.T.);
#9630 = VECTOR('',#156,1.);
#9631 = LINE('',#9626,#9630);
#9632 = EDGE_CURVE('',#9627,#9591,#9631,.T.);
#9633 = ORIENTED_EDGE('',*,*,#9632,.T.);
#9634 = EDGE_LOOP('',(#9593,#9599,#9605,#9611,#9617,#9623,#9629,#9633));
#9635 = FACE_OUTER_BOUND('',#9634,.T.);
#9636 = ADVANCED_FACE('',(#9635),#9586,.T.);
#9637 = AXIS2_PLACEMENT_3D('',#9573,#134,#20);
#9638 = PLANE('',#9637);
#9639 = ORIENTED_EDGE('',*,*,#9575,.F.);
#9640 = VECTOR('',#16,1.);
#9641 = LINE('',#9567,#9640);
#9642 = EDGE_CURVE('',#9568,#9590,#9641,.T.);
#9643 = ORIENTED_EDGE('',*,*,#9642,.T.);
#9644 = ORIENTED_EDGE('',*,*,#9592,.T.);
#9645 = VECTOR('',#16,1.);
#9646 = LINE('',#9573,#9645);
#9647 = EDGE_CURVE('',#9574,#9591,#9646,.T.);
#9648 = ORIENTED_EDGE('',*,*,#9647,.F.);
#9649 = EDGE_LOOP('',(#9639,#9643,#9644,#9648));
#9650 = FACE_OUTER_BOUND('',#9649,.T.);
#9651 = ADVANCED_FACE('',(#9650),#9638,.T.);
#9652 = AXIS2_PLACEMENT_3D('',#9567,#156,#16);
#9653 = PLANE('',#9652);
#9654 = ORIENTED_EDGE('',*,*,#9569,.F.);
#9655 = VECTOR('',#16,1.);
#9656 = LINE('',#9561,#9655);
#9657 = EDGE_CURVE('',#9562,#9597,#9656,.T.);
#9658 = ORIENTED_EDGE('',*,*,#9657,.T.);
#9659 = ORIENTED_EDGE('',*,*,#9598,.T.);
#9660 = ORIENTED_EDGE('',*,*,#9642,.F.);
#9661 = EDGE_LOOP('',(#9654,#9658,#9659,#9660));
#9662 = FACE_OUTER_BOUND('',#9661,.T.);
#9663 = ADVANCED_FACE('',(#9662),#9653,.T.);
#9664 = AXIS2_PLACEMENT_3D('',#9561,#268,#16);
#9665 = PLANE('',#9664);
#9666 = ORIENTED_EDGE('',*,*,#9563,.F.);
#9667 = VECTOR('',#16,1.);
#9668 = LINE('',#9555,#9667);
#9669 = EDGE_CURVE('',#9556,#9603,#9668,.T.);
#9670 = ORIENTED_EDGE('',*,*,#9669,.T.);
#9671 = ORIENTED_EDGE('',*,*,#9604,.T.);
#9672 = ORIENTED_EDGE('',*,*,#9657,.F.);
#9673 = EDGE_LOOP('',(#9666,#9670,#9671,#9672));
#9674 = FACE_OUTER_BOUND('',#9673,.T.);
#9675 = ADVANCED_FACE('',(#9674),#9665,.T.);
#9676 = AXIS2_PLACEMENT_3D('',#9555,#281,#16);
#9677 = PLANE('',#9676);
#9678 = ORIENTED_EDGE('',*,*,#9557,.F.);
#9679 = VECTOR('',#16,1.);
#9680 = LINE('',#9548,#9679);
#9681 = EDGE_CURVE('',#9550,#9609,#9680,.T.);
#9682 = ORIENTED_EDGE('',*,*,#9681,.T.);
#9683 = ORIENTED_EDGE('',*,*,#9610,.T.);
#9684 = ORIENTED_EDGE('',*,*,#9669,.F.);
#9685 = EDGE_LOOP('',(#9678,#9682,#9683,#9684));
#9686 = FACE_OUTER_BOUND('',#9685,.T.);
#9687 = ADVANCED_FACE('',(#9686),#9677,.T.);
#9688 = AXIS2_PLACEMENT_3D('',#9548,#294,#16);
#9689 = PLANE('',#9688);
#9690 = ORIENTED_EDGE('',*,*,#9551,.T.);
#9691 = VECTOR('',#16,1.);
#9692 = LINE('',#9542,#9691);
#9693 = EDGE_CURVE('',#9544,#9615,#9692,.T.);
#9694 = ORIENTED_EDGE('',*,*,#9693,.T.);
#9695 = ORIENTED_EDGE('',*,*,#9616,.F.);
#9696 = ORIENTED_EDGE('',*,*,#9681,.F.);
#9697 = EDGE_LOOP('',(#9690,#9694,#9695,#9696));
#9698 = FACE_OUTER_BOUND('',#9697,.T.);
#9699 = ADVANCED_FACE('',(#9698),#9689,.T.);
#9700 = AXIS2_PLACEMENT_3D('',#9542,#307,#20);
#9701 = PLANE('',#9700);
#9702 = ORIENTED_EDGE('',*,*,#9545,.T.);
#9703 = VECTOR('',#16,1.);
#9704 = LINE('',#9535,#9703);
#9705 = EDGE_CURVE('',#9537,#9621,#9704,.T.);
#9706 = ORIENTED_EDGE('',*,*,#9705,.T.);
#9707 = ORIENTED_EDGE('',*,*,#9622,.F.);
#9708 = ORIENTED_EDGE('',*,*,#9693,.F.);
#9709 = EDGE_LOOP('',(#9702,#9706,#9707,#9708));
#9710 = FACE_OUTER_BOUND('',#9709,.T.);
#9711 = ADVANCED_FACE('',(#9710),#9701,.T.);
#9712 = AXIS2_PLACEMENT_3D('',#9535,#149,#20);
#9713 = PLANE('',#9712);
#9714 = ORIENTED_EDGE('',*,*,#9539,.T.);
#9715 = VECTOR('',#16,1.);
#9716 = LINE('',#9531,#9715);
#9717 = EDGE_CURVE('',#9538,#9627,#9716,.T.);
#9718 = ORIENTED_EDGE('',*,*,#9717,.T.);
#9719 = ORIENTED_EDGE('',*,*,#9628,.F.);
#9720 = ORIENTED_EDGE('',*,*,#9705,.F.);
#9721 = EDGE_LOOP('',(#9714,#9718,#9719,#9720));
#9722 = FACE_OUTER_BOUND('',#9721,.T.);
#9723 = ADVANCED_FACE('',(#9722),#9713,.T.);
#9724 = AXIS2_PLACEMENT_3D('',#9531,#142,#20);
#9725 = PLANE('',#9724);
#9726 = ORIENTED_EDGE('',*,*,#9579,.T.);
#9727 = ORIENTED_EDGE('',*,*,#9647,.T.);
#9728 = ORIENTED_EDGE('',*,*,#9632,.F.);
#9729 = ORIENTED_EDGE('',*,*,#9717,.F.);
#9730 = EDGE_LOOP('',(#9726,#9727,#9728,#9729));
#9731 = FACE_OUTER_BOUND('',#9730,.T.);
#9732 = ADVANCED_FACE('',(#9731),#9725,.T.);
#9733 = CLOSED_SHELL('',(#9583,#9636,#9651,#9663,#9675,#9687,#9699,#9711,#9723,#9732));
#9734 = MANIFOLD_SOLID_BREP('contact',#9733);
#9735 = CARTESIAN_POINT('',(0.229809704,-58.649809704,8.057));
#9736 = AXIS2_PLACEMENT_3D('',#9735,#20,#21);
#9737 = PLANE('',#9736);
#9738 = VECTOR('',#346,1.);
#9739 = CARTESIAN_POINT('',(0.,-58.745,8.057));
#9740 = LINE('',#9739,#9738);
#9741 = VERTEX_POINT('',#9739);
#9742 = VERTEX_POINT('',#9735);
#9743 = EDGE_CURVE('',#9741,#9742,#9740,.T.);
#9744 = ORIENTED_EDGE('',*,*,#9743,.F.);
#9745 = VECTOR('',#354,1.);
#9746 = CARTESIAN_POINT('',(-0.229809704,-58.649809704,8.057));
#9747 = LINE('',#9746,#9745);
#9748 = VERTEX_POINT('',#9746);
#9749 = EDGE_CURVE('',#9748,#9741,#9747,.T.);
#9750 = ORIENTED_EDGE('',*,*,#9749,.F.);
#9751 = VECTOR('',#361,1.);
#9752 = CARTESIAN_POINT('',(-0.325,-58.42,8.057));
#9753 = LINE('',#9752,#9751);
#9754 = VERTEX_POINT('',#9752);
#9755 = EDGE_CURVE('',#9754,#9748,#9753,.T.);
#9756 = ORIENTED_EDGE('',*,*,#9755,.F.);
#9757 = VECTOR('',#368,1.);
#9758 = LINE('',#9752,#9757);
#9759 = CARTESIAN_POINT('',(-0.229809704,-58.190190296,8.057));
#9760 = VERTEX_POINT('',#9759);
#9761 = EDGE_CURVE('',#9754,#9760,#9758,.T.);
#9762 = ORIENTED_EDGE('',*,*,#9761,.T.);
#9763 = VECTOR('',#346,1.);
#9764 = LINE('',#9759,#9763);
#9765 = CARTESIAN_POINT('',(0.,-58.095,8.057));
#9766 = VERTEX_POINT('',#9765);
#9767 = EDGE_CURVE('',#9760,#9766,#9764,.T.);
#9768 = ORIENTED_EDGE('',*,*,#9767,.T.);
#9769 = VECTOR('',#354,1.);
#9770 = LINE('',#9765,#9769);
#9771 = CARTESIAN_POINT('',(0.229809704,-58.190190296,8.057));
#9772 = VERTEX_POINT('',#9771);
#9773 = EDGE_CURVE('',#9766,#9772,#9770,.T.);
#9774 = ORIENTED_EDGE('',*,*,#9773,.T.);
#9775 = VECTOR('',#361,1.);
#9776 = LINE('',#9771,#9775);
#9777 = CARTESIAN_POINT('',(0.325,-58.42,8.057));
#9778 = VERTEX_POINT('',#9777);
#9779 = EDGE_CURVE('',#9772,#9778,#9776,.T.);
#9780 = ORIENTED_EDGE('',*,*,#9779,.T.);
#9781 = VECTOR('',#368,1.);
#9782 = LINE('',#9735,#9781);
#9783 = EDGE_CURVE('',#9742,#9778,#9782,.T.);
#9784 = ORIENTED_EDGE('',*,*,#9783,.F.);
#9785 = EDGE_LOOP('',(#9744,#9750,#9756,#9762,#9768,#9774,#9780,#9784));
#9786 = FACE_OUTER_BOUND('',#9785,.T.);
#9787 = ADVANCED_FACE('',(#9786),#9737,.T.);
#9788 = CARTESIAN_POINT('',(0.325,-58.42,10.157));
#9789 = AXIS2_PLACEMENT_3D('',#9788,#16,#51);
#9790 = PLANE('',#9789);
#9791 = VECTOR('',#361,1.);
#9792 = CARTESIAN_POINT('',(0.229809704,-58.190190296,10.157));
#9793 = LINE('',#9792,#9791);
#9794 = VERTEX_POINT('',#9792);
#9795 = VERTEX_POINT('',#9788);
#9796 = EDGE_CURVE('',#9794,#9795,#9793,.T.);
#9797 = ORIENTED_EDGE('',*,*,#9796,.F.);
#9798 = VECTOR('',#354,1.);
#9799 = CARTESIAN_POINT('',(0.,-58.095,10.157));
#9800 = LINE('',#9799,#9798);
#9801 = VERTEX_POINT('',#9799);
#9802 = EDGE_CURVE('',#9801,#9794,#9800,.T.);
#9803 = ORIENTED_EDGE('',*,*,#9802,.F.);
#9804 = VECTOR('',#346,1.);
#9805 = CARTESIAN_POINT('',(-0.229809704,-58.190190296,10.157));
#9806 = LINE('',#9805,#9804);
#9807 = VERTEX_POINT('',#9805);
#9808 = EDGE_CURVE('',#9807,#9801,#9806,.T.);
#9809 = ORIENTED_EDGE('',*,*,#9808,.F.);
#9810 = VECTOR('',#368,1.);
#9811 = CARTESIAN_POINT('',(-0.325,-58.42,10.157));
#9812 = LINE('',#9811,#9810);
#9813 = VERTEX_POINT('',#9811);
#9814 = EDGE_CURVE('',#9813,#9807,#9812,.T.);
#9815 = ORIENTED_EDGE('',*,*,#9814,.F.);
#9816 = VECTOR('',#361,1.);
#9817 = LINE('',#9811,#9816);
#9818 = CARTESIAN_POINT('',(-0.229809704,-58.649809704,10.157));
#9819 = VERTEX_POINT('',#9818);
#9820 = EDGE_CURVE('',#9813,#9819,#9817,.T.);
#9821 = ORIENTED_EDGE('',*,*,#9820,.T.);
#9822 = VECTOR('',#354,1.);
#9823 = LINE('',#9818,#9822);
#9824 = CARTESIAN_POINT('',(0.,-58.745,10.157));
#9825 = VERTEX_POINT('',#9824);
#9826 = EDGE_CURVE('',#9819,#9825,#9823,.T.);
#9827 = ORIENTED_EDGE('',*,*,#9826,.T.);
#9828 = VECTOR('',#346,1.);
#9829 = LINE('',#9824,#9828);
#9830 = CARTESIAN_POINT('',(0.229809704,-58.649809704,10.157));
#9831 = VERTEX_POINT('',#9830);
#9832 = EDGE_CURVE('',#9825,#9831,#9829,.T.);
#9833 = ORIENTED_EDGE('',*,*,#9832,.T.);
#9834 = VECTOR('',#368,1.);
#9835 = LINE('',#9830,#9834);
#9836 = EDGE_CURVE('',#9831,#9795,#9835,.T.);
#9837 = ORIENTED_EDGE('',*,*,#9836,.T.);
#9838 = EDGE_LOOP('',(#9797,#9803,#9809,#9815,#9821,#9827,#9833,#9837));
#9839 = FACE_OUTER_BOUND('',#9838,.T.);
#9840 = ADVANCED_FACE('',(#9839),#9790,.T.);
#9841 = AXIS2_PLACEMENT_3D('',#9777,#346,#20);
#9842 = PLANE('',#9841);
#9843 = ORIENTED_EDGE('',*,*,#9779,.F.);
#9844 = VECTOR('',#16,1.);
#9845 = LINE('',#9771,#9844);
#9846 = EDGE_CURVE('',#9772,#9794,#9845,.T.);
#9847 = ORIENTED_EDGE('',*,*,#9846,.T.);
#9848 = ORIENTED_EDGE('',*,*,#9796,.T.);
#9849 = VECTOR('',#16,1.);
#9850 = LINE('',#9777,#9849);
#9851 = EDGE_CURVE('',#9778,#9795,#9850,.T.);
#9852 = ORIENTED_EDGE('',*,*,#9851,.F.);
#9853 = EDGE_LOOP('',(#9843,#9847,#9848,#9852));
#9854 = FACE_OUTER_BOUND('',#9853,.T.);
#9855 = ADVANCED_FACE('',(#9854),#9842,.T.);
#9856 = AXIS2_PLACEMENT_3D('',#9771,#368,#16);
#9857 = PLANE('',#9856);
#9858 = ORIENTED_EDGE('',*,*,#9773,.F.);
#9859 = VECTOR('',#16,1.);
#9860 = LINE('',#9765,#9859);
#9861 = EDGE_CURVE('',#9766,#9801,#9860,.T.);
#9862 = ORIENTED_EDGE('',*,*,#9861,.T.);
#9863 = ORIENTED_EDGE('',*,*,#9802,.T.);
#9864 = ORIENTED_EDGE('',*,*,#9846,.F.);
#9865 = EDGE_LOOP('',(#9858,#9862,#9863,#9864));
#9866 = FACE_OUTER_BOUND('',#9865,.T.);
#9867 = ADVANCED_FACE('',(#9866),#9857,.T.);
#9868 = AXIS2_PLACEMENT_3D('',#9765,#480,#16);
#9869 = PLANE('',#9868);
#9870 = ORIENTED_EDGE('',*,*,#9767,.F.);
#9871 = VECTOR('',#16,1.);
#9872 = LINE('',#9759,#9871);
#9873 = EDGE_CURVE('',#9760,#9807,#9872,.T.);
#9874 = ORIENTED_EDGE('',*,*,#9873,.T.);
#9875 = ORIENTED_EDGE('',*,*,#9808,.T.);
#9876 = ORIENTED_EDGE('',*,*,#9861,.F.);
#9877 = EDGE_LOOP('',(#9870,#9874,#9875,#9876));
#9878 = FACE_OUTER_BOUND('',#9877,.T.);
#9879 = ADVANCED_FACE('',(#9878),#9869,.T.);
#9880 = AXIS2_PLACEMENT_3D('',#9759,#493,#16);
#9881 = PLANE('',#9880);
#9882 = ORIENTED_EDGE('',*,*,#9761,.F.);
#9883 = VECTOR('',#16,1.);
#9884 = LINE('',#9752,#9883);
#9885 = EDGE_CURVE('',#9754,#9813,#9884,.T.);
#9886 = ORIENTED_EDGE('',*,*,#9885,.T.);
#9887 = ORIENTED_EDGE('',*,*,#9814,.T.);
#9888 = ORIENTED_EDGE('',*,*,#9873,.F.);
#9889 = EDGE_LOOP('',(#9882,#9886,#9887,#9888));
#9890 = FACE_OUTER_BOUND('',#9889,.T.);
#9891 = ADVANCED_FACE('',(#9890),#9881,.T.);
#9892 = AXIS2_PLACEMENT_3D('',#9752,#506,#16);
#9893 = PLANE('',#9892);
#9894 = ORIENTED_EDGE('',*,*,#9755,.T.);
#9895 = VECTOR('',#16,1.);
#9896 = LINE('',#9746,#9895);
#9897 = EDGE_CURVE('',#9748,#9819,#9896,.T.);
#9898 = ORIENTED_EDGE('',*,*,#9897,.T.);
#9899 = ORIENTED_EDGE('',*,*,#9820,.F.);
#9900 = ORIENTED_EDGE('',*,*,#9885,.F.);
#9901 = EDGE_LOOP('',(#9894,#9898,#9899,#9900));
#9902 = FACE_OUTER_BOUND('',#9901,.T.);
#9903 = ADVANCED_FACE('',(#9902),#9893,.T.);
#9904 = AXIS2_PLACEMENT_3D('',#9746,#519,#20);
#9905 = PLANE('',#9904);
#9906 = ORIENTED_EDGE('',*,*,#9749,.T.);
#9907 = VECTOR('',#16,1.);
#9908 = LINE('',#9739,#9907);
#9909 = EDGE_CURVE('',#9741,#9825,#9908,.T.);
#9910 = ORIENTED_EDGE('',*,*,#9909,.T.);
#9911 = ORIENTED_EDGE('',*,*,#9826,.F.);
#9912 = ORIENTED_EDGE('',*,*,#9897,.F.);
#9913 = EDGE_LOOP('',(#9906,#9910,#9911,#9912));
#9914 = FACE_OUTER_BOUND('',#9913,.T.);
#9915 = ADVANCED_FACE('',(#9914),#9905,.T.);
#9916 = AXIS2_PLACEMENT_3D('',#9739,#361,#20);
#9917 = PLANE('',#9916);
#9918 = ORIENTED_EDGE('',*,*,#9743,.T.);
#9919 = VECTOR('',#16,1.);
#9920 = LINE('',#9735,#9919);
#9921 = EDGE_CURVE('',#9742,#9831,#9920,.T.);
#9922 = ORIENTED_EDGE('',*,*,#9921,.T.);
#9923 = ORIENTED_EDGE('',*,*,#9832,.F.);
#9924 = ORIENTED_EDGE('',*,*,#9909,.F.);
#9925 = EDGE_LOOP('',(#9918,#9922,#9923,#9924));
#9926 = FACE_OUTER_BOUND('',#9925,.T.);
#9927 = ADVANCED_FACE('',(#9926),#9917,.T.);
#9928 = AXIS2_PLACEMENT_3D('',#9735,#354,#20);
#9929 = PLANE('',#9928);
#9930 = ORIENTED_EDGE('',*,*,#9783,.T.);
#9931 = ORIENTED_EDGE('',*,*,#9851,.T.);
#9932 = ORIENTED_EDGE('',*,*,#9836,.F.);
#9933 = ORIENTED_EDGE('',*,*,#9921,.F.);
#9934 = EDGE_LOOP('',(#9930,#9931,#9932,#9933));
#9935 = FACE_OUTER_BOUND('',#9934,.T.);
#9936 = ADVANCED_FACE('',(#9935),#9929,.T.);
#9937 = CLOSED_SHELL('',(#9787,#9840,#9855,#9867,#9879,#9891,#9903,#9915,#9927,#9936));
#9938 = MANIFOLD_SOLID_BREP('lead',#9937);
#9939 = CARTESIAN_POINT('',(13.97,1.27,4.007));
#9940 = AXIS2_PLACEMENT_3D('',#9939,#20,#21);
#9941 = PLANE('',#9940);
#9942 = VECTOR('',#17,1.);
#9943 = LINE('',#9939,#9942);
#9944 = VERTEX_POINT('',#9939);
#9945 = CARTESIAN_POINT('',(16.51,1.27,4.007));
#9946 = VERTEX_POINT('',#9945);
#9947 = EDGE_CURVE('',#9944,#9946,#9943,.T.);
#9948 = ORIENTED_EDGE('',*,*,#9947,.T.);
#9949 = VECTOR('',#21,1.);
#9950 = CARTESIAN_POINT('',(16.51,-59.69,4.007));
#9951 = LINE('',#9950,#9949);
#9952 = VERTEX_POINT('',#9950);
#9953 = EDGE_CURVE('',#9952,#9946,#9951,.T.);
#9954 = ORIENTED_EDGE('',*,*,#9953,.F.);
#9955 = VECTOR('',#17,1.);
#9956 = CARTESIAN_POINT('',(13.97,-59.69,4.007));
#9957 = LINE('',#9956,#9955);
#9958 = VERTEX_POINT('',#9956);
#9959 = EDGE_CURVE('',#9958,#9952,#9957,.T.);
#9960 = ORIENTED_EDGE('',*,*,#9959,.F.);
#9961 = VECTOR('',#21,1.);
#9962 = LINE('',#9956,#9961);
#9963 = EDGE_CURVE('',#9958,#9944,#9962,.T.);
#9964 = ORIENTED_EDGE('',*,*,#9963,.T.);
#9965 = EDGE_LOOP('',(#9948,#9954,#9960,#9964));
#9966 = FACE_OUTER_BOUND('',#9965,.T.);
#9967 = ADVANCED_FACE('',(#9966),#9941,.T.);
#9968 = CARTESIAN_POINT('',(13.97,-59.69,8.057));
#9969 = AXIS2_PLACEMENT_3D('',#9968,#16,#51);
#9970 = PLANE('',#9969);
#9971 = VECTOR('',#17,1.);
#9972 = LINE('',#9968,#9971);
#9973 = VERTEX_POINT('',#9968);
#9974 = CARTESIAN_POINT('',(16.51,-59.69,8.057));
#9975 = VERTEX_POINT('',#9974);
#9976 = EDGE_CURVE('',#9973,#9975,#9972,.T.);
#9977 = ORIENTED_EDGE('',*,*,#9976,.T.);
#9978 = VECTOR('',#21,1.);
#9979 = LINE('',#9974,#9978);
#9980 = CARTESIAN_POINT('',(16.51,1.27,8.057));
#9981 = VERTEX_POINT('',#9980);
#9982 = EDGE_CURVE('',#9975,#9981,#9979,.T.);
#9983 = ORIENTED_EDGE('',*,*,#9982,.T.);
#9984 = VECTOR('',#17,1.);
#9985 = CARTESIAN_POINT('',(13.97,1.27,8.057));
#9986 = LINE('',#9985,#9984);
#9987 = VERTEX_POINT('',#9985);
#9988 = EDGE_CURVE('',#9987,#9981,#9986,.T.);
#9989 = ORIENTED_EDGE('',*,*,#9988,.F.);
#9990 = VECTOR('',#21,1.);
#9991 = LINE('',#9968,#9990);
#9992 = EDGE_CURVE('',#9973,#9987,#9991,.T.);
#9993 = ORIENTED_EDGE('',*,*,#9992,.F.);
#9994 = EDGE_LOOP('',(#9977,#9983,#9989,#9993));
#9995 = FACE_OUTER_BOUND('',#9994,.T.);
#9996 = ADVANCED_FACE('',(#9995),#9970,.T.);
#9997 = AXIS2_PLACEMENT_3D('',#9956,#51,#20);
#9998 = PLANE('',#9997);
#9999 = ORIENTED_EDGE('',*,*,#9959,.T.);
#10000 = VECTOR('',#16,1.);
#10001 = LINE('',#9950,#10000);
#10002 = EDGE_CURVE('',#9952,#9975,#10001,.T.);
#10003 = ORIENTED_EDGE('',*,*,#10002,.T.);
#10004 = ORIENTED_EDGE('',*,*,#9976,.F.);
#10005 = VECTOR('',#16,1.);
#10006 = LINE('',#9956,#10005);
#10007 = EDGE_CURVE('',#9958,#9973,#10006,.T.);
#10008 = ORIENTED_EDGE('',*,*,#10007,.F.);
#10009 = EDGE_LOOP('',(#9999,#10003,#10004,#10008));
#10010 = FACE_OUTER_BOUND('',#10009,.T.);
#10011 = ADVANCED_FACE('',(#10010),#9998,.T.);
#10012 = AXIS2_PLACEMENT_3D('',#9945,#21,#16);
#10013 = PLANE('',#10012);
#10014 = ORIENTED_EDGE('',*,*,#9947,.F.);
#10015 = VECTOR('',#16,1.);
#10016 = LINE('',#9939,#10015);
#10017 = EDGE_CURVE('',#9944,#9987,#10016,.T.);
#10018 = ORIENTED_EDGE('',*,*,#10017,.T.);
#10019 = ORIENTED_EDGE('',*,*,#9988,.T.);
#10020 = VECTOR('',#16,1.);
#10021 = LINE('',#9945,#10020);
#10022 = EDGE_CURVE('',#9946,#9981,#10021,.T.);
#10023 = ORIENTED_EDGE('',*,*,#10022,.F.);
#10024 = EDGE_LOOP('',(#10014,#10018,#10019,#10023));
#10025 = FACE_OUTER_BOUND('',#10024,.T.);
#10026 = ADVANCED_FACE('',(#10025),#10013,.T.);
#10027 = AXIS2_PLACEMENT_3D('',#9939,#110,#16);
#10028 = PLANE('',#10027);
#10029 = ORIENTED_EDGE('',*,*,#9963,.F.);
#10030 = ORIENTED_EDGE('',*,*,#10007,.T.);
#10031 = ORIENTED_EDGE('',*,*,#9992,.T.);
#10032 = ORIENTED_EDGE('',*,*,#10017,.F.);
#10033 = EDGE_LOOP('',(#10029,#10030,#10031,#10032));
#10034 = FACE_OUTER_BOUND('',#10033,.T.);
#10035 = ADVANCED_FACE('',(#10034),#10028,.T.);
#10036 = AXIS2_PLACEMENT_3D('',#9950,#17,#20);
#10037 = PLANE('',#10036);
#10038 = ORIENTED_EDGE('',*,*,#9953,.T.);
#10039 = ORIENTED_EDGE('',*,*,#10022,.T.);
#10040 = ORIENTED_EDGE('',*,*,#9982,.F.);
#10041 = ORIENTED_EDGE('',*,*,#10002,.F.);
#10042 = EDGE_LOOP('',(#10038,#10039,#10040,#10041));
#10043 = FACE_OUTER_BOUND('',#10042,.T.);
#10044 = ADVANCED_FACE('',(#10043),#10037,.T.);
#10045 = CLOSED_SHELL('',(#9967,#9996,#10011,#10026,#10035,#10044));
#10046 = MANIFOLD_SOLID_BREP('housing',#10045);
#10047 = CARTESIAN_POINT('',(15.406170094,-0.166170094,0.007));
#10048 = AXIS2_PLACEMENT_3D('',#10047,#20,#21);
#10049 = PLANE('',#10048);
#10050 = VECTOR('',#134,1.);
#10051 = CARTESIAN_POINT('',(15.24,-0.235,0.007));
#10052 = LINE('',#10051,#10050);
#10053 = VERTEX_POINT('',#10051);
#10054 = VERTEX_POINT('',#10047);
#10055 = EDGE_CURVE('',#10053,#10054,#10052,.T.);
#10056 = ORIENTED_EDGE('',*,*,#10055,.F.);
#10057 = VECTOR('',#142,1.);
#10058 = CARTESIAN_POINT('',(15.073829906,-0.166170094,0.007));
#10059 = LINE('',#10058,#10057);
#10060 = VERTEX_POINT('',#10058);
#10061 = EDGE_CURVE('',#10060,#10053,#10059,.T.);
#10062 = ORIENTED_EDGE('',*,*,#10061,.F.);
#10063 = VECTOR('',#149,1.);
#10064 = CARTESIAN_POINT('',(15.005,0.,0.007));
#10065 = LINE('',#10064,#10063);
#10066 = VERTEX_POINT('',#10064);
#10067 = EDGE_CURVE('',#10066,#10060,#10065,.T.);
#10068 = ORIENTED_EDGE('',*,*,#10067,.F.);
#10069 = VECTOR('',#156,1.);
#10070 = LINE('',#10064,#10069);
#10071 = CARTESIAN_POINT('',(15.073829906,0.166170094,0.007));
#10072 = VERTEX_POINT('',#10071);
#10073 = EDGE_CURVE('',#10066,#10072,#10070,.T.);
#10074 = ORIENTED_EDGE('',*,*,#10073,.T.);
#10075 = VECTOR('',#134,1.);
#10076 = LINE('',#10071,#10075);
#10077 = CARTESIAN_POINT('',(15.24,0.235,0.007));
#10078 = VERTEX_POINT('',#10077);
#10079 = EDGE_CURVE('',#10072,#10078,#10076,.T.);
#10080 = ORIENTED_EDGE('',*,*,#10079,.T.);
#10081 = VECTOR('',#142,1.);
#10082 = LINE('',#10077,#10081);
#10083 = CARTESIAN_POINT('',(15.406170094,0.166170094,0.007));
#10084 = VERTEX_POINT('',#10083);
#10085 = EDGE_CURVE('',#10078,#10084,#10082,.T.);
#10086 = ORIENTED_EDGE('',*,*,#10085,.T.);
#10087 = VECTOR('',#149,1.);
#10088 = LINE('',#10083,#10087);
#10089 = CARTESIAN_POINT('',(15.475,0.,0.007));
#10090 = VERTEX_POINT('',#10089);
#10091 = EDGE_CURVE('',#10084,#10090,#10088,.T.);
#10092 = ORIENTED_EDGE('',*,*,#10091,.T.);
#10093 = VECTOR('',#156,1.);
#10094 = LINE('',#10047,#10093);
#10095 = EDGE_CURVE('',#10054,#10090,#10094,.T.);
#10096 = ORIENTED_EDGE('',*,*,#10095,.F.);
#10097 = EDGE_LOOP('',(#10056,#10062,#10068,#10074,#10080,#10086,#10092,#10096));
#10098 = FACE_OUTER_BOUND('',#10097,.T.);
#10099 = ADVANCED_FACE('',(#10098),#10049,.T.);
#10100 = CARTESIAN_POINT('',(15.475,0.,4.007));
#10101 = AXIS2_PLACEMENT_3D('',#10100,#16,#51);
#10102 = PLANE('',#10101);
#10103 = VECTOR('',#149,1.);
#10104 = CARTESIAN_POINT('',(15.406170094,0.166170094,4.007));
#10105 = LINE('',#10104,#10103);
#10106 = VERTEX_POINT('',#10104);
#10107 = VERTEX_POINT('',#10100);
#10108 = EDGE_CURVE('',#10106,#10107,#10105,.T.);
#10109 = ORIENTED_EDGE('',*,*,#10108,.F.);
#10110 = VECTOR('',#142,1.);
#10111 = CARTESIAN_POINT('',(15.24,0.235,4.007));
#10112 = LINE('',#10111,#10110);
#10113 = VERTEX_POINT('',#10111);
#10114 = EDGE_CURVE('',#10113,#10106,#10112,.T.);
#10115 = ORIENTED_EDGE('',*,*,#10114,.F.);
#10116 = VECTOR('',#134,1.);
#10117 = CARTESIAN_POINT('',(15.073829906,0.166170094,4.007));
#10118 = LINE('',#10117,#10116);
#10119 = VERTEX_POINT('',#10117);
#10120 = EDGE_CURVE('',#10119,#10113,#10118,.T.);
#10121 = ORIENTED_EDGE('',*,*,#10120,.F.);
#10122 = VECTOR('',#156,1.);
#10123 = CARTESIAN_POINT('',(15.005,0.,4.007));
#10124 = LINE('',#10123,#10122);
#10125 = VERTEX_POINT('',#10123);
#10126 = EDGE_CURVE('',#10125,#10119,#10124,.T.);
#10127 = ORIENTED_EDGE('',*,*,#10126,.F.);
#10128 = VECTOR('',#149,1.);
#10129 = LINE('',#10123,#10128);
#10130 = CARTESIAN_POINT('',(15.073829906,-0.166170094,4.007));
#10131 = VERTEX_POINT('',#10130);
#10132 = EDGE_CURVE('',#10125,#10131,#10129,.T.);
#10133 = ORIENTED_EDGE('',*,*,#10132,.T.);
#10134 = VECTOR('',#142,1.);
#10135 = LINE('',#10130,#10134);
#10136 = CARTESIAN_POINT('',(15.24,-0.235,4.007));
#10137 = VERTEX_POINT('',#10136);
#10138 = EDGE_CURVE('',#10131,#10137,#10135,.T.);
#10139 = ORIENTED_EDGE('',*,*,#10138,.T.);
#10140 = VECTOR('',#134,1.);
#10141 = LINE('',#10136,#10140);
#10142 = CARTESIAN_POINT('',(15.406170094,-0.166170094,4.007));
#10143 = VERTEX_POINT('',#10142);
#10144 = EDGE_CURVE('',#10137,#10143,#10141,.T.);
#10145 = ORIENTED_EDGE('',*,*,#10144,.T.);
#10146 = VECTOR('',#156,1.);
#10147 = LINE('',#10142,#10146);
#10148 = EDGE_CURVE('',#10143,#10107,#10147,.T.);
#10149 = ORIENTED_EDGE('',*,*,#10148,.T.);
#10150 = EDGE_LOOP('',(#10109,#10115,#10121,#10127,#10133,#10139,#10145,#10149));
#10151 = FACE_OUTER_BOUND('',#10150,.T.);
#10152 = ADVANCED_FACE('',(#10151),#10102,.T.);
#10153 = AXIS2_PLACEMENT_3D('',#10089,#134,#20);
#10154 = PLANE('',#10153);
#10155 = ORIENTED_EDGE('',*,*,#10091,.F.);
#10156 = VECTOR('',#16,1.);
#10157 = LINE('',#10083,#10156);
#10158 = EDGE_CURVE('',#10084,#10106,#10157,.T.);
#10159 = ORIENTED_EDGE('',*,*,#10158,.T.);
#10160 = ORIENTED_EDGE('',*,*,#10108,.T.);
#10161 = VECTOR('',#16,1.);
#10162 = LINE('',#10089,#10161);
#10163 = EDGE_CURVE('',#10090,#10107,#10162,.T.);
#10164 = ORIENTED_EDGE('',*,*,#10163,.F.);
#10165 = EDGE_LOOP('',(#10155,#10159,#10160,#10164));
#10166 = FACE_OUTER_BOUND('',#10165,.T.);
#10167 = ADVANCED_FACE('',(#10166),#10154,.T.);
#10168 = AXIS2_PLACEMENT_3D('',#10083,#156,#16);
#10169 = PLANE('',#10168);
#10170 = ORIENTED_EDGE('',*,*,#10085,.F.);
#10171 = VECTOR('',#16,1.);
#10172 = LINE('',#10077,#10171);
#10173 = EDGE_CURVE('',#10078,#10113,#10172,.T.);
#10174 = ORIENTED_EDGE('',*,*,#10173,.T.);
#10175 = ORIENTED_EDGE('',*,*,#10114,.T.);
#10176 = ORIENTED_EDGE('',*,*,#10158,.F.);
#10177 = EDGE_LOOP('',(#10170,#10174,#10175,#10176));
#10178 = FACE_OUTER_BOUND('',#10177,.T.);
#10179 = ADVANCED_FACE('',(#10178),#10169,.T.);
#10180 = AXIS2_PLACEMENT_3D('',#10077,#268,#16);
#10181 = PLANE('',#10180);
#10182 = ORIENTED_EDGE('',*,*,#10079,.F.);
#10183 = VECTOR('',#16,1.);
#10184 = LINE('',#10071,#10183);
#10185 = EDGE_CURVE('',#10072,#10119,#10184,.T.);
#10186 = ORIENTED_EDGE('',*,*,#10185,.T.);
#10187 = ORIENTED_EDGE('',*,*,#10120,.T.);
#10188 = ORIENTED_EDGE('',*,*,#10173,.F.);
#10189 = EDGE_LOOP('',(#10182,#10186,#10187,#10188));
#10190 = FACE_OUTER_BOUND('',#10189,.T.);
#10191 = ADVANCED_FACE('',(#10190),#10181,.T.);
#10192 = AXIS2_PLACEMENT_3D('',#10071,#281,#16);
#10193 = PLANE('',#10192);
#10194 = ORIENTED_EDGE('',*,*,#10073,.F.);
#10195 = VECTOR('',#16,1.);
#10196 = LINE('',#10064,#10195);
#10197 = EDGE_CURVE('',#10066,#10125,#10196,.T.);
#10198 = ORIENTED_EDGE('',*,*,#10197,.T.);
#10199 = ORIENTED_EDGE('',*,*,#10126,.T.);
#10200 = ORIENTED_EDGE('',*,*,#10185,.F.);
#10201 = EDGE_LOOP('',(#10194,#10198,#10199,#10200));
#10202 = FACE_OUTER_BOUND('',#10201,.T.);
#10203 = ADVANCED_FACE('',(#10202),#10193,.T.);
#10204 = AXIS2_PLACEMENT_3D('',#10064,#294,#16);
#10205 = PLANE('',#10204);
#10206 = ORIENTED_EDGE('',*,*,#10067,.T.);
#10207 = VECTOR('',#16,1.);
#10208 = LINE('',#10058,#10207);
#10209 = EDGE_CURVE('',#10060,#10131,#10208,.T.);
#10210 = ORIENTED_EDGE('',*,*,#10209,.T.);
#10211 = ORIENTED_EDGE('',*,*,#10132,.F.);
#10212 = ORIENTED_EDGE('',*,*,#10197,.F.);
#10213 = EDGE_LOOP('',(#10206,#10210,#10211,#10212));
#10214 = FACE_OUTER_BOUND('',#10213,.T.);
#10215 = ADVANCED_FACE('',(#10214),#10205,.T.);
#10216 = AXIS2_PLACEMENT_3D('',#10058,#307,#20);
#10217 = PLANE('',#10216);
#10218 = ORIENTED_EDGE('',*,*,#10061,.T.);
#10219 = VECTOR('',#16,1.);
#10220 = LINE('',#10051,#10219);
#10221 = EDGE_CURVE('',#10053,#10137,#10220,.T.);
#10222 = ORIENTED_EDGE('',*,*,#10221,.T.);
#10223 = ORIENTED_EDGE('',*,*,#10138,.F.);
#10224 = ORIENTED_EDGE('',*,*,#10209,.F.);
#10225 = EDGE_LOOP('',(#10218,#10222,#10223,#10224));
#10226 = FACE_OUTER_BOUND('',#10225,.T.);
#10227 = ADVANCED_FACE('',(#10226),#10217,.T.);
#10228 = AXIS2_PLACEMENT_3D('',#10051,#149,#20);
#10229 = PLANE('',#10228);
#10230 = ORIENTED_EDGE('',*,*,#10055,.T.);
#10231 = VECTOR('',#16,1.);
#10232 = LINE('',#10047,#10231);
#10233 = EDGE_CURVE('',#10054,#10143,#10232,.T.);
#10234 = ORIENTED_EDGE('',*,*,#10233,.T.);
#10235 = ORIENTED_EDGE('',*,*,#10144,.F.);
#10236 = ORIENTED_EDGE('',*,*,#10221,.F.);
#10237 = EDGE_LOOP('',(#10230,#10234,#10235,#10236));
#10238 = FACE_OUTER_BOUND('',#10237,.T.);
#10239 = ADVANCED_FACE('',(#10238),#10229,.T.);
#10240 = AXIS2_PLACEMENT_3D('',#10047,#142,#20);
#10241 = PLANE('',#10240);
#10242 = ORIENTED_EDGE('',*,*,#10095,.T.);
#10243 = ORIENTED_EDGE('',*,*,#10163,.T.);
#10244 = ORIENTED_EDGE('',*,*,#10148,.F.);
#10245 = ORIENTED_EDGE('',*,*,#10233,.F.);
#10246 = EDGE_LOOP('',(#10242,#10243,#10244,#10245));
#10247 = FACE_OUTER_BOUND('',#10246,.T.);
#10248 = ADVANCED_FACE('',(#10247),#10241,.T.);
#10249 = CLOSED_SHELL('',(#10099,#10152,#10167,#10179,#10191,#10203,#10215,#10227,#10239,#10248));
#10250 = MANIFOLD_SOLID_BREP('contact',#10249);
#10251 = CARTESIAN_POINT('',(15.469809704,-0.229809704,8.057));
#10252 = AXIS2_PLACEMENT_3D('',#10251,#20,#21);
#10253 = PLANE('',#10252);
#10254 = VECTOR('',#346,1.);
#10255 = CARTESIAN_POINT('',(15.24,-0.325,8.057));
#10256 = LINE('',#10255,#10254);
#10257 = VERTEX_POINT('',#10255);
#10258 = VERTEX_POINT('',#10251);
#10259 = EDGE_CURVE('',#10257,#10258,#10256,.T.);
#10260 = ORIENTED_EDGE('',*,*,#10259,.F.);
#10261 = VECTOR('',#354,1.);
#10262 = CARTESIAN_POINT('',(15.010190296,-0.229809704,8.057));
#10263 = LINE('',#10262,#10261);
#10264 = VERTEX_POINT('',#10262);
#10265 = EDGE_CURVE('',#10264,#10257,#10263,.T.);
#10266 = ORIENTED_EDGE('',*,*,#10265,.F.);
#10267 = VECTOR('',#361,1.);
#10268 = CARTESIAN_POINT('',(14.915,0.,8.057));
#10269 = LINE('',#10268,#10267);
#10270 = VERTEX_POINT('',#10268);
#10271 = EDGE_CURVE('',#10270,#10264,#10269,.T.);
#10272 = ORIENTED_EDGE('',*,*,#10271,.F.);
#10273 = VECTOR('',#368,1.);
#10274 = LINE('',#10268,#10273);
#10275 = CARTESIAN_POINT('',(15.010190296,0.229809704,8.057));
#10276 = VERTEX_POINT('',#10275);
#10277 = EDGE_CURVE('',#10270,#10276,#10274,.T.);
#10278 = ORIENTED_EDGE('',*,*,#10277,.T.);
#10279 = VECTOR('',#346,1.);
#10280 = LINE('',#10275,#10279);
#10281 = CARTESIAN_POINT('',(15.24,0.325,8.057));
#10282 = VERTEX_POINT('',#10281);
#10283 = EDGE_CURVE('',#10276,#10282,#10280,.T.);
#10284 = ORIENTED_EDGE('',*,*,#10283,.T.);
#10285 = VECTOR('',#354,1.);
#10286 = LINE('',#10281,#10285);
#10287 = CARTESIAN_POINT('',(15.469809704,0.229809704,8.057));
#10288 = VERTEX_POINT('',#10287);
#10289 = EDGE_CURVE('',#10282,#10288,#10286,.T.);
#10290 = ORIENTED_EDGE('',*,*,#10289,.T.);
#10291 = VECTOR('',#361,1.);
#10292 = LINE('',#10287,#10291);
#10293 = CARTESIAN_POINT('',(15.565,0.,8.057));
#10294 = VERTEX_POINT('',#10293);
#10295 = EDGE_CURVE('',#10288,#10294,#10292,.T.);
#10296 = ORIENTED_EDGE('',*,*,#10295,.T.);
#10297 = VECTOR('',#368,1.);
#10298 = LINE('',#10251,#10297);
#10299 = EDGE_CURVE('',#10258,#10294,#10298,.T.);
#10300 = ORIENTED_EDGE('',*,*,#10299,.F.);
#10301 = EDGE_LOOP('',(#10260,#10266,#10272,#10278,#10284,#10290,#10296,#10300));
#10302 = FACE_OUTER_BOUND('',#10301,.T.);
#10303 = ADVANCED_FACE('',(#10302),#10253,.T.);
#10304 = CARTESIAN_POINT('',(15.565,0.,10.157));
#10305 = AXIS2_PLACEMENT_3D('',#10304,#16,#51);
#10306 = PLANE('',#10305);
#10307 = VECTOR('',#361,1.);
#10308 = CARTESIAN_POINT('',(15.469809704,0.229809704,10.157));
#10309 = LINE('',#10308,#10307);
#10310 = VERTEX_POINT('',#10308);
#10311 = VERTEX_POINT('',#10304);
#10312 = EDGE_CURVE('',#10310,#10311,#10309,.T.);
#10313 = ORIENTED_EDGE('',*,*,#10312,.F.);
#10314 = VECTOR('',#354,1.);
#10315 = CARTESIAN_POINT('',(15.24,0.325,10.157));
#10316 = LINE('',#10315,#10314);
#10317 = VERTEX_POINT('',#10315);
#10318 = EDGE_CURVE('',#10317,#10310,#10316,.T.);
#10319 = ORIENTED_EDGE('',*,*,#10318,.F.);
#10320 = VECTOR('',#346,1.);
#10321 = CARTESIAN_POINT('',(15.010190296,0.229809704,10.157));
#10322 = LINE('',#10321,#10320);
#10323 = VERTEX_POINT('',#10321);
#10324 = EDGE_CURVE('',#10323,#10317,#10322,.T.);
#10325 = ORIENTED_EDGE('',*,*,#10324,.F.);
#10326 = VECTOR('',#368,1.);
#10327 = CARTESIAN_POINT('',(14.915,0.,10.157));
#10328 = LINE('',#10327,#10326);
#10329 = VERTEX_POINT('',#10327);
#10330 = EDGE_CURVE('',#10329,#10323,#10328,.T.);
#10331 = ORIENTED_EDGE('',*,*,#10330,.F.);
#10332 = VECTOR('',#361,1.);
#10333 = LINE('',#10327,#10332);
#10334 = CARTESIAN_POINT('',(15.010190296,-0.229809704,10.157));
#10335 = VERTEX_POINT('',#10334);
#10336 = EDGE_CURVE('',#10329,#10335,#10333,.T.);
#10337 = ORIENTED_EDGE('',*,*,#10336,.T.);
#10338 = VECTOR('',#354,1.);
#10339 = LINE('',#10334,#10338);
#10340 = CARTESIAN_POINT('',(15.24,-0.325,10.157));
#10341 = VERTEX_POINT('',#10340);
#10342 = EDGE_CURVE('',#10335,#10341,#10339,.T.);
#10343 = ORIENTED_EDGE('',*,*,#10342,.T.);
#10344 = VECTOR('',#346,1.);
#10345 = LINE('',#10340,#10344);
#10346 = CARTESIAN_POINT('',(15.469809704,-0.229809704,10.157));
#10347 = VERTEX_POINT('',#10346);
#10348 = EDGE_CURVE('',#10341,#10347,#10345,.T.);
#10349 = ORIENTED_EDGE('',*,*,#10348,.T.);
#10350 = VECTOR('',#368,1.);
#10351 = LINE('',#10346,#10350);
#10352 = EDGE_CURVE('',#10347,#10311,#10351,.T.);
#10353 = ORIENTED_EDGE('',*,*,#10352,.T.);
#10354 = EDGE_LOOP('',(#10313,#10319,#10325,#10331,#10337,#10343,#10349,#10353));
#10355 = FACE_OUTER_BOUND('',#10354,.T.);
#10356 = ADVANCED_FACE('',(#10355),#10306,.T.);
#10357 = AXIS2_PLACEMENT_3D('',#10293,#346,#20);
#10358 = PLANE('',#10357);
#10359 = ORIENTED_EDGE('',*,*,#10295,.F.);
#10360 = VECTOR('',#16,1.);
#10361 = LINE('',#10287,#10360);
#10362 = EDGE_CURVE('',#10288,#10310,#10361,.T.);
#10363 = ORIENTED_EDGE('',*,*,#10362,.T.);
#10364 = ORIENTED_EDGE('',*,*,#10312,.T.);
#10365 = VECTOR('',#16,1.);
#10366 = LINE('',#10293,#10365);
#10367 = EDGE_CURVE('',#10294,#10311,#10366,.T.);
#10368 = ORIENTED_EDGE('',*,*,#10367,.F.);
#10369 = EDGE_LOOP('',(#10359,#10363,#10364,#10368));
#10370 = FACE_OUTER_BOUND('',#10369,.T.);
#10371 = ADVANCED_FACE('',(#10370),#10358,.T.);
#10372 = AXIS2_PLACEMENT_3D('',#10287,#368,#16);
#10373 = PLANE('',#10372);
#10374 = ORIENTED_EDGE('',*,*,#10289,.F.);
#10375 = VECTOR('',#16,1.);
#10376 = LINE('',#10281,#10375);
#10377 = EDGE_CURVE('',#10282,#10317,#10376,.T.);
#10378 = ORIENTED_EDGE('',*,*,#10377,.T.);
#10379 = ORIENTED_EDGE('',*,*,#10318,.T.);
#10380 = ORIENTED_EDGE('',*,*,#10362,.F.);
#10381 = EDGE_LOOP('',(#10374,#10378,#10379,#10380));
#10382 = FACE_OUTER_BOUND('',#10381,.T.);
#10383 = ADVANCED_FACE('',(#10382),#10373,.T.);
#10384 = AXIS2_PLACEMENT_3D('',#10281,#480,#16);
#10385 = PLANE('',#10384);
#10386 = ORIENTED_EDGE('',*,*,#10283,.F.);
#10387 = VECTOR('',#16,1.);
#10388 = LINE('',#10275,#10387);
#10389 = EDGE_CURVE('',#10276,#10323,#10388,.T.);
#10390 = ORIENTED_EDGE('',*,*,#10389,.T.);
#10391 = ORIENTED_EDGE('',*,*,#10324,.T.);
#10392 = ORIENTED_EDGE('',*,*,#10377,.F.);
#10393 = EDGE_LOOP('',(#10386,#10390,#10391,#10392));
#10394 = FACE_OUTER_BOUND('',#10393,.T.);
#10395 = ADVANCED_FACE('',(#10394),#10385,.T.);
#10396 = AXIS2_PLACEMENT_3D('',#10275,#493,#16);
#10397 = PLANE('',#10396);
#10398 = ORIENTED_EDGE('',*,*,#10277,.F.);
#10399 = VECTOR('',#16,1.);
#10400 = LINE('',#10268,#10399);
#10401 = EDGE_CURVE('',#10270,#10329,#10400,.T.);
#10402 = ORIENTED_EDGE('',*,*,#10401,.T.);
#10403 = ORIENTED_EDGE('',*,*,#10330,.T.);
#10404 = ORIENTED_EDGE('',*,*,#10389,.F.);
#10405 = EDGE_LOOP('',(#10398,#10402,#10403,#10404));
#10406 = FACE_OUTER_BOUND('',#10405,.T.);
#10407 = ADVANCED_FACE('',(#10406),#10397,.T.);
#10408 = AXIS2_PLACEMENT_3D('',#10268,#506,#16);
#10409 = PLANE('',#10408);
#10410 = ORIENTED_EDGE('',*,*,#10271,.T.);
#10411 = VECTOR('',#16,1.);
#10412 = LINE('',#10262,#10411);
#10413 = EDGE_CURVE('',#10264,#10335,#10412,.T.);
#10414 = ORIENTED_EDGE('',*,*,#10413,.T.);
#10415 = ORIENTED_EDGE('',*,*,#10336,.F.);
#10416 = ORIENTED_EDGE('',*,*,#10401,.F.);
#10417 = EDGE_LOOP('',(#10410,#10414,#10415,#10416));
#10418 = FACE_OUTER_BOUND('',#10417,.T.);
#10419 = ADVANCED_FACE('',(#10418),#10409,.T.);
#10420 = AXIS2_PLACEMENT_3D('',#10262,#519,#20);
#10421 = PLANE('',#10420);
#10422 = ORIENTED_EDGE('',*,*,#10265,.T.);
#10423 = VECTOR('',#16,1.);
#10424 = LINE('',#10255,#10423);
#10425 = EDGE_CURVE('',#10257,#10341,#10424,.T.);
#10426 = ORIENTED_EDGE('',*,*,#10425,.T.);
#10427 = ORIENTED_EDGE('',*,*,#10342,.F.);
#10428 = ORIENTED_EDGE('',*,*,#10413,.F.);
#10429 = EDGE_LOOP('',(#10422,#10426,#10427,#10428));
#10430 = FACE_OUTER_BOUND('',#10429,.T.);
#10431 = ADVANCED_FACE('',(#10430),#10421,.T.);
#10432 = AXIS2_PLACEMENT_3D('',#10255,#361,#20);
#10433 = PLANE('',#10432);
#10434 = ORIENTED_EDGE('',*,*,#10259,.T.);
#10435 = VECTOR('',#16,1.);
#10436 = LINE('',#10251,#10435);
#10437 = EDGE_CURVE('',#10258,#10347,#10436,.T.);
#10438 = ORIENTED_EDGE('',*,*,#10437,.T.);
#10439 = ORIENTED_EDGE('',*,*,#10348,.F.);
#10440 = ORIENTED_EDGE('',*,*,#10425,.F.);
#10441 = EDGE_LOOP('',(#10434,#10438,#10439,#10440));
#10442 = FACE_OUTER_BOUND('',#10441,.T.);
#10443 = ADVANCED_FACE('',(#10442),#10433,.T.);
#10444 = AXIS2_PLACEMENT_3D('',#10251,#354,#20);
#10445 = PLANE('',#10444);
#10446 = ORIENTED_EDGE('',*,*,#10299,.T.);
#10447 = ORIENTED_EDGE('',*,*,#10367,.T.);
#10448 = ORIENTED_EDGE('',*,*,#10352,.F.);
#10449 = ORIENTED_EDGE('',*,*,#10437,.F.);
#10450 = EDGE_LOOP('',(#10446,#10447,#10448,#10449));
#10451 = FACE_OUTER_BOUND('',#10450,.T.);
#10452 = ADVANCED_FACE('',(#10451),#10445,.T.);
#10453 = CLOSED_SHELL('',(#10303,#10356,#10371,#10383,#10395,#10407,#10419,#10431,#10443,#10452));
#10454 = MANIFOLD_SOLID_BREP('lead',#10453);
#10455 = CARTESIAN_POINT('',(15.406170094,-2.706170094,0.007));
#10456 = AXIS2_PLACEMENT_3D('',#10455,#20,#21);
#10457 = PLANE('',#10456);
#10458 = VECTOR('',#134,1.);
#10459 = CARTESIAN_POINT('',(15.24,-2.775,0.007));
#10460 = LINE('',#10459,#10458);
#10461 = VERTEX_POINT('',#10459);
#10462 = VERTEX_POINT('',#10455);
#10463 = EDGE_CURVE('',#10461,#10462,#10460,.T.);
#10464 = ORIENTED_EDGE('',*,*,#10463,.F.);
#10465 = VECTOR('',#142,1.);
#10466 = CARTESIAN_POINT('',(15.073829906,-2.706170094,0.007));
#10467 = LINE('',#10466,#10465);
#10468 = VERTEX_POINT('',#10466);
#10469 = EDGE_CURVE('',#10468,#10461,#10467,.T.);
#10470 = ORIENTED_EDGE('',*,*,#10469,.F.);
#10471 = VECTOR('',#149,1.);
#10472 = CARTESIAN_POINT('',(15.005,-2.54,0.007));
#10473 = LINE('',#10472,#10471);
#10474 = VERTEX_POINT('',#10472);
#10475 = EDGE_CURVE('',#10474,#10468,#10473,.T.);
#10476 = ORIENTED_EDGE('',*,*,#10475,.F.);
#10477 = VECTOR('',#156,1.);
#10478 = LINE('',#10472,#10477);
#10479 = CARTESIAN_POINT('',(15.073829906,-2.373829906,0.007));
#10480 = VERTEX_POINT('',#10479);
#10481 = EDGE_CURVE('',#10474,#10480,#10478,.T.);
#10482 = ORIENTED_EDGE('',*,*,#10481,.T.);
#10483 = VECTOR('',#134,1.);
#10484 = LINE('',#10479,#10483);
#10485 = CARTESIAN_POINT('',(15.24,-2.305,0.007));
#10486 = VERTEX_POINT('',#10485);
#10487 = EDGE_CURVE('',#10480,#10486,#10484,.T.);
#10488 = ORIENTED_EDGE('',*,*,#10487,.T.);
#10489 = VECTOR('',#142,1.);
#10490 = LINE('',#10485,#10489);
#10491 = CARTESIAN_POINT('',(15.406170094,-2.373829906,0.007));
#10492 = VERTEX_POINT('',#10491);
#10493 = EDGE_CURVE('',#10486,#10492,#10490,.T.);
#10494 = ORIENTED_EDGE('',*,*,#10493,.T.);
#10495 = VECTOR('',#149,1.);
#10496 = LINE('',#10491,#10495);
#10497 = CARTESIAN_POINT('',(15.475,-2.54,0.007));
#10498 = VERTEX_POINT('',#10497);
#10499 = EDGE_CURVE('',#10492,#10498,#10496,.T.);
#10500 = ORIENTED_EDGE('',*,*,#10499,.T.);
#10501 = VECTOR('',#156,1.);
#10502 = LINE('',#10455,#10501);
#10503 = EDGE_CURVE('',#10462,#10498,#10502,.T.);
#10504 = ORIENTED_EDGE('',*,*,#10503,.F.);
#10505 = EDGE_LOOP('',(#10464,#10470,#10476,#10482,#10488,#10494,#10500,#10504));
#10506 = FACE_OUTER_BOUND('',#10505,.T.);
#10507 = ADVANCED_FACE('',(#10506),#10457,.T.);
#10508 = CARTESIAN_POINT('',(15.475,-2.54,4.007));
#10509 = AXIS2_PLACEMENT_3D('',#10508,#16,#51);
#10510 = PLANE('',#10509);
#10511 = VECTOR('',#149,1.);
#10512 = CARTESIAN_POINT('',(15.406170094,-2.373829906,4.007));
#10513 = LINE('',#10512,#10511);
#10514 = VERTEX_POINT('',#10512);
#10515 = VERTEX_POINT('',#10508);
#10516 = EDGE_CURVE('',#10514,#10515,#10513,.T.);
#10517 = ORIENTED_EDGE('',*,*,#10516,.F.);
#10518 = VECTOR('',#142,1.);
#10519 = CARTESIAN_POINT('',(15.24,-2.305,4.007));
#10520 = LINE('',#10519,#10518);
#10521 = VERTEX_POINT('',#10519);
#10522 = EDGE_CURVE('',#10521,#10514,#10520,.T.);
#10523 = ORIENTED_EDGE('',*,*,#10522,.F.);
#10524 = VECTOR('',#134,1.);
#10525 = CARTESIAN_POINT('',(15.073829906,-2.373829906,4.007));
#10526 = LINE('',#10525,#10524);
#10527 = VERTEX_POINT('',#10525);
#10528 = EDGE_CURVE('',#10527,#10521,#10526,.T.);
#10529 = ORIENTED_EDGE('',*,*,#10528,.F.);
#10530 = VECTOR('',#156,1.);
#10531 = CARTESIAN_POINT('',(15.005,-2.54,4.007));
#10532 = LINE('',#10531,#10530);
#10533 = VERTEX_POINT('',#10531);
#10534 = EDGE_CURVE('',#10533,#10527,#10532,.T.);
#10535 = ORIENTED_EDGE('',*,*,#10534,.F.);
#10536 = VECTOR('',#149,1.);
#10537 = LINE('',#10531,#10536);
#10538 = CARTESIAN_POINT('',(15.073829906,-2.706170094,4.007));
#10539 = VERTEX_POINT('',#10538);
#10540 = EDGE_CURVE('',#10533,#10539,#10537,.T.);
#10541 = ORIENTED_EDGE('',*,*,#10540,.T.);
#10542 = VECTOR('',#142,1.);
#10543 = LINE('',#10538,#10542);
#10544 = CARTESIAN_POINT('',(15.24,-2.775,4.007));
#10545 = VERTEX_POINT('',#10544);
#10546 = EDGE_CURVE('',#10539,#10545,#10543,.T.);
#10547 = ORIENTED_EDGE('',*,*,#10546,.T.);
#10548 = VECTOR('',#134,1.);
#10549 = LINE('',#10544,#10548);
#10550 = CARTESIAN_POINT('',(15.406170094,-2.706170094,4.007));
#10551 = VERTEX_POINT('',#10550);
#10552 = EDGE_CURVE('',#10545,#10551,#10549,.T.);
#10553 = ORIENTED_EDGE('',*,*,#10552,.T.);
#10554 = VECTOR('',#156,1.);
#10555 = LINE('',#10550,#10554);
#10556 = EDGE_CURVE('',#10551,#10515,#10555,.T.);
#10557 = ORIENTED_EDGE('',*,*,#10556,.T.);
#10558 = EDGE_LOOP('',(#10517,#10523,#10529,#10535,#10541,#10547,#10553,#10557));
#10559 = FACE_OUTER_BOUND('',#10558,.T.);
#10560 = ADVANCED_FACE('',(#10559),#10510,.T.);
#10561 = AXIS2_PLACEMENT_3D('',#10497,#134,#20);
#10562 = PLANE('',#10561);
#10563 = ORIENTED_EDGE('',*,*,#10499,.F.);
#10564 = VECTOR('',#16,1.);
#10565 = LINE('',#10491,#10564);
#10566 = EDGE_CURVE('',#10492,#10514,#10565,.T.);
#10567 = ORIENTED_EDGE('',*,*,#10566,.T.);
#10568 = ORIENTED_EDGE('',*,*,#10516,.T.);
#10569 = VECTOR('',#16,1.);
#10570 = LINE('',#10497,#10569);
#10571 = EDGE_CURVE('',#10498,#10515,#10570,.T.);
#10572 = ORIENTED_EDGE('',*,*,#10571,.F.);
#10573 = EDGE_LOOP('',(#10563,#10567,#10568,#10572));
#10574 = FACE_OUTER_BOUND('',#10573,.T.);
#10575 = ADVANCED_FACE('',(#10574),#10562,.T.);
#10576 = AXIS2_PLACEMENT_3D('',#10491,#156,#16);
#10577 = PLANE('',#10576);
#10578 = ORIENTED_EDGE('',*,*,#10493,.F.);
#10579 = VECTOR('',#16,1.);
#10580 = LINE('',#10485,#10579);
#10581 = EDGE_CURVE('',#10486,#10521,#10580,.T.);
#10582 = ORIENTED_EDGE('',*,*,#10581,.T.);
#10583 = ORIENTED_EDGE('',*,*,#10522,.T.);
#10584 = ORIENTED_EDGE('',*,*,#10566,.F.);
#10585 = EDGE_LOOP('',(#10578,#10582,#10583,#10584));
#10586 = FACE_OUTER_BOUND('',#10585,.T.);
#10587 = ADVANCED_FACE('',(#10586),#10577,.T.);
#10588 = AXIS2_PLACEMENT_3D('',#10485,#268,#16);
#10589 = PLANE('',#10588);
#10590 = ORIENTED_EDGE('',*,*,#10487,.F.);
#10591 = VECTOR('',#16,1.);
#10592 = LINE('',#10479,#10591);
#10593 = EDGE_CURVE('',#10480,#10527,#10592,.T.);
#10594 = ORIENTED_EDGE('',*,*,#10593,.T.);
#10595 = ORIENTED_EDGE('',*,*,#10528,.T.);
#10596 = ORIENTED_EDGE('',*,*,#10581,.F.);
#10597 = EDGE_LOOP('',(#10590,#10594,#10595,#10596));
#10598 = FACE_OUTER_BOUND('',#10597,.T.);
#10599 = ADVANCED_FACE('',(#10598),#10589,.T.);
#10600 = AXIS2_PLACEMENT_3D('',#10479,#281,#16);
#10601 = PLANE('',#10600);
#10602 = ORIENTED_EDGE('',*,*,#10481,.F.);
#10603 = VECTOR('',#16,1.);
#10604 = LINE('',#10472,#10603);
#10605 = EDGE_CURVE('',#10474,#10533,#10604,.T.);
#10606 = ORIENTED_EDGE('',*,*,#10605,.T.);
#10607 = ORIENTED_EDGE('',*,*,#10534,.T.);
#10608 = ORIENTED_EDGE('',*,*,#10593,.F.);
#10609 = EDGE_LOOP('',(#10602,#10606,#10607,#10608));
#10610 = FACE_OUTER_BOUND('',#10609,.T.);
#10611 = ADVANCED_FACE('',(#10610),#10601,.T.);
#10612 = AXIS2_PLACEMENT_3D('',#10472,#294,#16);
#10613 = PLANE('',#10612);
#10614 = ORIENTED_EDGE('',*,*,#10475,.T.);
#10615 = VECTOR('',#16,1.);
#10616 = LINE('',#10466,#10615);
#10617 = EDGE_CURVE('',#10468,#10539,#10616,.T.);
#10618 = ORIENTED_EDGE('',*,*,#10617,.T.);
#10619 = ORIENTED_EDGE('',*,*,#10540,.F.);
#10620 = ORIENTED_EDGE('',*,*,#10605,.F.);
#10621 = EDGE_LOOP('',(#10614,#10618,#10619,#10620));
#10622 = FACE_OUTER_BOUND('',#10621,.T.);
#10623 = ADVANCED_FACE('',(#10622),#10613,.T.);
#10624 = AXIS2_PLACEMENT_3D('',#10466,#307,#20);
#10625 = PLANE('',#10624);
#10626 = ORIENTED_EDGE('',*,*,#10469,.T.);
#10627 = VECTOR('',#16,1.);
#10628 = LINE('',#10459,#10627);
#10629 = EDGE_CURVE('',#10461,#10545,#10628,.T.);
#10630 = ORIENTED_EDGE('',*,*,#10629,.T.);
#10631 = ORIENTED_EDGE('',*,*,#10546,.F.);
#10632 = ORIENTED_EDGE('',*,*,#10617,.F.);
#10633 = EDGE_LOOP('',(#10626,#10630,#10631,#10632));
#10634 = FACE_OUTER_BOUND('',#10633,.T.);
#10635 = ADVANCED_FACE('',(#10634),#10625,.T.);
#10636 = AXIS2_PLACEMENT_3D('',#10459,#149,#20);
#10637 = PLANE('',#10636);
#10638 = ORIENTED_EDGE('',*,*,#10463,.T.);
#10639 = VECTOR('',#16,1.);
#10640 = LINE('',#10455,#10639);
#10641 = EDGE_CURVE('',#10462,#10551,#10640,.T.);
#10642 = ORIENTED_EDGE('',*,*,#10641,.T.);
#10643 = ORIENTED_EDGE('',*,*,#10552,.F.);
#10644 = ORIENTED_EDGE('',*,*,#10629,.F.);
#10645 = EDGE_LOOP('',(#10638,#10642,#10643,#10644));
#10646 = FACE_OUTER_BOUND('',#10645,.T.);
#10647 = ADVANCED_FACE('',(#10646),#10637,.T.);
#10648 = AXIS2_PLACEMENT_3D('',#10455,#142,#20);
#10649 = PLANE('',#10648);
#10650 = ORIENTED_EDGE('',*,*,#10503,.T.);
#10651 = ORIENTED_EDGE('',*,*,#10571,.T.);
#10652 = ORIENTED_EDGE('',*,*,#10556,.F.);
#10653 = ORIENTED_EDGE('',*,*,#10641,.F.);
#10654 = EDGE_LOOP('',(#10650,#10651,#10652,#10653));
#10655 = FACE_OUTER_BOUND('',#10654,.T.);
#10656 = ADVANCED_FACE('',(#10655),#10649,.T.);
#10657 = CLOSED_SHELL('',(#10507,#10560,#10575,#10587,#10599,#10611,#10623,#10635,#10647,#10656));
#10658 = MANIFOLD_SOLID_BREP('contact',#10657);
#10659 = CARTESIAN_POINT('',(15.469809704,-2.769809704,8.057));
#10660 = AXIS2_PLACEMENT_3D('',#10659,#20,#21);
#10661 = PLANE('',#10660);
#10662 = VECTOR('',#346,1.);
#10663 = CARTESIAN_POINT('',(15.24,-2.865,8.057));
#10664 = LINE('',#10663,#10662);
#10665 = VERTEX_POINT('',#10663);
#10666 = VERTEX_POINT('',#10659);
#10667 = EDGE_CURVE('',#10665,#10666,#10664,.T.);
#10668 = ORIENTED_EDGE('',*,*,#10667,.F.);
#10669 = VECTOR('',#354,1.);
#10670 = CARTESIAN_POINT('',(15.010190296,-2.769809704,8.057));
#10671 = LINE('',#10670,#10669);
#10672 = VERTEX_POINT('',#10670);
#10673 = EDGE_CURVE('',#10672,#10665,#10671,.T.);
#10674 = ORIENTED_EDGE('',*,*,#10673,.F.);
#10675 = VECTOR('',#361,1.);
#10676 = CARTESIAN_POINT('',(14.915,-2.54,8.057));
#10677 = LINE('',#10676,#10675);
#10678 = VERTEX_POINT('',#10676);
#10679 = EDGE_CURVE('',#10678,#10672,#10677,.T.);
#10680 = ORIENTED_EDGE('',*,*,#10679,.F.);
#10681 = VECTOR('',#368,1.);
#10682 = LINE('',#10676,#10681);
#10683 = CARTESIAN_POINT('',(15.010190296,-2.310190296,8.057));
#10684 = VERTEX_POINT('',#10683);
#10685 = EDGE_CURVE('',#10678,#10684,#10682,.T.);
#10686 = ORIENTED_EDGE('',*,*,#10685,.T.);
#10687 = VECTOR('',#346,1.);
#10688 = LINE('',#10683,#10687);
#10689 = CARTESIAN_POINT('',(15.24,-2.215,8.057));
#10690 = VERTEX_POINT('',#10689);
#10691 = EDGE_CURVE('',#10684,#10690,#10688,.T.);
#10692 = ORIENTED_EDGE('',*,*,#10691,.T.);
#10693 = VECTOR('',#354,1.);
#10694 = LINE('',#10689,#10693);
#10695 = CARTESIAN_POINT('',(15.469809704,-2.310190296,8.057));
#10696 = VERTEX_POINT('',#10695);
#10697 = EDGE_CURVE('',#10690,#10696,#10694,.T.);
#10698 = ORIENTED_EDGE('',*,*,#10697,.T.);
#10699 = VECTOR('',#361,1.);
#10700 = LINE('',#10695,#10699);
#10701 = CARTESIAN_POINT('',(15.565,-2.54,8.057));
#10702 = VERTEX_POINT('',#10701);
#10703 = EDGE_CURVE('',#10696,#10702,#10700,.T.);
#10704 = ORIENTED_EDGE('',*,*,#10703,.T.);
#10705 = VECTOR('',#368,1.);
#10706 = LINE('',#10659,#10705);
#10707 = EDGE_CURVE('',#10666,#10702,#10706,.T.);
#10708 = ORIENTED_EDGE('',*,*,#10707,.F.);
#10709 = EDGE_LOOP('',(#10668,#10674,#10680,#10686,#10692,#10698,#10704,#10708));
#10710 = FACE_OUTER_BOUND('',#10709,.T.);
#10711 = ADVANCED_FACE('',(#10710),#10661,.T.);
#10712 = CARTESIAN_POINT('',(15.565,-2.54,10.157));
#10713 = AXIS2_PLACEMENT_3D('',#10712,#16,#51);
#10714 = PLANE('',#10713);
#10715 = VECTOR('',#361,1.);
#10716 = CARTESIAN_POINT('',(15.469809704,-2.310190296,10.157));
#10717 = LINE('',#10716,#10715);
#10718 = VERTEX_POINT('',#10716);
#10719 = VERTEX_POINT('',#10712);
#10720 = EDGE_CURVE('',#10718,#10719,#10717,.T.);
#10721 = ORIENTED_EDGE('',*,*,#10720,.F.);
#10722 = VECTOR('',#354,1.);
#10723 = CARTESIAN_POINT('',(15.24,-2.215,10.157));
#10724 = LINE('',#10723,#10722);
#10725 = VERTEX_POINT('',#10723);
#10726 = EDGE_CURVE('',#10725,#10718,#10724,.T.);
#10727 = ORIENTED_EDGE('',*,*,#10726,.F.);
#10728 = VECTOR('',#346,1.);
#10729 = CARTESIAN_POINT('',(15.010190296,-2.310190296,10.157));
#10730 = LINE('',#10729,#10728);
#10731 = VERTEX_POINT('',#10729);
#10732 = EDGE_CURVE('',#10731,#10725,#10730,.T.);
#10733 = ORIENTED_EDGE('',*,*,#10732,.F.);
#10734 = VECTOR('',#368,1.);
#10735 = CARTESIAN_POINT('',(14.915,-2.54,10.157));
#10736 = LINE('',#10735,#10734);
#10737 = VERTEX_POINT('',#10735);
#10738 = EDGE_CURVE('',#10737,#10731,#10736,.T.);
#10739 = ORIENTED_EDGE('',*,*,#10738,.F.);
#10740 = VECTOR('',#361,1.);
#10741 = LINE('',#10735,#10740);
#10742 = CARTESIAN_POINT('',(15.010190296,-2.769809704,10.157));
#10743 = VERTEX_POINT('',#10742);
#10744 = EDGE_CURVE('',#10737,#10743,#10741,.T.);
#10745 = ORIENTED_EDGE('',*,*,#10744,.T.);
#10746 = VECTOR('',#354,1.);
#10747 = LINE('',#10742,#10746);
#10748 = CARTESIAN_POINT('',(15.24,-2.865,10.157));
#10749 = VERTEX_POINT('',#10748);
#10750 = EDGE_CURVE('',#10743,#10749,#10747,.T.);
#10751 = ORIENTED_EDGE('',*,*,#10750,.T.);
#10752 = VECTOR('',#346,1.);
#10753 = LINE('',#10748,#10752);
#10754 = CARTESIAN_POINT('',(15.469809704,-2.769809704,10.157));
#10755 = VERTEX_POINT('',#10754);
#10756 = EDGE_CURVE('',#10749,#10755,#10753,.T.);
#10757 = ORIENTED_EDGE('',*,*,#10756,.T.);
#10758 = VECTOR('',#368,1.);
#10759 = LINE('',#10754,#10758);
#10760 = EDGE_CURVE('',#10755,#10719,#10759,.T.);
#10761 = ORIENTED_EDGE('',*,*,#10760,.T.);
#10762 = EDGE_LOOP('',(#10721,#10727,#10733,#10739,#10745,#10751,#10757,#10761));
#10763 = FACE_OUTER_BOUND('',#10762,.T.);
#10764 = ADVANCED_FACE('',(#10763),#10714,.T.);
#10765 = AXIS2_PLACEMENT_3D('',#10701,#346,#20);
#10766 = PLANE('',#10765);
#10767 = ORIENTED_EDGE('',*,*,#10703,.F.);
#10768 = VECTOR('',#16,1.);
#10769 = LINE('',#10695,#10768);
#10770 = EDGE_CURVE('',#10696,#10718,#10769,.T.);
#10771 = ORIENTED_EDGE('',*,*,#10770,.T.);
#10772 = ORIENTED_EDGE('',*,*,#10720,.T.);
#10773 = VECTOR('',#16,1.);
#10774 = LINE('',#10701,#10773);
#10775 = EDGE_CURVE('',#10702,#10719,#10774,.T.);
#10776 = ORIENTED_EDGE('',*,*,#10775,.F.);
#10777 = EDGE_LOOP('',(#10767,#10771,#10772,#10776));
#10778 = FACE_OUTER_BOUND('',#10777,.T.);
#10779 = ADVANCED_FACE('',(#10778),#10766,.T.);
#10780 = AXIS2_PLACEMENT_3D('',#10695,#368,#16);
#10781 = PLANE('',#10780);
#10782 = ORIENTED_EDGE('',*,*,#10697,.F.);
#10783 = VECTOR('',#16,1.);
#10784 = LINE('',#10689,#10783);
#10785 = EDGE_CURVE('',#10690,#10725,#10784,.T.);
#10786 = ORIENTED_EDGE('',*,*,#10785,.T.);
#10787 = ORIENTED_EDGE('',*,*,#10726,.T.);
#10788 = ORIENTED_EDGE('',*,*,#10770,.F.);
#10789 = EDGE_LOOP('',(#10782,#10786,#10787,#10788));
#10790 = FACE_OUTER_BOUND('',#10789,.T.);
#10791 = ADVANCED_FACE('',(#10790),#10781,.T.);
#10792 = AXIS2_PLACEMENT_3D('',#10689,#480,#16);
#10793 = PLANE('',#10792);
#10794 = ORIENTED_EDGE('',*,*,#10691,.F.);
#10795 = VECTOR('',#16,1.);
#10796 = LINE('',#10683,#10795);
#10797 = EDGE_CURVE('',#10684,#10731,#10796,.T.);
#10798 = ORIENTED_EDGE('',*,*,#10797,.T.);
#10799 = ORIENTED_EDGE('',*,*,#10732,.T.);
#10800 = ORIENTED_EDGE('',*,*,#10785,.F.);
#10801 = EDGE_LOOP('',(#10794,#10798,#10799,#10800));
#10802 = FACE_OUTER_BOUND('',#10801,.T.);
#10803 = ADVANCED_FACE('',(#10802),#10793,.T.);
#10804 = AXIS2_PLACEMENT_3D('',#10683,#493,#16);
#10805 = PLANE('',#10804);
#10806 = ORIENTED_EDGE('',*,*,#10685,.F.);
#10807 = VECTOR('',#16,1.);
#10808 = LINE('',#10676,#10807);
#10809 = EDGE_CURVE('',#10678,#10737,#10808,.T.);
#10810 = ORIENTED_EDGE('',*,*,#10809,.T.);
#10811 = ORIENTED_EDGE('',*,*,#10738,.T.);
#10812 = ORIENTED_EDGE('',*,*,#10797,.F.);
#10813 = EDGE_LOOP('',(#10806,#10810,#10811,#10812));
#10814 = FACE_OUTER_BOUND('',#10813,.T.);
#10815 = ADVANCED_FACE('',(#10814),#10805,.T.);
#10816 = AXIS2_PLACEMENT_3D('',#10676,#506,#16);
#10817 = PLANE('',#10816);
#10818 = ORIENTED_EDGE('',*,*,#10679,.T.);
#10819 = VECTOR('',#16,1.);
#10820 = LINE('',#10670,#10819);
#10821 = EDGE_CURVE('',#10672,#10743,#10820,.T.);
#10822 = ORIENTED_EDGE('',*,*,#10821,.T.);
#10823 = ORIENTED_EDGE('',*,*,#10744,.F.);
#10824 = ORIENTED_EDGE('',*,*,#10809,.F.);
#10825 = EDGE_LOOP('',(#10818,#10822,#10823,#10824));
#10826 = FACE_OUTER_BOUND('',#10825,.T.);
#10827 = ADVANCED_FACE('',(#10826),#10817,.T.);
#10828 = AXIS2_PLACEMENT_3D('',#10670,#519,#20);
#10829 = PLANE('',#10828);
#10830 = ORIENTED_EDGE('',*,*,#10673,.T.);
#10831 = VECTOR('',#16,1.);
#10832 = LINE('',#10663,#10831);
#10833 = EDGE_CURVE('',#10665,#10749,#10832,.T.);
#10834 = ORIENTED_EDGE('',*,*,#10833,.T.);
#10835 = ORIENTED_EDGE('',*,*,#10750,.F.);
#10836 = ORIENTED_EDGE('',*,*,#10821,.F.);
#10837 = EDGE_LOOP('',(#10830,#10834,#10835,#10836));
#10838 = FACE_OUTER_BOUND('',#10837,.T.);
#10839 = ADVANCED_FACE('',(#10838),#10829,.T.);
#10840 = AXIS2_PLACEMENT_3D('',#10663,#361,#20);
#10841 = PLANE('',#10840);
#10842 = ORIENTED_EDGE('',*,*,#10667,.T.);
#10843 = VECTOR('',#16,1.);
#10844 = LINE('',#10659,#10843);
#10845 = EDGE_CURVE('',#10666,#10755,#10844,.T.);
#10846 = ORIENTED_EDGE('',*,*,#10845,.T.);
#10847 = ORIENTED_EDGE('',*,*,#10756,.F.);
#10848 = ORIENTED_EDGE('',*,*,#10833,.F.);
#10849 = EDGE_LOOP('',(#10842,#10846,#10847,#10848));
#10850 = FACE_OUTER_BOUND('',#10849,.T.);
#10851 = ADVANCED_FACE('',(#10850),#10841,.T.);
#10852 = AXIS2_PLACEMENT_3D('',#10659,#354,#20);
#10853 = PLANE('',#10852);
#10854 = ORIENTED_EDGE('',*,*,#10707,.T.);
#10855 = ORIENTED_EDGE('',*,*,#10775,.T.);
#10856 = ORIENTED_EDGE('',*,*,#10760,.F.);
#10857 = ORIENTED_EDGE('',*,*,#10845,.F.);
#10858 = EDGE_LOOP('',(#10854,#10855,#10856,#10857));
#10859 = FACE_OUTER_BOUND('',#10858,.T.);
#10860 = ADVANCED_FACE('',(#10859),#10853,.T.);
#10861 = CLOSED_SHELL('',(#10711,#10764,#10779,#10791,#10803,#10815,#10827,#10839,#10851,#10860));
#10862 = MANIFOLD_SOLID_BREP('lead',#10861);
#10863 = CARTESIAN_POINT('',(15.406170094,-5.246170094,0.007));
#10864 = AXIS2_PLACEMENT_3D('',#10863,#20,#21);
#10865 = PLANE('',#10864);
#10866 = VECTOR('',#134,1.);
#10867 = CARTESIAN_POINT('',(15.24,-5.315,0.007));
#10868 = LINE('',#10867,#10866);
#10869 = VERTEX_POINT('',#10867);
#10870 = VERTEX_POINT('',#10863);
#10871 = EDGE_CURVE('',#10869,#10870,#10868,.T.);
#10872 = ORIENTED_EDGE('',*,*,#10871,.F.);
#10873 = VECTOR('',#142,1.);
#10874 = CARTESIAN_POINT('',(15.073829906,-5.246170094,0.007));
#10875 = LINE('',#10874,#10873);
#10876 = VERTEX_POINT('',#10874);
#10877 = EDGE_CURVE('',#10876,#10869,#10875,.T.);
#10878 = ORIENTED_EDGE('',*,*,#10877,.F.);
#10879 = VECTOR('',#149,1.);
#10880 = CARTESIAN_POINT('',(15.005,-5.08,0.007));
#10881 = LINE('',#10880,#10879);
#10882 = VERTEX_POINT('',#10880);
#10883 = EDGE_CURVE('',#10882,#10876,#10881,.T.);
#10884 = ORIENTED_EDGE('',*,*,#10883,.F.);
#10885 = VECTOR('',#156,1.);
#10886 = LINE('',#10880,#10885);
#10887 = CARTESIAN_POINT('',(15.073829906,-4.913829906,0.007));
#10888 = VERTEX_POINT('',#10887);
#10889 = EDGE_CURVE('',#10882,#10888,#10886,.T.);
#10890 = ORIENTED_EDGE('',*,*,#10889,.T.);
#10891 = VECTOR('',#134,1.);
#10892 = LINE('',#10887,#10891);
#10893 = CARTESIAN_POINT('',(15.24,-4.845,0.007));
#10894 = VERTEX_POINT('',#10893);
#10895 = EDGE_CURVE('',#10888,#10894,#10892,.T.);
#10896 = ORIENTED_EDGE('',*,*,#10895,.T.);
#10897 = VECTOR('',#142,1.);
#10898 = LINE('',#10893,#10897);
#10899 = CARTESIAN_POINT('',(15.406170094,-4.913829906,0.007));
#10900 = VERTEX_POINT('',#10899);
#10901 = EDGE_CURVE('',#10894,#10900,#10898,.T.);
#10902 = ORIENTED_EDGE('',*,*,#10901,.T.);
#10903 = VECTOR('',#149,1.);
#10904 = LINE('',#10899,#10903);
#10905 = CARTESIAN_POINT('',(15.475,-5.08,0.007));
#10906 = VERTEX_POINT('',#10905);
#10907 = EDGE_CURVE('',#10900,#10906,#10904,.T.);
#10908 = ORIENTED_EDGE('',*,*,#10907,.T.);
#10909 = VECTOR('',#156,1.);
#10910 = LINE('',#10863,#10909);
#10911 = EDGE_CURVE('',#10870,#10906,#10910,.T.);
#10912 = ORIENTED_EDGE('',*,*,#10911,.F.);
#10913 = EDGE_LOOP('',(#10872,#10878,#10884,#10890,#10896,#10902,#10908,#10912));
#10914 = FACE_OUTER_BOUND('',#10913,.T.);
#10915 = ADVANCED_FACE('',(#10914),#10865,.T.);
#10916 = CARTESIAN_POINT('',(15.475,-5.08,4.007));
#10917 = AXIS2_PLACEMENT_3D('',#10916,#16,#51);
#10918 = PLANE('',#10917);
#10919 = VECTOR('',#149,1.);
#10920 = CARTESIAN_POINT('',(15.406170094,-4.913829906,4.007));
#10921 = LINE('',#10920,#10919);
#10922 = VERTEX_POINT('',#10920);
#10923 = VERTEX_POINT('',#10916);
#10924 = EDGE_CURVE('',#10922,#10923,#10921,.T.);
#10925 = ORIENTED_EDGE('',*,*,#10924,.F.);
#10926 = VECTOR('',#142,1.);
#10927 = CARTESIAN_POINT('',(15.24,-4.845,4.007));
#10928 = LINE('',#10927,#10926);
#10929 = VERTEX_POINT('',#10927);
#10930 = EDGE_CURVE('',#10929,#10922,#10928,.T.);
#10931 = ORIENTED_EDGE('',*,*,#10930,.F.);
#10932 = VECTOR('',#134,1.);
#10933 = CARTESIAN_POINT('',(15.073829906,-4.913829906,4.007));
#10934 = LINE('',#10933,#10932);
#10935 = VERTEX_POINT('',#10933);
#10936 = EDGE_CURVE('',#10935,#10929,#10934,.T.);
#10937 = ORIENTED_EDGE('',*,*,#10936,.F.);
#10938 = VECTOR('',#156,1.);
#10939 = CARTESIAN_POINT('',(15.005,-5.08,4.007));
#10940 = LINE('',#10939,#10938);
#10941 = VERTEX_POINT('',#10939);
#10942 = EDGE_CURVE('',#10941,#10935,#10940,.T.);
#10943 = ORIENTED_EDGE('',*,*,#10942,.F.);
#10944 = VECTOR('',#149,1.);
#10945 = LINE('',#10939,#10944);
#10946 = CARTESIAN_POINT('',(15.073829906,-5.246170094,4.007));
#10947 = VERTEX_POINT('',#10946);
#10948 = EDGE_CURVE('',#10941,#10947,#10945,.T.);
#10949 = ORIENTED_EDGE('',*,*,#10948,.T.);
#10950 = VECTOR('',#142,1.);
#10951 = LINE('',#10946,#10950);
#10952 = CARTESIAN_POINT('',(15.24,-5.315,4.007));
#10953 = VERTEX_POINT('',#10952);
#10954 = EDGE_CURVE('',#10947,#10953,#10951,.T.);
#10955 = ORIENTED_EDGE('',*,*,#10954,.T.);
#10956 = VECTOR('',#134,1.);
#10957 = LINE('',#10952,#10956);
#10958 = CARTESIAN_POINT('',(15.406170094,-5.246170094,4.007));
#10959 = VERTEX_POINT('',#10958);
#10960 = EDGE_CURVE('',#10953,#10959,#10957,.T.);
#10961 = ORIENTED_EDGE('',*,*,#10960,.T.);
#10962 = VECTOR('',#156,1.);
#10963 = LINE('',#10958,#10962);
#10964 = EDGE_CURVE('',#10959,#10923,#10963,.T.);
#10965 = ORIENTED_EDGE('',*,*,#10964,.T.);
#10966 = EDGE_LOOP('',(#10925,#10931,#10937,#10943,#10949,#10955,#10961,#10965));
#10967 = FACE_OUTER_BOUND('',#10966,.T.);
#10968 = ADVANCED_FACE('',(#10967),#10918,.T.);
#10969 = AXIS2_PLACEMENT_3D('',#10905,#134,#20);
#10970 = PLANE('',#10969);
#10971 = ORIENTED_EDGE('',*,*,#10907,.F.);
#10972 = VECTOR('',#16,1.);
#10973 = LINE('',#10899,#10972);
#10974 = EDGE_CURVE('',#10900,#10922,#10973,.T.);
#10975 = ORIENTED_EDGE('',*,*,#10974,.T.);
#10976 = ORIENTED_EDGE('',*,*,#10924,.T.);
#10977 = VECTOR('',#16,1.);
#10978 = LINE('',#10905,#10977);
#10979 = EDGE_CURVE('',#10906,#10923,#10978,.T.);
#10980 = ORIENTED_EDGE('',*,*,#10979,.F.);
#10981 = EDGE_LOOP('',(#10971,#10975,#10976,#10980));
#10982 = FACE_OUTER_BOUND('',#10981,.T.);
#10983 = ADVANCED_FACE('',(#10982),#10970,.T.);
#10984 = AXIS2_PLACEMENT_3D('',#10899,#156,#16);
#10985 = PLANE('',#10984);
#10986 = ORIENTED_EDGE('',*,*,#10901,.F.);
#10987 = VECTOR('',#16,1.);
#10988 = LINE('',#10893,#10987);
#10989 = EDGE_CURVE('',#10894,#10929,#10988,.T.);
#10990 = ORIENTED_EDGE('',*,*,#10989,.T.);
#10991 = ORIENTED_EDGE('',*,*,#10930,.T.);
#10992 = ORIENTED_EDGE('',*,*,#10974,.F.);
#10993 = EDGE_LOOP('',(#10986,#10990,#10991,#10992));
#10994 = FACE_OUTER_BOUND('',#10993,.T.);
#10995 = ADVANCED_FACE('',(#10994),#10985,.T.);
#10996 = AXIS2_PLACEMENT_3D('',#10893,#268,#16);
#10997 = PLANE('',#10996);
#10998 = ORIENTED_EDGE('',*,*,#10895,.F.);
#10999 = VECTOR('',#16,1.);
#11000 = LINE('',#10887,#10999);
#11001 = EDGE_CURVE('',#10888,#10935,#11000,.T.);
#11002 = ORIENTED_EDGE('',*,*,#11001,.T.);
#11003 = ORIENTED_EDGE('',*,*,#10936,.T.);
#11004 = ORIENTED_EDGE('',*,*,#10989,.F.);
#11005 = EDGE_LOOP('',(#10998,#11002,#11003,#11004));
#11006 = FACE_OUTER_BOUND('',#11005,.T.);
#11007 = ADVANCED_FACE('',(#11006),#10997,.T.);
#11008 = AXIS2_PLACEMENT_3D('',#10887,#281,#16);
#11009 = PLANE('',#11008);
#11010 = ORIENTED_EDGE('',*,*,#10889,.F.);
#11011 = VECTOR('',#16,1.);
#11012 = LINE('',#10880,#11011);
#11013 = EDGE_CURVE('',#10882,#10941,#11012,.T.);
#11014 = ORIENTED_EDGE('',*,*,#11013,.T.);
#11015 = ORIENTED_EDGE('',*,*,#10942,.T.);
#11016 = ORIENTED_EDGE('',*,*,#11001,.F.);
#11017 = EDGE_LOOP('',(#11010,#11014,#11015,#11016));
#11018 = FACE_OUTER_BOUND('',#11017,.T.);
#11019 = ADVANCED_FACE('',(#11018),#11009,.T.);
#11020 = AXIS2_PLACEMENT_3D('',#10880,#294,#16);
#11021 = PLANE('',#11020);
#11022 = ORIENTED_EDGE('',*,*,#10883,.T.);
#11023 = VECTOR('',#16,1.);
#11024 = LINE('',#10874,#11023);
#11025 = EDGE_CURVE('',#10876,#10947,#11024,.T.);
#11026 = ORIENTED_EDGE('',*,*,#11025,.T.);
#11027 = ORIENTED_EDGE('',*,*,#10948,.F.);
#11028 = ORIENTED_EDGE('',*,*,#11013,.F.);
#11029 = EDGE_LOOP('',(#11022,#11026,#11027,#11028));
#11030 = FACE_OUTER_BOUND('',#11029,.T.);
#11031 = ADVANCED_FACE('',(#11030),#11021,.T.);
#11032 = AXIS2_PLACEMENT_3D('',#10874,#307,#20);
#11033 = PLANE('',#11032);
#11034 = ORIENTED_EDGE('',*,*,#10877,.T.);
#11035 = VECTOR('',#16,1.);
#11036 = LINE('',#10867,#11035);
#11037 = EDGE_CURVE('',#10869,#10953,#11036,.T.);
#11038 = ORIENTED_EDGE('',*,*,#11037,.T.);
#11039 = ORIENTED_EDGE('',*,*,#10954,.F.);
#11040 = ORIENTED_EDGE('',*,*,#11025,.F.);
#11041 = EDGE_LOOP('',(#11034,#11038,#11039,#11040));
#11042 = FACE_OUTER_BOUND('',#11041,.T.);
#11043 = ADVANCED_FACE('',(#11042),#11033,.T.);
#11044 = AXIS2_PLACEMENT_3D('',#10867,#149,#20);
#11045 = PLANE('',#11044);
#11046 = ORIENTED_EDGE('',*,*,#10871,.T.);
#11047 = VECTOR('',#16,1.);
#11048 = LINE('',#10863,#11047);
#11049 = EDGE_CURVE('',#10870,#10959,#11048,.T.);
#11050 = ORIENTED_EDGE('',*,*,#11049,.T.);
#11051 = ORIENTED_EDGE('',*,*,#10960,.F.);
#11052 = ORIENTED_EDGE('',*,*,#11037,.F.);
#11053 = EDGE_LOOP('',(#11046,#11050,#11051,#11052));
#11054 = FACE_OUTER_BOUND('',#11053,.T.);
#11055 = ADVANCED_FACE('',(#11054),#11045,.T.);
#11056 = AXIS2_PLACEMENT_3D('',#10863,#142,#20);
#11057 = PLANE('',#11056);
#11058 = ORIENTED_EDGE('',*,*,#10911,.T.);
#11059 = ORIENTED_EDGE('',*,*,#10979,.T.);
#11060 = ORIENTED_EDGE('',*,*,#10964,.F.);
#11061 = ORIENTED_EDGE('',*,*,#11049,.F.);
#11062 = EDGE_LOOP('',(#11058,#11059,#11060,#11061));
#11063 = FACE_OUTER_BOUND('',#11062,.T.);
#11064 = ADVANCED_FACE('',(#11063),#11057,.T.);
#11065 = CLOSED_SHELL('',(#10915,#10968,#10983,#10995,#11007,#11019,#11031,#11043,#11055,#11064));
#11066 = MANIFOLD_SOLID_BREP('contact',#11065);
#11067 = CARTESIAN_POINT('',(15.469809704,-5.309809704,8.057));
#11068 = AXIS2_PLACEMENT_3D('',#11067,#20,#21);
#11069 = PLANE('',#11068);
#11070 = VECTOR('',#346,1.);
#11071 = CARTESIAN_POINT('',(15.24,-5.405,8.057));
#11072 = LINE('',#11071,#11070);
#11073 = VERTEX_POINT('',#11071);
#11074 = VERTEX_POINT('',#11067);
#11075 = EDGE_CURVE('',#11073,#11074,#11072,.T.);
#11076 = ORIENTED_EDGE('',*,*,#11075,.F.);
#11077 = VECTOR('',#354,1.);
#11078 = CARTESIAN_POINT('',(15.010190296,-5.309809704,8.057));
#11079 = LINE('',#11078,#11077);
#11080 = VERTEX_POINT('',#11078);
#11081 = EDGE_CURVE('',#11080,#11073,#11079,.T.);
#11082 = ORIENTED_EDGE('',*,*,#11081,.F.);
#11083 = VECTOR('',#361,1.);
#11084 = CARTESIAN_POINT('',(14.915,-5.08,8.057));
#11085 = LINE('',#11084,#11083);
#11086 = VERTEX_POINT('',#11084);
#11087 = EDGE_CURVE('',#11086,#11080,#11085,.T.);
#11088 = ORIENTED_EDGE('',*,*,#11087,.F.);
#11089 = VECTOR('',#368,1.);
#11090 = LINE('',#11084,#11089);
#11091 = CARTESIAN_POINT('',(15.010190296,-4.850190296,8.057));
#11092 = VERTEX_POINT('',#11091);
#11093 = EDGE_CURVE('',#11086,#11092,#11090,.T.);
#11094 = ORIENTED_EDGE('',*,*,#11093,.T.);
#11095 = VECTOR('',#346,1.);
#11096 = LINE('',#11091,#11095);
#11097 = CARTESIAN_POINT('',(15.24,-4.755,8.057));
#11098 = VERTEX_POINT('',#11097);
#11099 = EDGE_CURVE('',#11092,#11098,#11096,.T.);
#11100 = ORIENTED_EDGE('',*,*,#11099,.T.);
#11101 = VECTOR('',#354,1.);
#11102 = LINE('',#11097,#11101);
#11103 = CARTESIAN_POINT('',(15.469809704,-4.850190296,8.057));
#11104 = VERTEX_POINT('',#11103);
#11105 = EDGE_CURVE('',#11098,#11104,#11102,.T.);
#11106 = ORIENTED_EDGE('',*,*,#11105,.T.);
#11107 = VECTOR('',#361,1.);
#11108 = LINE('',#11103,#11107);
#11109 = CARTESIAN_POINT('',(15.565,-5.08,8.057));
#11110 = VERTEX_POINT('',#11109);
#11111 = EDGE_CURVE('',#11104,#11110,#11108,.T.);
#11112 = ORIENTED_EDGE('',*,*,#11111,.T.);
#11113 = VECTOR('',#368,1.);
#11114 = LINE('',#11067,#11113);
#11115 = EDGE_CURVE('',#11074,#11110,#11114,.T.);
#11116 = ORIENTED_EDGE('',*,*,#11115,.F.);
#11117 = EDGE_LOOP('',(#11076,#11082,#11088,#11094,#11100,#11106,#11112,#11116));
#11118 = FACE_OUTER_BOUND('',#11117,.T.);
#11119 = ADVANCED_FACE('',(#11118),#11069,.T.);
#11120 = CARTESIAN_POINT('',(15.565,-5.08,10.157));
#11121 = AXIS2_PLACEMENT_3D('',#11120,#16,#51);
#11122 = PLANE('',#11121);
#11123 = VECTOR('',#361,1.);
#11124 = CARTESIAN_POINT('',(15.469809704,-4.850190296,10.157));
#11125 = LINE('',#11124,#11123);
#11126 = VERTEX_POINT('',#11124);
#11127 = VERTEX_POINT('',#11120);
#11128 = EDGE_CURVE('',#11126,#11127,#11125,.T.);
#11129 = ORIENTED_EDGE('',*,*,#11128,.F.);
#11130 = VECTOR('',#354,1.);
#11131 = CARTESIAN_POINT('',(15.24,-4.755,10.157));
#11132 = LINE('',#11131,#11130);
#11133 = VERTEX_POINT('',#11131);
#11134 = EDGE_CURVE('',#11133,#11126,#11132,.T.);
#11135 = ORIENTED_EDGE('',*,*,#11134,.F.);
#11136 = VECTOR('',#346,1.);
#11137 = CARTESIAN_POINT('',(15.010190296,-4.850190296,10.157));
#11138 = LINE('',#11137,#11136);
#11139 = VERTEX_POINT('',#11137);
#11140 = EDGE_CURVE('',#11139,#11133,#11138,.T.);
#11141 = ORIENTED_EDGE('',*,*,#11140,.F.);
#11142 = VECTOR('',#368,1.);
#11143 = CARTESIAN_POINT('',(14.915,-5.08,10.157));
#11144 = LINE('',#11143,#11142);
#11145 = VERTEX_POINT('',#11143);
#11146 = EDGE_CURVE('',#11145,#11139,#11144,.T.);
#11147 = ORIENTED_EDGE('',*,*,#11146,.F.);
#11148 = VECTOR('',#361,1.);
#11149 = LINE('',#11143,#11148);
#11150 = CARTESIAN_POINT('',(15.010190296,-5.309809704,10.157));
#11151 = VERTEX_POINT('',#11150);
#11152 = EDGE_CURVE('',#11145,#11151,#11149,.T.);
#11153 = ORIENTED_EDGE('',*,*,#11152,.T.);
#11154 = VECTOR('',#354,1.);
#11155 = LINE('',#11150,#11154);
#11156 = CARTESIAN_POINT('',(15.24,-5.405,10.157));
#11157 = VERTEX_POINT('',#11156);
#11158 = EDGE_CURVE('',#11151,#11157,#11155,.T.);
#11159 = ORIENTED_EDGE('',*,*,#11158,.T.);
#11160 = VECTOR('',#346,1.);
#11161 = LINE('',#11156,#11160);
#11162 = CARTESIAN_POINT('',(15.469809704,-5.309809704,10.157));
#11163 = VERTEX_POINT('',#11162);
#11164 = EDGE_CURVE('',#11157,#11163,#11161,.T.);
#11165 = ORIENTED_EDGE('',*,*,#11164,.T.);
#11166 = VECTOR('',#368,1.);
#11167 = LINE('',#11162,#11166);
#11168 = EDGE_CURVE('',#11163,#11127,#11167,.T.);
#11169 = ORIENTED_EDGE('',*,*,#11168,.T.);
#11170 = EDGE_LOOP('',(#11129,#11135,#11141,#11147,#11153,#11159,#11165,#11169));
#11171 = FACE_OUTER_BOUND('',#11170,.T.);
#11172 = ADVANCED_FACE('',(#11171),#11122,.T.);
#11173 = AXIS2_PLACEMENT_3D('',#11109,#346,#20);
#11174 = PLANE('',#11173);
#11175 = ORIENTED_EDGE('',*,*,#11111,.F.);
#11176 = VECTOR('',#16,1.);
#11177 = LINE('',#11103,#11176);
#11178 = EDGE_CURVE('',#11104,#11126,#11177,.T.);
#11179 = ORIENTED_EDGE('',*,*,#11178,.T.);
#11180 = ORIENTED_EDGE('',*,*,#11128,.T.);
#11181 = VECTOR('',#16,1.);
#11182 = LINE('',#11109,#11181);
#11183 = EDGE_CURVE('',#11110,#11127,#11182,.T.);
#11184 = ORIENTED_EDGE('',*,*,#11183,.F.);
#11185 = EDGE_LOOP('',(#11175,#11179,#11180,#11184));
#11186 = FACE_OUTER_BOUND('',#11185,.T.);
#11187 = ADVANCED_FACE('',(#11186),#11174,.T.);
#11188 = AXIS2_PLACEMENT_3D('',#11103,#368,#16);
#11189 = PLANE('',#11188);
#11190 = ORIENTED_EDGE('',*,*,#11105,.F.);
#11191 = VECTOR('',#16,1.);
#11192 = LINE('',#11097,#11191);
#11193 = EDGE_CURVE('',#11098,#11133,#11192,.T.);
#11194 = ORIENTED_EDGE('',*,*,#11193,.T.);
#11195 = ORIENTED_EDGE('',*,*,#11134,.T.);
#11196 = ORIENTED_EDGE('',*,*,#11178,.F.);
#11197 = EDGE_LOOP('',(#11190,#11194,#11195,#11196));
#11198 = FACE_OUTER_BOUND('',#11197,.T.);
#11199 = ADVANCED_FACE('',(#11198),#11189,.T.);
#11200 = AXIS2_PLACEMENT_3D('',#11097,#480,#16);
#11201 = PLANE('',#11200);
#11202 = ORIENTED_EDGE('',*,*,#11099,.F.);
#11203 = VECTOR('',#16,1.);
#11204 = LINE('',#11091,#11203);
#11205 = EDGE_CURVE('',#11092,#11139,#11204,.T.);
#11206 = ORIENTED_EDGE('',*,*,#11205,.T.);
#11207 = ORIENTED_EDGE('',*,*,#11140,.T.);
#11208 = ORIENTED_EDGE('',*,*,#11193,.F.);
#11209 = EDGE_LOOP('',(#11202,#11206,#11207,#11208));
#11210 = FACE_OUTER_BOUND('',#11209,.T.);
#11211 = ADVANCED_FACE('',(#11210),#11201,.T.);
#11212 = AXIS2_PLACEMENT_3D('',#11091,#493,#16);
#11213 = PLANE('',#11212);
#11214 = ORIENTED_EDGE('',*,*,#11093,.F.);
#11215 = VECTOR('',#16,1.);
#11216 = LINE('',#11084,#11215);
#11217 = EDGE_CURVE('',#11086,#11145,#11216,.T.);
#11218 = ORIENTED_EDGE('',*,*,#11217,.T.);
#11219 = ORIENTED_EDGE('',*,*,#11146,.T.);
#11220 = ORIENTED_EDGE('',*,*,#11205,.F.);
#11221 = EDGE_LOOP('',(#11214,#11218,#11219,#11220));
#11222 = FACE_OUTER_BOUND('',#11221,.T.);
#11223 = ADVANCED_FACE('',(#11222),#11213,.T.);
#11224 = AXIS2_PLACEMENT_3D('',#11084,#506,#16);
#11225 = PLANE('',#11224);
#11226 = ORIENTED_EDGE('',*,*,#11087,.T.);
#11227 = VECTOR('',#16,1.);
#11228 = LINE('',#11078,#11227);
#11229 = EDGE_CURVE('',#11080,#11151,#11228,.T.);
#11230 = ORIENTED_EDGE('',*,*,#11229,.T.);
#11231 = ORIENTED_EDGE('',*,*,#11152,.F.);
#11232 = ORIENTED_EDGE('',*,*,#11217,.F.);
#11233 = EDGE_LOOP('',(#11226,#11230,#11231,#11232));
#11234 = FACE_OUTER_BOUND('',#11233,.T.);
#11235 = ADVANCED_FACE('',(#11234),#11225,.T.);
#11236 = AXIS2_PLACEMENT_3D('',#11078,#519,#20);
#11237 = PLANE('',#11236);
#11238 = ORIENTED_EDGE('',*,*,#11081,.T.);
#11239 = VECTOR('',#16,1.);
#11240 = LINE('',#11071,#11239);
#11241 = EDGE_CURVE('',#11073,#11157,#11240,.T.);
#11242 = ORIENTED_EDGE('',*,*,#11241,.T.);
#11243 = ORIENTED_EDGE('',*,*,#11158,.F.);
#11244 = ORIENTED_EDGE('',*,*,#11229,.F.);
#11245 = EDGE_LOOP('',(#11238,#11242,#11243,#11244));
#11246 = FACE_OUTER_BOUND('',#11245,.T.);
#11247 = ADVANCED_FACE('',(#11246),#11237,.T.);
#11248 = AXIS2_PLACEMENT_3D('',#11071,#361,#20);
#11249 = PLANE('',#11248);
#11250 = ORIENTED_EDGE('',*,*,#11075,.T.);
#11251 = VECTOR('',#16,1.);
#11252 = LINE('',#11067,#11251);
#11253 = EDGE_CURVE('',#11074,#11163,#11252,.T.);
#11254 = ORIENTED_EDGE('',*,*,#11253,.T.);
#11255 = ORIENTED_EDGE('',*,*,#11164,.F.);
#11256 = ORIENTED_EDGE('',*,*,#11241,.F.);
#11257 = EDGE_LOOP('',(#11250,#11254,#11255,#11256));
#11258 = FACE_OUTER_BOUND('',#11257,.T.);
#11259 = ADVANCED_FACE('',(#11258),#11249,.T.);
#11260 = AXIS2_PLACEMENT_3D('',#11067,#354,#20);
#11261 = PLANE('',#11260);
#11262 = ORIENTED_EDGE('',*,*,#11115,.T.);
#11263 = ORIENTED_EDGE('',*,*,#11183,.T.);
#11264 = ORIENTED_EDGE('',*,*,#11168,.F.);
#11265 = ORIENTED_EDGE('',*,*,#11253,.F.);
#11266 = EDGE_LOOP('',(#11262,#11263,#11264,#11265));
#11267 = FACE_OUTER_BOUND('',#11266,.T.);
#11268 = ADVANCED_FACE('',(#11267),#11261,.T.);
#11269 = CLOSED_SHELL('',(#11119,#11172,#11187,#11199,#11211,#11223,#11235,#11247,#11259,#11268));
#11270 = MANIFOLD_SOLID_BREP('lead',#11269);
#11271 = CARTESIAN_POINT('',(15.406170094,-7.786170094,0.007));
#11272 = AXIS2_PLACEMENT_3D('',#11271,#20,#21);
#11273 = PLANE('',#11272);
#11274 = VECTOR('',#134,1.);
#11275 = CARTESIAN_POINT('',(15.24,-7.855,0.007));
#11276 = LINE('',#11275,#11274);
#11277 = VERTEX_POINT('',#11275);
#11278 = VERTEX_POINT('',#11271);
#11279 = EDGE_CURVE('',#11277,#11278,#11276,.T.);
#11280 = ORIENTED_EDGE('',*,*,#11279,.F.);
#11281 = VECTOR('',#142,1.);
#11282 = CARTESIAN_POINT('',(15.073829906,-7.786170094,0.007));
#11283 = LINE('',#11282,#11281);
#11284 = VERTEX_POINT('',#11282);
#11285 = EDGE_CURVE('',#11284,#11277,#11283,.T.);
#11286 = ORIENTED_EDGE('',*,*,#11285,.F.);
#11287 = VECTOR('',#149,1.);
#11288 = CARTESIAN_POINT('',(15.005,-7.62,0.007));
#11289 = LINE('',#11288,#11287);
#11290 = VERTEX_POINT('',#11288);
#11291 = EDGE_CURVE('',#11290,#11284,#11289,.T.);
#11292 = ORIENTED_EDGE('',*,*,#11291,.F.);
#11293 = VECTOR('',#156,1.);
#11294 = LINE('',#11288,#11293);
#11295 = CARTESIAN_POINT('',(15.073829906,-7.453829906,0.007));
#11296 = VERTEX_POINT('',#11295);
#11297 = EDGE_CURVE('',#11290,#11296,#11294,.T.);
#11298 = ORIENTED_EDGE('',*,*,#11297,.T.);
#11299 = VECTOR('',#134,1.);
#11300 = LINE('',#11295,#11299);
#11301 = CARTESIAN_POINT('',(15.24,-7.385,0.007));
#11302 = VERTEX_POINT('',#11301);
#11303 = EDGE_CURVE('',#11296,#11302,#11300,.T.);
#11304 = ORIENTED_EDGE('',*,*,#11303,.T.);
#11305 = VECTOR('',#142,1.);
#11306 = LINE('',#11301,#11305);
#11307 = CARTESIAN_POINT('',(15.406170094,-7.453829906,0.007));
#11308 = VERTEX_POINT('',#11307);
#11309 = EDGE_CURVE('',#11302,#11308,#11306,.T.);
#11310 = ORIENTED_EDGE('',*,*,#11309,.T.);
#11311 = VECTOR('',#149,1.);
#11312 = LINE('',#11307,#11311);
#11313 = CARTESIAN_POINT('',(15.475,-7.62,0.007));
#11314 = VERTEX_POINT('',#11313);
#11315 = EDGE_CURVE('',#11308,#11314,#11312,.T.);
#11316 = ORIENTED_EDGE('',*,*,#11315,.T.);
#11317 = VECTOR('',#156,1.);
#11318 = LINE('',#11271,#11317);
#11319 = EDGE_CURVE('',#11278,#11314,#11318,.T.);
#11320 = ORIENTED_EDGE('',*,*,#11319,.F.);
#11321 = EDGE_LOOP('',(#11280,#11286,#11292,#11298,#11304,#11310,#11316,#11320));
#11322 = FACE_OUTER_BOUND('',#11321,.T.);
#11323 = ADVANCED_FACE('',(#11322),#11273,.T.);
#11324 = CARTESIAN_POINT('',(15.475,-7.62,4.007));
#11325 = AXIS2_PLACEMENT_3D('',#11324,#16,#51);
#11326 = PLANE('',#11325);
#11327 = VECTOR('',#149,1.);
#11328 = CARTESIAN_POINT('',(15.406170094,-7.453829906,4.007));
#11329 = LINE('',#11328,#11327);
#11330 = VERTEX_POINT('',#11328);
#11331 = VERTEX_POINT('',#11324);
#11332 = EDGE_CURVE('',#11330,#11331,#11329,.T.);
#11333 = ORIENTED_EDGE('',*,*,#11332,.F.);
#11334 = VECTOR('',#142,1.);
#11335 = CARTESIAN_POINT('',(15.24,-7.385,4.007));
#11336 = LINE('',#11335,#11334);
#11337 = VERTEX_POINT('',#11335);
#11338 = EDGE_CURVE('',#11337,#11330,#11336,.T.);
#11339 = ORIENTED_EDGE('',*,*,#11338,.F.);
#11340 = VECTOR('',#134,1.);
#11341 = CARTESIAN_POINT('',(15.073829906,-7.453829906,4.007));
#11342 = LINE('',#11341,#11340);
#11343 = VERTEX_POINT('',#11341);
#11344 = EDGE_CURVE('',#11343,#11337,#11342,.T.);
#11345 = ORIENTED_EDGE('',*,*,#11344,.F.);
#11346 = VECTOR('',#156,1.);
#11347 = CARTESIAN_POINT('',(15.005,-7.62,4.007));
#11348 = LINE('',#11347,#11346);
#11349 = VERTEX_POINT('',#11347);
#11350 = EDGE_CURVE('',#11349,#11343,#11348,.T.);
#11351 = ORIENTED_EDGE('',*,*,#11350,.F.);
#11352 = VECTOR('',#149,1.);
#11353 = LINE('',#11347,#11352);
#11354 = CARTESIAN_POINT('',(15.073829906,-7.786170094,4.007));
#11355 = VERTEX_POINT('',#11354);
#11356 = EDGE_CURVE('',#11349,#11355,#11353,.T.);
#11357 = ORIENTED_EDGE('',*,*,#11356,.T.);
#11358 = VECTOR('',#142,1.);
#11359 = LINE('',#11354,#11358);
#11360 = CARTESIAN_POINT('',(15.24,-7.855,4.007));
#11361 = VERTEX_POINT('',#11360);
#11362 = EDGE_CURVE('',#11355,#11361,#11359,.T.);
#11363 = ORIENTED_EDGE('',*,*,#11362,.T.);
#11364 = VECTOR('',#134,1.);
#11365 = LINE('',#11360,#11364);
#11366 = CARTESIAN_POINT('',(15.406170094,-7.786170094,4.007));
#11367 = VERTEX_POINT('',#11366);
#11368 = EDGE_CURVE('',#11361,#11367,#11365,.T.);
#11369 = ORIENTED_EDGE('',*,*,#11368,.T.);
#11370 = VECTOR('',#156,1.);
#11371 = LINE('',#11366,#11370);
#11372 = EDGE_CURVE('',#11367,#11331,#11371,.T.);
#11373 = ORIENTED_EDGE('',*,*,#11372,.T.);
#11374 = EDGE_LOOP('',(#11333,#11339,#11345,#11351,#11357,#11363,#11369,#11373));
#11375 = FACE_OUTER_BOUND('',#11374,.T.);
#11376 = ADVANCED_FACE('',(#11375),#11326,.T.);
#11377 = AXIS2_PLACEMENT_3D('',#11313,#134,#20);
#11378 = PLANE('',#11377);
#11379 = ORIENTED_EDGE('',*,*,#11315,.F.);
#11380 = VECTOR('',#16,1.);
#11381 = LINE('',#11307,#11380);
#11382 = EDGE_CURVE('',#11308,#11330,#11381,.T.);
#11383 = ORIENTED_EDGE('',*,*,#11382,.T.);
#11384 = ORIENTED_EDGE('',*,*,#11332,.T.);
#11385 = VECTOR('',#16,1.);
#11386 = LINE('',#11313,#11385);
#11387 = EDGE_CURVE('',#11314,#11331,#11386,.T.);
#11388 = ORIENTED_EDGE('',*,*,#11387,.F.);
#11389 = EDGE_LOOP('',(#11379,#11383,#11384,#11388));
#11390 = FACE_OUTER_BOUND('',#11389,.T.);
#11391 = ADVANCED_FACE('',(#11390),#11378,.T.);
#11392 = AXIS2_PLACEMENT_3D('',#11307,#156,#16);
#11393 = PLANE('',#11392);
#11394 = ORIENTED_EDGE('',*,*,#11309,.F.);
#11395 = VECTOR('',#16,1.);
#11396 = LINE('',#11301,#11395);
#11397 = EDGE_CURVE('',#11302,#11337,#11396,.T.);
#11398 = ORIENTED_EDGE('',*,*,#11397,.T.);
#11399 = ORIENTED_EDGE('',*,*,#11338,.T.);
#11400 = ORIENTED_EDGE('',*,*,#11382,.F.);
#11401 = EDGE_LOOP('',(#11394,#11398,#11399,#11400));
#11402 = FACE_OUTER_BOUND('',#11401,.T.);
#11403 = ADVANCED_FACE('',(#11402),#11393,.T.);
#11404 = AXIS2_PLACEMENT_3D('',#11301,#268,#16);
#11405 = PLANE('',#11404);
#11406 = ORIENTED_EDGE('',*,*,#11303,.F.);
#11407 = VECTOR('',#16,1.);
#11408 = LINE('',#11295,#11407);
#11409 = EDGE_CURVE('',#11296,#11343,#11408,.T.);
#11410 = ORIENTED_EDGE('',*,*,#11409,.T.);
#11411 = ORIENTED_EDGE('',*,*,#11344,.T.);
#11412 = ORIENTED_EDGE('',*,*,#11397,.F.);
#11413 = EDGE_LOOP('',(#11406,#11410,#11411,#11412));
#11414 = FACE_OUTER_BOUND('',#11413,.T.);
#11415 = ADVANCED_FACE('',(#11414),#11405,.T.);
#11416 = AXIS2_PLACEMENT_3D('',#11295,#281,#16);
#11417 = PLANE('',#11416);
#11418 = ORIENTED_EDGE('',*,*,#11297,.F.);
#11419 = VECTOR('',#16,1.);
#11420 = LINE('',#11288,#11419);
#11421 = EDGE_CURVE('',#11290,#11349,#11420,.T.);
#11422 = ORIENTED_EDGE('',*,*,#11421,.T.);
#11423 = ORIENTED_EDGE('',*,*,#11350,.T.);
#11424 = ORIENTED_EDGE('',*,*,#11409,.F.);
#11425 = EDGE_LOOP('',(#11418,#11422,#11423,#11424));
#11426 = FACE_OUTER_BOUND('',#11425,.T.);
#11427 = ADVANCED_FACE('',(#11426),#11417,.T.);
#11428 = AXIS2_PLACEMENT_3D('',#11288,#294,#16);
#11429 = PLANE('',#11428);
#11430 = ORIENTED_EDGE('',*,*,#11291,.T.);
#11431 = VECTOR('',#16,1.);
#11432 = LINE('',#11282,#11431);
#11433 = EDGE_CURVE('',#11284,#11355,#11432,.T.);
#11434 = ORIENTED_EDGE('',*,*,#11433,.T.);
#11435 = ORIENTED_EDGE('',*,*,#11356,.F.);
#11436 = ORIENTED_EDGE('',*,*,#11421,.F.);
#11437 = EDGE_LOOP('',(#11430,#11434,#11435,#11436));
#11438 = FACE_OUTER_BOUND('',#11437,.T.);
#11439 = ADVANCED_FACE('',(#11438),#11429,.T.);
#11440 = AXIS2_PLACEMENT_3D('',#11282,#307,#20);
#11441 = PLANE('',#11440);
#11442 = ORIENTED_EDGE('',*,*,#11285,.T.);
#11443 = VECTOR('',#16,1.);
#11444 = LINE('',#11275,#11443);
#11445 = EDGE_CURVE('',#11277,#11361,#11444,.T.);
#11446 = ORIENTED_EDGE('',*,*,#11445,.T.);
#11447 = ORIENTED_EDGE('',*,*,#11362,.F.);
#11448 = ORIENTED_EDGE('',*,*,#11433,.F.);
#11449 = EDGE_LOOP('',(#11442,#11446,#11447,#11448));
#11450 = FACE_OUTER_BOUND('',#11449,.T.);
#11451 = ADVANCED_FACE('',(#11450),#11441,.T.);
#11452 = AXIS2_PLACEMENT_3D('',#11275,#149,#20);
#11453 = PLANE('',#11452);
#11454 = ORIENTED_EDGE('',*,*,#11279,.T.);
#11455 = VECTOR('',#16,1.);
#11456 = LINE('',#11271,#11455);
#11457 = EDGE_CURVE('',#11278,#11367,#11456,.T.);
#11458 = ORIENTED_EDGE('',*,*,#11457,.T.);
#11459 = ORIENTED_EDGE('',*,*,#11368,.F.);
#11460 = ORIENTED_EDGE('',*,*,#11445,.F.);
#11461 = EDGE_LOOP('',(#11454,#11458,#11459,#11460));
#11462 = FACE_OUTER_BOUND('',#11461,.T.);
#11463 = ADVANCED_FACE('',(#11462),#11453,.T.);
#11464 = AXIS2_PLACEMENT_3D('',#11271,#142,#20);
#11465 = PLANE('',#11464);
#11466 = ORIENTED_EDGE('',*,*,#11319,.T.);
#11467 = ORIENTED_EDGE('',*,*,#11387,.T.);
#11468 = ORIENTED_EDGE('',*,*,#11372,.F.);
#11469 = ORIENTED_EDGE('',*,*,#11457,.F.);
#11470 = EDGE_LOOP('',(#11466,#11467,#11468,#11469));
#11471 = FACE_OUTER_BOUND('',#11470,.T.);
#11472 = ADVANCED_FACE('',(#11471),#11465,.T.);
#11473 = CLOSED_SHELL('',(#11323,#11376,#11391,#11403,#11415,#11427,#11439,#11451,#11463,#11472));
#11474 = MANIFOLD_SOLID_BREP('contact',#11473);
#11475 = CARTESIAN_POINT('',(15.469809704,-7.849809704,8.057));
#11476 = AXIS2_PLACEMENT_3D('',#11475,#20,#21);
#11477 = PLANE('',#11476);
#11478 = VECTOR('',#346,1.);
#11479 = CARTESIAN_POINT('',(15.24,-7.945,8.057));
#11480 = LINE('',#11479,#11478);
#11481 = VERTEX_POINT('',#11479);
#11482 = VERTEX_POINT('',#11475);
#11483 = EDGE_CURVE('',#11481,#11482,#11480,.T.);
#11484 = ORIENTED_EDGE('',*,*,#11483,.F.);
#11485 = VECTOR('',#354,1.);
#11486 = CARTESIAN_POINT('',(15.010190296,-7.849809704,8.057));
#11487 = LINE('',#11486,#11485);
#11488 = VERTEX_POINT('',#11486);
#11489 = EDGE_CURVE('',#11488,#11481,#11487,.T.);
#11490 = ORIENTED_EDGE('',*,*,#11489,.F.);
#11491 = VECTOR('',#361,1.);
#11492 = CARTESIAN_POINT('',(14.915,-7.62,8.057));
#11493 = LINE('',#11492,#11491);
#11494 = VERTEX_POINT('',#11492);
#11495 = EDGE_CURVE('',#11494,#11488,#11493,.T.);
#11496 = ORIENTED_EDGE('',*,*,#11495,.F.);
#11497 = VECTOR('',#368,1.);
#11498 = LINE('',#11492,#11497);
#11499 = CARTESIAN_POINT('',(15.010190296,-7.390190296,8.057));
#11500 = VERTEX_POINT('',#11499);
#11501 = EDGE_CURVE('',#11494,#11500,#11498,.T.);
#11502 = ORIENTED_EDGE('',*,*,#11501,.T.);
#11503 = VECTOR('',#346,1.);
#11504 = LINE('',#11499,#11503);
#11505 = CARTESIAN_POINT('',(15.24,-7.295,8.057));
#11506 = VERTEX_POINT('',#11505);
#11507 = EDGE_CURVE('',#11500,#11506,#11504,.T.);
#11508 = ORIENTED_EDGE('',*,*,#11507,.T.);
#11509 = VECTOR('',#354,1.);
#11510 = LINE('',#11505,#11509);
#11511 = CARTESIAN_POINT('',(15.469809704,-7.390190296,8.057));
#11512 = VERTEX_POINT('',#11511);
#11513 = EDGE_CURVE('',#11506,#11512,#11510,.T.);
#11514 = ORIENTED_EDGE('',*,*,#11513,.T.);
#11515 = VECTOR('',#361,1.);
#11516 = LINE('',#11511,#11515);
#11517 = CARTESIAN_POINT('',(15.565,-7.62,8.057));
#11518 = VERTEX_POINT('',#11517);
#11519 = EDGE_CURVE('',#11512,#11518,#11516,.T.);
#11520 = ORIENTED_EDGE('',*,*,#11519,.T.);
#11521 = VECTOR('',#368,1.);
#11522 = LINE('',#11475,#11521);
#11523 = EDGE_CURVE('',#11482,#11518,#11522,.T.);
#11524 = ORIENTED_EDGE('',*,*,#11523,.F.);
#11525 = EDGE_LOOP('',(#11484,#11490,#11496,#11502,#11508,#11514,#11520,#11524));
#11526 = FACE_OUTER_BOUND('',#11525,.T.);
#11527 = ADVANCED_FACE('',(#11526),#11477,.T.);
#11528 = CARTESIAN_POINT('',(15.565,-7.62,10.157));
#11529 = AXIS2_PLACEMENT_3D('',#11528,#16,#51);
#11530 = PLANE('',#11529);
#11531 = VECTOR('',#361,1.);
#11532 = CARTESIAN_POINT('',(15.469809704,-7.390190296,10.157));
#11533 = LINE('',#11532,#11531);
#11534 = VERTEX_POINT('',#11532);
#11535 = VERTEX_POINT('',#11528);
#11536 = EDGE_CURVE('',#11534,#11535,#11533,.T.);
#11537 = ORIENTED_EDGE('',*,*,#11536,.F.);
#11538 = VECTOR('',#354,1.);
#11539 = CARTESIAN_POINT('',(15.24,-7.295,10.157));
#11540 = LINE('',#11539,#11538);
#11541 = VERTEX_POINT('',#11539);
#11542 = EDGE_CURVE('',#11541,#11534,#11540,.T.);
#11543 = ORIENTED_EDGE('',*,*,#11542,.F.);
#11544 = VECTOR('',#346,1.);
#11545 = CARTESIAN_POINT('',(15.010190296,-7.390190296,10.157));
#11546 = LINE('',#11545,#11544);
#11547 = VERTEX_POINT('',#11545);
#11548 = EDGE_CURVE('',#11547,#11541,#11546,.T.);
#11549 = ORIENTED_EDGE('',*,*,#11548,.F.);
#11550 = VECTOR('',#368,1.);
#11551 = CARTESIAN_POINT('',(14.915,-7.62,10.157));
#11552 = LINE('',#11551,#11550);
#11553 = VERTEX_POINT('',#11551);
#11554 = EDGE_CURVE('',#11553,#11547,#11552,.T.);
#11555 = ORIENTED_EDGE('',*,*,#11554,.F.);
#11556 = VECTOR('',#361,1.);
#11557 = LINE('',#11551,#11556);
#11558 = CARTESIAN_POINT('',(15.010190296,-7.849809704,10.157));
#11559 = VERTEX_POINT('',#11558);
#11560 = EDGE_CURVE('',#11553,#11559,#11557,.T.);
#11561 = ORIENTED_EDGE('',*,*,#11560,.T.);
#11562 = VECTOR('',#354,1.);
#11563 = LINE('',#11558,#11562);
#11564 = CARTESIAN_POINT('',(15.24,-7.945,10.157));
#11565 = VERTEX_POINT('',#11564);
#11566 = EDGE_CURVE('',#11559,#11565,#11563,.T.);
#11567 = ORIENTED_EDGE('',*,*,#11566,.T.);
#11568 = VECTOR('',#346,1.);
#11569 = LINE('',#11564,#11568);
#11570 = CARTESIAN_POINT('',(15.469809704,-7.849809704,10.157));
#11571 = VERTEX_POINT('',#11570);
#11572 = EDGE_CURVE('',#11565,#11571,#11569,.T.);
#11573 = ORIENTED_EDGE('',*,*,#11572,.T.);
#11574 = VECTOR('',#368,1.);
#11575 = LINE('',#11570,#11574);
#11576 = EDGE_CURVE('',#11571,#11535,#11575,.T.);
#11577 = ORIENTED_EDGE('',*,*,#11576,.T.);
#11578 = EDGE_LOOP('',(#11537,#11543,#11549,#11555,#11561,#11567,#11573,#11577));
#11579 = FACE_OUTER_BOUND('',#11578,.T.);
#11580 = ADVANCED_FACE('',(#11579),#11530,.T.);
#11581 = AXIS2_PLACEMENT_3D('',#11517,#346,#20);
#11582 = PLANE('',#11581);
#11583 = ORIENTED_EDGE('',*,*,#11519,.F.);
#11584 = VECTOR('',#16,1.);
#11585 = LINE('',#11511,#11584);
#11586 = EDGE_CURVE('',#11512,#11534,#11585,.T.);
#11587 = ORIENTED_EDGE('',*,*,#11586,.T.);
#11588 = ORIENTED_EDGE('',*,*,#11536,.T.);
#11589 = VECTOR('',#16,1.);
#11590 = LINE('',#11517,#11589);
#11591 = EDGE_CURVE('',#11518,#11535,#11590,.T.);
#11592 = ORIENTED_EDGE('',*,*,#11591,.F.);
#11593 = EDGE_LOOP('',(#11583,#11587,#11588,#11592));
#11594 = FACE_OUTER_BOUND('',#11593,.T.);
#11595 = ADVANCED_FACE('',(#11594),#11582,.T.);
#11596 = AXIS2_PLACEMENT_3D('',#11511,#368,#16);
#11597 = PLANE('',#11596);
#11598 = ORIENTED_EDGE('',*,*,#11513,.F.);
#11599 = VECTOR('',#16,1.);
#11600 = LINE('',#11505,#11599);
#11601 = EDGE_CURVE('',#11506,#11541,#11600,.T.);
#11602 = ORIENTED_EDGE('',*,*,#11601,.T.);
#11603 = ORIENTED_EDGE('',*,*,#11542,.T.);
#11604 = ORIENTED_EDGE('',*,*,#11586,.F.);
#11605 = EDGE_LOOP('',(#11598,#11602,#11603,#11604));
#11606 = FACE_OUTER_BOUND('',#11605,.T.);
#11607 = ADVANCED_FACE('',(#11606),#11597,.T.);
#11608 = AXIS2_PLACEMENT_3D('',#11505,#480,#16);
#11609 = PLANE('',#11608);
#11610 = ORIENTED_EDGE('',*,*,#11507,.F.);
#11611 = VECTOR('',#16,1.);
#11612 = LINE('',#11499,#11611);
#11613 = EDGE_CURVE('',#11500,#11547,#11612,.T.);
#11614 = ORIENTED_EDGE('',*,*,#11613,.T.);
#11615 = ORIENTED_EDGE('',*,*,#11548,.T.);
#11616 = ORIENTED_EDGE('',*,*,#11601,.F.);
#11617 = EDGE_LOOP('',(#11610,#11614,#11615,#11616));
#11618 = FACE_OUTER_BOUND('',#11617,.T.);
#11619 = ADVANCED_FACE('',(#11618),#11609,.T.);
#11620 = AXIS2_PLACEMENT_3D('',#11499,#493,#16);
#11621 = PLANE('',#11620);
#11622 = ORIENTED_EDGE('',*,*,#11501,.F.);
#11623 = VECTOR('',#16,1.);
#11624 = LINE('',#11492,#11623);
#11625 = EDGE_CURVE('',#11494,#11553,#11624,.T.);
#11626 = ORIENTED_EDGE('',*,*,#11625,.T.);
#11627 = ORIENTED_EDGE('',*,*,#11554,.T.);
#11628 = ORIENTED_EDGE('',*,*,#11613,.F.);
#11629 = EDGE_LOOP('',(#11622,#11626,#11627,#11628));
#11630 = FACE_OUTER_BOUND('',#11629,.T.);
#11631 = ADVANCED_FACE('',(#11630),#11621,.T.);
#11632 = AXIS2_PLACEMENT_3D('',#11492,#506,#16);
#11633 = PLANE('',#11632);
#11634 = ORIENTED_EDGE('',*,*,#11495,.T.);
#11635 = VECTOR('',#16,1.);
#11636 = LINE('',#11486,#11635);
#11637 = EDGE_CURVE('',#11488,#11559,#11636,.T.);
#11638 = ORIENTED_EDGE('',*,*,#11637,.T.);
#11639 = ORIENTED_EDGE('',*,*,#11560,.F.);
#11640 = ORIENTED_EDGE('',*,*,#11625,.F.);
#11641 = EDGE_LOOP('',(#11634,#11638,#11639,#11640));
#11642 = FACE_OUTER_BOUND('',#11641,.T.);
#11643 = ADVANCED_FACE('',(#11642),#11633,.T.);
#11644 = AXIS2_PLACEMENT_3D('',#11486,#519,#20);
#11645 = PLANE('',#11644);
#11646 = ORIENTED_EDGE('',*,*,#11489,.T.);
#11647 = VECTOR('',#16,1.);
#11648 = LINE('',#11479,#11647);
#11649 = EDGE_CURVE('',#11481,#11565,#11648,.T.);
#11650 = ORIENTED_EDGE('',*,*,#11649,.T.);
#11651 = ORIENTED_EDGE('',*,*,#11566,.F.);
#11652 = ORIENTED_EDGE('',*,*,#11637,.F.);
#11653 = EDGE_LOOP('',(#11646,#11650,#11651,#11652));
#11654 = FACE_OUTER_BOUND('',#11653,.T.);
#11655 = ADVANCED_FACE('',(#11654),#11645,.T.);
#11656 = AXIS2_PLACEMENT_3D('',#11479,#361,#20);
#11657 = PLANE('',#11656);
#11658 = ORIENTED_EDGE('',*,*,#11483,.T.);
#11659 = VECTOR('',#16,1.);
#11660 = LINE('',#11475,#11659);
#11661 = EDGE_CURVE('',#11482,#11571,#11660,.T.);
#11662 = ORIENTED_EDGE('',*,*,#11661,.T.);
#11663 = ORIENTED_EDGE('',*,*,#11572,.F.);
#11664 = ORIENTED_EDGE('',*,*,#11649,.F.);
#11665 = EDGE_LOOP('',(#11658,#11662,#11663,#11664));
#11666 = FACE_OUTER_BOUND('',#11665,.T.);
#11667 = ADVANCED_FACE('',(#11666),#11657,.T.);
#11668 = AXIS2_PLACEMENT_3D('',#11475,#354,#20);
#11669 = PLANE('',#11668);
#11670 = ORIENTED_EDGE('',*,*,#11523,.T.);
#11671 = ORIENTED_EDGE('',*,*,#11591,.T.);
#11672 = ORIENTED_EDGE('',*,*,#11576,.F.);
#11673 = ORIENTED_EDGE('',*,*,#11661,.F.);
#11674 = EDGE_LOOP('',(#11670,#11671,#11672,#11673));
#11675 = FACE_OUTER_BOUND('',#11674,.T.);
#11676 = ADVANCED_FACE('',(#11675),#11669,.T.);
#11677 = CLOSED_SHELL('',(#11527,#11580,#11595,#11607,#11619,#11631,#11643,#11655,#11667,#11676));
#11678 = MANIFOLD_SOLID_BREP('lead',#11677);
#11679 = CARTESIAN_POINT('',(15.406170094,-10.326170094,0.007));
#11680 = AXIS2_PLACEMENT_3D('',#11679,#20,#21);
#11681 = PLANE('',#11680);
#11682 = VECTOR('',#134,1.);
#11683 = CARTESIAN_POINT('',(15.24,-10.395,0.007));
#11684 = LINE('',#11683,#11682);
#11685 = VERTEX_POINT('',#11683);
#11686 = VERTEX_POINT('',#11679);
#11687 = EDGE_CURVE('',#11685,#11686,#11684,.T.);
#11688 = ORIENTED_EDGE('',*,*,#11687,.F.);
#11689 = VECTOR('',#142,1.);
#11690 = CARTESIAN_POINT('',(15.073829906,-10.326170094,0.007));
#11691 = LINE('',#11690,#11689);
#11692 = VERTEX_POINT('',#11690);
#11693 = EDGE_CURVE('',#11692,#11685,#11691,.T.);
#11694 = ORIENTED_EDGE('',*,*,#11693,.F.);
#11695 = VECTOR('',#149,1.);
#11696 = CARTESIAN_POINT('',(15.005,-10.16,0.007));
#11697 = LINE('',#11696,#11695);
#11698 = VERTEX_POINT('',#11696);
#11699 = EDGE_CURVE('',#11698,#11692,#11697,.T.);
#11700 = ORIENTED_EDGE('',*,*,#11699,.F.);
#11701 = VECTOR('',#156,1.);
#11702 = LINE('',#11696,#11701);
#11703 = CARTESIAN_POINT('',(15.073829906,-9.993829906,0.007));
#11704 = VERTEX_POINT('',#11703);
#11705 = EDGE_CURVE('',#11698,#11704,#11702,.T.);
#11706 = ORIENTED_EDGE('',*,*,#11705,.T.);
#11707 = VECTOR('',#134,1.);
#11708 = LINE('',#11703,#11707);
#11709 = CARTESIAN_POINT('',(15.24,-9.925,0.007));
#11710 = VERTEX_POINT('',#11709);
#11711 = EDGE_CURVE('',#11704,#11710,#11708,.T.);
#11712 = ORIENTED_EDGE('',*,*,#11711,.T.);
#11713 = VECTOR('',#142,1.);
#11714 = LINE('',#11709,#11713);
#11715 = CARTESIAN_POINT('',(15.406170094,-9.993829906,0.007));
#11716 = VERTEX_POINT('',#11715);
#11717 = EDGE_CURVE('',#11710,#11716,#11714,.T.);
#11718 = ORIENTED_EDGE('',*,*,#11717,.T.);
#11719 = VECTOR('',#149,1.);
#11720 = LINE('',#11715,#11719);
#11721 = CARTESIAN_POINT('',(15.475,-10.16,0.007));
#11722 = VERTEX_POINT('',#11721);
#11723 = EDGE_CURVE('',#11716,#11722,#11720,.T.);
#11724 = ORIENTED_EDGE('',*,*,#11723,.T.);
#11725 = VECTOR('',#156,1.);
#11726 = LINE('',#11679,#11725);
#11727 = EDGE_CURVE('',#11686,#11722,#11726,.T.);
#11728 = ORIENTED_EDGE('',*,*,#11727,.F.);
#11729 = EDGE_LOOP('',(#11688,#11694,#11700,#11706,#11712,#11718,#11724,#11728));
#11730 = FACE_OUTER_BOUND('',#11729,.T.);
#11731 = ADVANCED_FACE('',(#11730),#11681,.T.);
#11732 = CARTESIAN_POINT('',(15.475,-10.16,4.007));
#11733 = AXIS2_PLACEMENT_3D('',#11732,#16,#51);
#11734 = PLANE('',#11733);
#11735 = VECTOR('',#149,1.);
#11736 = CARTESIAN_POINT('',(15.406170094,-9.993829906,4.007));
#11737 = LINE('',#11736,#11735);
#11738 = VERTEX_POINT('',#11736);
#11739 = VERTEX_POINT('',#11732);
#11740 = EDGE_CURVE('',#11738,#11739,#11737,.T.);
#11741 = ORIENTED_EDGE('',*,*,#11740,.F.);
#11742 = VECTOR('',#142,1.);
#11743 = CARTESIAN_POINT('',(15.24,-9.925,4.007));
#11744 = LINE('',#11743,#11742);
#11745 = VERTEX_POINT('',#11743);
#11746 = EDGE_CURVE('',#11745,#11738,#11744,.T.);
#11747 = ORIENTED_EDGE('',*,*,#11746,.F.);
#11748 = VECTOR('',#134,1.);
#11749 = CARTESIAN_POINT('',(15.073829906,-9.993829906,4.007));
#11750 = LINE('',#11749,#11748);
#11751 = VERTEX_POINT('',#11749);
#11752 = EDGE_CURVE('',#11751,#11745,#11750,.T.);
#11753 = ORIENTED_EDGE('',*,*,#11752,.F.);
#11754 = VECTOR('',#156,1.);
#11755 = CARTESIAN_POINT('',(15.005,-10.16,4.007));
#11756 = LINE('',#11755,#11754);
#11757 = VERTEX_POINT('',#11755);
#11758 = EDGE_CURVE('',#11757,#11751,#11756,.T.);
#11759 = ORIENTED_EDGE('',*,*,#11758,.F.);
#11760 = VECTOR('',#149,1.);
#11761 = LINE('',#11755,#11760);
#11762 = CARTESIAN_POINT('',(15.073829906,-10.326170094,4.007));
#11763 = VERTEX_POINT('',#11762);
#11764 = EDGE_CURVE('',#11757,#11763,#11761,.T.);
#11765 = ORIENTED_EDGE('',*,*,#11764,.T.);
#11766 = VECTOR('',#142,1.);
#11767 = LINE('',#11762,#11766);
#11768 = CARTESIAN_POINT('',(15.24,-10.395,4.007));
#11769 = VERTEX_POINT('',#11768);
#11770 = EDGE_CURVE('',#11763,#11769,#11767,.T.);
#11771 = ORIENTED_EDGE('',*,*,#11770,.T.);
#11772 = VECTOR('',#134,1.);
#11773 = LINE('',#11768,#11772);
#11774 = CARTESIAN_POINT('',(15.406170094,-10.326170094,4.007));
#11775 = VERTEX_POINT('',#11774);
#11776 = EDGE_CURVE('',#11769,#11775,#11773,.T.);
#11777 = ORIENTED_EDGE('',*,*,#11776,.T.);
#11778 = VECTOR('',#156,1.);
#11779 = LINE('',#11774,#11778);
#11780 = EDGE_CURVE('',#11775,#11739,#11779,.T.);
#11781 = ORIENTED_EDGE('',*,*,#11780,.T.);
#11782 = EDGE_LOOP('',(#11741,#11747,#11753,#11759,#11765,#11771,#11777,#11781));
#11783 = FACE_OUTER_BOUND('',#11782,.T.);
#11784 = ADVANCED_FACE('',(#11783),#11734,.T.);
#11785 = AXIS2_PLACEMENT_3D('',#11721,#134,#20);
#11786 = PLANE('',#11785);
#11787 = ORIENTED_EDGE('',*,*,#11723,.F.);
#11788 = VECTOR('',#16,1.);
#11789 = LINE('',#11715,#11788);
#11790 = EDGE_CURVE('',#11716,#11738,#11789,.T.);
#11791 = ORIENTED_EDGE('',*,*,#11790,.T.);
#11792 = ORIENTED_EDGE('',*,*,#11740,.T.);
#11793 = VECTOR('',#16,1.);
#11794 = LINE('',#11721,#11793);
#11795 = EDGE_CURVE('',#11722,#11739,#11794,.T.);
#11796 = ORIENTED_EDGE('',*,*,#11795,.F.);
#11797 = EDGE_LOOP('',(#11787,#11791,#11792,#11796));
#11798 = FACE_OUTER_BOUND('',#11797,.T.);
#11799 = ADVANCED_FACE('',(#11798),#11786,.T.);
#11800 = AXIS2_PLACEMENT_3D('',#11715,#156,#16);
#11801 = PLANE('',#11800);
#11802 = ORIENTED_EDGE('',*,*,#11717,.F.);
#11803 = VECTOR('',#16,1.);
#11804 = LINE('',#11709,#11803);
#11805 = EDGE_CURVE('',#11710,#11745,#11804,.T.);
#11806 = ORIENTED_EDGE('',*,*,#11805,.T.);
#11807 = ORIENTED_EDGE('',*,*,#11746,.T.);
#11808 = ORIENTED_EDGE('',*,*,#11790,.F.);
#11809 = EDGE_LOOP('',(#11802,#11806,#11807,#11808));
#11810 = FACE_OUTER_BOUND('',#11809,.T.);
#11811 = ADVANCED_FACE('',(#11810),#11801,.T.);
#11812 = AXIS2_PLACEMENT_3D('',#11709,#268,#16);
#11813 = PLANE('',#11812);
#11814 = ORIENTED_EDGE('',*,*,#11711,.F.);
#11815 = VECTOR('',#16,1.);
#11816 = LINE('',#11703,#11815);
#11817 = EDGE_CURVE('',#11704,#11751,#11816,.T.);
#11818 = ORIENTED_EDGE('',*,*,#11817,.T.);
#11819 = ORIENTED_EDGE('',*,*,#11752,.T.);
#11820 = ORIENTED_EDGE('',*,*,#11805,.F.);
#11821 = EDGE_LOOP('',(#11814,#11818,#11819,#11820));
#11822 = FACE_OUTER_BOUND('',#11821,.T.);
#11823 = ADVANCED_FACE('',(#11822),#11813,.T.);
#11824 = AXIS2_PLACEMENT_3D('',#11703,#281,#16);
#11825 = PLANE('',#11824);
#11826 = ORIENTED_EDGE('',*,*,#11705,.F.);
#11827 = VECTOR('',#16,1.);
#11828 = LINE('',#11696,#11827);
#11829 = EDGE_CURVE('',#11698,#11757,#11828,.T.);
#11830 = ORIENTED_EDGE('',*,*,#11829,.T.);
#11831 = ORIENTED_EDGE('',*,*,#11758,.T.);
#11832 = ORIENTED_EDGE('',*,*,#11817,.F.);
#11833 = EDGE_LOOP('',(#11826,#11830,#11831,#11832));
#11834 = FACE_OUTER_BOUND('',#11833,.T.);
#11835 = ADVANCED_FACE('',(#11834),#11825,.T.);
#11836 = AXIS2_PLACEMENT_3D('',#11696,#294,#16);
#11837 = PLANE('',#11836);
#11838 = ORIENTED_EDGE('',*,*,#11699,.T.);
#11839 = VECTOR('',#16,1.);
#11840 = LINE('',#11690,#11839);
#11841 = EDGE_CURVE('',#11692,#11763,#11840,.T.);
#11842 = ORIENTED_EDGE('',*,*,#11841,.T.);
#11843 = ORIENTED_EDGE('',*,*,#11764,.F.);
#11844 = ORIENTED_EDGE('',*,*,#11829,.F.);
#11845 = EDGE_LOOP('',(#11838,#11842,#11843,#11844));
#11846 = FACE_OUTER_BOUND('',#11845,.T.);
#11847 = ADVANCED_FACE('',(#11846),#11837,.T.);
#11848 = AXIS2_PLACEMENT_3D('',#11690,#307,#20);
#11849 = PLANE('',#11848);
#11850 = ORIENTED_EDGE('',*,*,#11693,.T.);
#11851 = VECTOR('',#16,1.);
#11852 = LINE('',#11683,#11851);
#11853 = EDGE_CURVE('',#11685,#11769,#11852,.T.);
#11854 = ORIENTED_EDGE('',*,*,#11853,.T.);
#11855 = ORIENTED_EDGE('',*,*,#11770,.F.);
#11856 = ORIENTED_EDGE('',*,*,#11841,.F.);
#11857 = EDGE_LOOP('',(#11850,#11854,#11855,#11856));
#11858 = FACE_OUTER_BOUND('',#11857,.T.);
#11859 = ADVANCED_FACE('',(#11858),#11849,.T.);
#11860 = AXIS2_PLACEMENT_3D('',#11683,#149,#20);
#11861 = PLANE('',#11860);
#11862 = ORIENTED_EDGE('',*,*,#11687,.T.);
#11863 = VECTOR('',#16,1.);
#11864 = LINE('',#11679,#11863);
#11865 = EDGE_CURVE('',#11686,#11775,#11864,.T.);
#11866 = ORIENTED_EDGE('',*,*,#11865,.T.);
#11867 = ORIENTED_EDGE('',*,*,#11776,.F.);
#11868 = ORIENTED_EDGE('',*,*,#11853,.F.);
#11869 = EDGE_LOOP('',(#11862,#11866,#11867,#11868));
#11870 = FACE_OUTER_BOUND('',#11869,.T.);
#11871 = ADVANCED_FACE('',(#11870),#11861,.T.);
#11872 = AXIS2_PLACEMENT_3D('',#11679,#142,#20);
#11873 = PLANE('',#11872);
#11874 = ORIENTED_EDGE('',*,*,#11727,.T.);
#11875 = ORIENTED_EDGE('',*,*,#11795,.T.);
#11876 = ORIENTED_EDGE('',*,*,#11780,.F.);
#11877 = ORIENTED_EDGE('',*,*,#11865,.F.);
#11878 = EDGE_LOOP('',(#11874,#11875,#11876,#11877));
#11879 = FACE_OUTER_BOUND('',#11878,.T.);
#11880 = ADVANCED_FACE('',(#11879),#11873,.T.);
#11881 = CLOSED_SHELL('',(#11731,#11784,#11799,#11811,#11823,#11835,#11847,#11859,#11871,#11880));
#11882 = MANIFOLD_SOLID_BREP('contact',#11881);
#11883 = CARTESIAN_POINT('',(15.469809704,-10.389809704,8.057));
#11884 = AXIS2_PLACEMENT_3D('',#11883,#20,#21);
#11885 = PLANE('',#11884);
#11886 = VECTOR('',#346,1.);
#11887 = CARTESIAN_POINT('',(15.24,-10.485,8.057));
#11888 = LINE('',#11887,#11886);
#11889 = VERTEX_POINT('',#11887);
#11890 = VERTEX_POINT('',#11883);
#11891 = EDGE_CURVE('',#11889,#11890,#11888,.T.);
#11892 = ORIENTED_EDGE('',*,*,#11891,.F.);
#11893 = VECTOR('',#354,1.);
#11894 = CARTESIAN_POINT('',(15.010190296,-10.389809704,8.057));
#11895 = LINE('',#11894,#11893);
#11896 = VERTEX_POINT('',#11894);
#11897 = EDGE_CURVE('',#11896,#11889,#11895,.T.);
#11898 = ORIENTED_EDGE('',*,*,#11897,.F.);
#11899 = VECTOR('',#361,1.);
#11900 = CARTESIAN_POINT('',(14.915,-10.16,8.057));
#11901 = LINE('',#11900,#11899);
#11902 = VERTEX_POINT('',#11900);
#11903 = EDGE_CURVE('',#11902,#11896,#11901,.T.);
#11904 = ORIENTED_EDGE('',*,*,#11903,.F.);
#11905 = VECTOR('',#368,1.);
#11906 = LINE('',#11900,#11905);
#11907 = CARTESIAN_POINT('',(15.010190296,-9.930190296,8.057));
#11908 = VERTEX_POINT('',#11907);
#11909 = EDGE_CURVE('',#11902,#11908,#11906,.T.);
#11910 = ORIENTED_EDGE('',*,*,#11909,.T.);
#11911 = VECTOR('',#346,1.);
#11912 = LINE('',#11907,#11911);
#11913 = CARTESIAN_POINT('',(15.24,-9.835,8.057));
#11914 = VERTEX_POINT('',#11913);
#11915 = EDGE_CURVE('',#11908,#11914,#11912,.T.);
#11916 = ORIENTED_EDGE('',*,*,#11915,.T.);
#11917 = VECTOR('',#354,1.);
#11918 = LINE('',#11913,#11917);
#11919 = CARTESIAN_POINT('',(15.469809704,-9.930190296,8.057));
#11920 = VERTEX_POINT('',#11919);
#11921 = EDGE_CURVE('',#11914,#11920,#11918,.T.);
#11922 = ORIENTED_EDGE('',*,*,#11921,.T.);
#11923 = VECTOR('',#361,1.);
#11924 = LINE('',#11919,#11923);
#11925 = CARTESIAN_POINT('',(15.565,-10.16,8.057));
#11926 = VERTEX_POINT('',#11925);
#11927 = EDGE_CURVE('',#11920,#11926,#11924,.T.);
#11928 = ORIENTED_EDGE('',*,*,#11927,.T.);
#11929 = VECTOR('',#368,1.);
#11930 = LINE('',#11883,#11929);
#11931 = EDGE_CURVE('',#11890,#11926,#11930,.T.);
#11932 = ORIENTED_EDGE('',*,*,#11931,.F.);
#11933 = EDGE_LOOP('',(#11892,#11898,#11904,#11910,#11916,#11922,#11928,#11932));
#11934 = FACE_OUTER_BOUND('',#11933,.T.);
#11935 = ADVANCED_FACE('',(#11934),#11885,.T.);
#11936 = CARTESIAN_POINT('',(15.565,-10.16,10.157));
#11937 = AXIS2_PLACEMENT_3D('',#11936,#16,#51);
#11938 = PLANE('',#11937);
#11939 = VECTOR('',#361,1.);
#11940 = CARTESIAN_POINT('',(15.469809704,-9.930190296,10.157));
#11941 = LINE('',#11940,#11939);
#11942 = VERTEX_POINT('',#11940);
#11943 = VERTEX_POINT('',#11936);
#11944 = EDGE_CURVE('',#11942,#11943,#11941,.T.);
#11945 = ORIENTED_EDGE('',*,*,#11944,.F.);
#11946 = VECTOR('',#354,1.);
#11947 = CARTESIAN_POINT('',(15.24,-9.835,10.157));
#11948 = LINE('',#11947,#11946);
#11949 = VERTEX_POINT('',#11947);
#11950 = EDGE_CURVE('',#11949,#11942,#11948,.T.);
#11951 = ORIENTED_EDGE('',*,*,#11950,.F.);
#11952 = VECTOR('',#346,1.);
#11953 = CARTESIAN_POINT('',(15.010190296,-9.930190296,10.157));
#11954 = LINE('',#11953,#11952);
#11955 = VERTEX_POINT('',#11953);
#11956 = EDGE_CURVE('',#11955,#11949,#11954,.T.);
#11957 = ORIENTED_EDGE('',*,*,#11956,.F.);
#11958 = VECTOR('',#368,1.);
#11959 = CARTESIAN_POINT('',(14.915,-10.16,10.157));
#11960 = LINE('',#11959,#11958);
#11961 = VERTEX_POINT('',#11959);
#11962 = EDGE_CURVE('',#11961,#11955,#11960,.T.);
#11963 = ORIENTED_EDGE('',*,*,#11962,.F.);
#11964 = VECTOR('',#361,1.);
#11965 = LINE('',#11959,#11964);
#11966 = CARTESIAN_POINT('',(15.010190296,-10.389809704,10.157));
#11967 = VERTEX_POINT('',#11966);
#11968 = EDGE_CURVE('',#11961,#11967,#11965,.T.);
#11969 = ORIENTED_EDGE('',*,*,#11968,.T.);
#11970 = VECTOR('',#354,1.);
#11971 = LINE('',#11966,#11970);
#11972 = CARTESIAN_POINT('',(15.24,-10.485,10.157));
#11973 = VERTEX_POINT('',#11972);
#11974 = EDGE_CURVE('',#11967,#11973,#11971,.T.);
#11975 = ORIENTED_EDGE('',*,*,#11974,.T.);
#11976 = VECTOR('',#346,1.);
#11977 = LINE('',#11972,#11976);
#11978 = CARTESIAN_POINT('',(15.469809704,-10.389809704,10.157));
#11979 = VERTEX_POINT('',#11978);
#11980 = EDGE_CURVE('',#11973,#11979,#11977,.T.);
#11981 = ORIENTED_EDGE('',*,*,#11980,.T.);
#11982 = VECTOR('',#368,1.);
#11983 = LINE('',#11978,#11982);
#11984 = EDGE_CURVE('',#11979,#11943,#11983,.T.);
#11985 = ORIENTED_EDGE('',*,*,#11984,.T.);
#11986 = EDGE_LOOP('',(#11945,#11951,#11957,#11963,#11969,#11975,#11981,#11985));
#11987 = FACE_OUTER_BOUND('',#11986,.T.);
#11988 = ADVANCED_FACE('',(#11987),#11938,.T.);
#11989 = AXIS2_PLACEMENT_3D('',#11925,#346,#20);
#11990 = PLANE('',#11989);
#11991 = ORIENTED_EDGE('',*,*,#11927,.F.);
#11992 = VECTOR('',#16,1.);
#11993 = LINE('',#11919,#11992);
#11994 = EDGE_CURVE('',#11920,#11942,#11993,.T.);
#11995 = ORIENTED_EDGE('',*,*,#11994,.T.);
#11996 = ORIENTED_EDGE('',*,*,#11944,.T.);
#11997 = VECTOR('',#16,1.);
#11998 = LINE('',#11925,#11997);
#11999 = EDGE_CURVE('',#11926,#11943,#11998,.T.);
#12000 = ORIENTED_EDGE('',*,*,#11999,.F.);
#12001 = EDGE_LOOP('',(#11991,#11995,#11996,#12000));
#12002 = FACE_OUTER_BOUND('',#12001,.T.);
#12003 = ADVANCED_FACE('',(#12002),#11990,.T.);
#12004 = AXIS2_PLACEMENT_3D('',#11919,#368,#16);
#12005 = PLANE('',#12004);
#12006 = ORIENTED_EDGE('',*,*,#11921,.F.);
#12007 = VECTOR('',#16,1.);
#12008 = LINE('',#11913,#12007);
#12009 = EDGE_CURVE('',#11914,#11949,#12008,.T.);
#12010 = ORIENTED_EDGE('',*,*,#12009,.T.);
#12011 = ORIENTED_EDGE('',*,*,#11950,.T.);
#12012 = ORIENTED_EDGE('',*,*,#11994,.F.);
#12013 = EDGE_LOOP('',(#12006,#12010,#12011,#12012));
#12014 = FACE_OUTER_BOUND('',#12013,.T.);
#12015 = ADVANCED_FACE('',(#12014),#12005,.T.);
#12016 = AXIS2_PLACEMENT_3D('',#11913,#480,#16);
#12017 = PLANE('',#12016);
#12018 = ORIENTED_EDGE('',*,*,#11915,.F.);
#12019 = VECTOR('',#16,1.);
#12020 = LINE('',#11907,#12019);
#12021 = EDGE_CURVE('',#11908,#11955,#12020,.T.);
#12022 = ORIENTED_EDGE('',*,*,#12021,.T.);
#12023 = ORIENTED_EDGE('',*,*,#11956,.T.);
#12024 = ORIENTED_EDGE('',*,*,#12009,.F.);
#12025 = EDGE_LOOP('',(#12018,#12022,#12023,#12024));
#12026 = FACE_OUTER_BOUND('',#12025,.T.);
#12027 = ADVANCED_FACE('',(#12026),#12017,.T.);
#12028 = AXIS2_PLACEMENT_3D('',#11907,#493,#16);
#12029 = PLANE('',#12028);
#12030 = ORIENTED_EDGE('',*,*,#11909,.F.);
#12031 = VECTOR('',#16,1.);
#12032 = LINE('',#11900,#12031);
#12033 = EDGE_CURVE('',#11902,#11961,#12032,.T.);
#12034 = ORIENTED_EDGE('',*,*,#12033,.T.);
#12035 = ORIENTED_EDGE('',*,*,#11962,.T.);
#12036 = ORIENTED_EDGE('',*,*,#12021,.F.);
#12037 = EDGE_LOOP('',(#12030,#12034,#12035,#12036));
#12038 = FACE_OUTER_BOUND('',#12037,.T.);
#12039 = ADVANCED_FACE('',(#12038),#12029,.T.);
#12040 = AXIS2_PLACEMENT_3D('',#11900,#506,#16);
#12041 = PLANE('',#12040);
#12042 = ORIENTED_EDGE('',*,*,#11903,.T.);
#12043 = VECTOR('',#16,1.);
#12044 = LINE('',#11894,#12043);
#12045 = EDGE_CURVE('',#11896,#11967,#12044,.T.);
#12046 = ORIENTED_EDGE('',*,*,#12045,.T.);
#12047 = ORIENTED_EDGE('',*,*,#11968,.F.);
#12048 = ORIENTED_EDGE('',*,*,#12033,.F.);
#12049 = EDGE_LOOP('',(#12042,#12046,#12047,#12048));
#12050 = FACE_OUTER_BOUND('',#12049,.T.);
#12051 = ADVANCED_FACE('',(#12050),#12041,.T.);
#12052 = AXIS2_PLACEMENT_3D('',#11894,#519,#20);
#12053 = PLANE('',#12052);
#12054 = ORIENTED_EDGE('',*,*,#11897,.T.);
#12055 = VECTOR('',#16,1.);
#12056 = LINE('',#11887,#12055);
#12057 = EDGE_CURVE('',#11889,#11973,#12056,.T.);
#12058 = ORIENTED_EDGE('',*,*,#12057,.T.);
#12059 = ORIENTED_EDGE('',*,*,#11974,.F.);
#12060 = ORIENTED_EDGE('',*,*,#12045,.F.);
#12061 = EDGE_LOOP('',(#12054,#12058,#12059,#12060));
#12062 = FACE_OUTER_BOUND('',#12061,.T.);
#12063 = ADVANCED_FACE('',(#12062),#12053,.T.);
#12064 = AXIS2_PLACEMENT_3D('',#11887,#361,#20);
#12065 = PLANE('',#12064);
#12066 = ORIENTED_EDGE('',*,*,#11891,.T.);
#12067 = VECTOR('',#16,1.);
#12068 = LINE('',#11883,#12067);
#12069 = EDGE_CURVE('',#11890,#11979,#12068,.T.);
#12070 = ORIENTED_EDGE('',*,*,#12069,.T.);
#12071 = ORIENTED_EDGE('',*,*,#11980,.F.);
#12072 = ORIENTED_EDGE('',*,*,#12057,.F.);
#12073 = EDGE_LOOP('',(#12066,#12070,#12071,#12072));
#12074 = FACE_OUTER_BOUND('',#12073,.T.);
#12075 = ADVANCED_FACE('',(#12074),#12065,.T.);
#12076 = AXIS2_PLACEMENT_3D('',#11883,#354,#20);
#12077 = PLANE('',#12076);
#12078 = ORIENTED_EDGE('',*,*,#11931,.T.);
#12079 = ORIENTED_EDGE('',*,*,#11999,.T.);
#12080 = ORIENTED_EDGE('',*,*,#11984,.F.);
#12081 = ORIENTED_EDGE('',*,*,#12069,.F.);
#12082 = EDGE_LOOP('',(#12078,#12079,#12080,#12081));
#12083 = FACE_OUTER_BOUND('',#12082,.T.);
#12084 = ADVANCED_FACE('',(#12083),#12077,.T.);
#12085 = CLOSED_SHELL('',(#11935,#11988,#12003,#12015,#12027,#12039,#12051,#12063,#12075,#12084));
#12086 = MANIFOLD_SOLID_BREP('lead',#12085);
#12087 = CARTESIAN_POINT('',(15.406170094,-12.866170094,0.007));
#12088 = AXIS2_PLACEMENT_3D('',#12087,#20,#21);
#12089 = PLANE('',#12088);
#12090 = VECTOR('',#134,1.);
#12091 = CARTESIAN_POINT('',(15.24,-12.935,0.007));
#12092 = LINE('',#12091,#12090);
#12093 = VERTEX_POINT('',#12091);
#12094 = VERTEX_POINT('',#12087);
#12095 = EDGE_CURVE('',#12093,#12094,#12092,.T.);
#12096 = ORIENTED_EDGE('',*,*,#12095,.F.);
#12097 = VECTOR('',#142,1.);
#12098 = CARTESIAN_POINT('',(15.073829906,-12.866170094,0.007));
#12099 = LINE('',#12098,#12097);
#12100 = VERTEX_POINT('',#12098);
#12101 = EDGE_CURVE('',#12100,#12093,#12099,.T.);
#12102 = ORIENTED_EDGE('',*,*,#12101,.F.);
#12103 = VECTOR('',#149,1.);
#12104 = CARTESIAN_POINT('',(15.005,-12.7,0.007));
#12105 = LINE('',#12104,#12103);
#12106 = VERTEX_POINT('',#12104);
#12107 = EDGE_CURVE('',#12106,#12100,#12105,.T.);
#12108 = ORIENTED_EDGE('',*,*,#12107,.F.);
#12109 = VECTOR('',#156,1.);
#12110 = LINE('',#12104,#12109);
#12111 = CARTESIAN_POINT('',(15.073829906,-12.533829906,0.007));
#12112 = VERTEX_POINT('',#12111);
#12113 = EDGE_CURVE('',#12106,#12112,#12110,.T.);
#12114 = ORIENTED_EDGE('',*,*,#12113,.T.);
#12115 = VECTOR('',#134,1.);
#12116 = LINE('',#12111,#12115);
#12117 = CARTESIAN_POINT('',(15.24,-12.465,0.007));
#12118 = VERTEX_POINT('',#12117);
#12119 = EDGE_CURVE('',#12112,#12118,#12116,.T.);
#12120 = ORIENTED_EDGE('',*,*,#12119,.T.);
#12121 = VECTOR('',#142,1.);
#12122 = LINE('',#12117,#12121);
#12123 = CARTESIAN_POINT('',(15.406170094,-12.533829906,0.007));
#12124 = VERTEX_POINT('',#12123);
#12125 = EDGE_CURVE('',#12118,#12124,#12122,.T.);
#12126 = ORIENTED_EDGE('',*,*,#12125,.T.);
#12127 = VECTOR('',#149,1.);
#12128 = LINE('',#12123,#12127);
#12129 = CARTESIAN_POINT('',(15.475,-12.7,0.007));
#12130 = VERTEX_POINT('',#12129);
#12131 = EDGE_CURVE('',#12124,#12130,#12128,.T.);
#12132 = ORIENTED_EDGE('',*,*,#12131,.T.);
#12133 = VECTOR('',#156,1.);
#12134 = LINE('',#12087,#12133);
#12135 = EDGE_CURVE('',#12094,#12130,#12134,.T.);
#12136 = ORIENTED_EDGE('',*,*,#12135,.F.);
#12137 = EDGE_LOOP('',(#12096,#12102,#12108,#12114,#12120,#12126,#12132,#12136));
#12138 = FACE_OUTER_BOUND('',#12137,.T.);
#12139 = ADVANCED_FACE('',(#12138),#12089,.T.);
#12140 = CARTESIAN_POINT('',(15.475,-12.7,4.007));
#12141 = AXIS2_PLACEMENT_3D('',#12140,#16,#51);
#12142 = PLANE('',#12141);
#12143 = VECTOR('',#149,1.);
#12144 = CARTESIAN_POINT('',(15.406170094,-12.533829906,4.007));
#12145 = LINE('',#12144,#12143);
#12146 = VERTEX_POINT('',#12144);
#12147 = VERTEX_POINT('',#12140);
#12148 = EDGE_CURVE('',#12146,#12147,#12145,.T.);
#12149 = ORIENTED_EDGE('',*,*,#12148,.F.);
#12150 = VECTOR('',#142,1.);
#12151 = CARTESIAN_POINT('',(15.24,-12.465,4.007));
#12152 = LINE('',#12151,#12150);
#12153 = VERTEX_POINT('',#12151);
#12154 = EDGE_CURVE('',#12153,#12146,#12152,.T.);
#12155 = ORIENTED_EDGE('',*,*,#12154,.F.);
#12156 = VECTOR('',#134,1.);
#12157 = CARTESIAN_POINT('',(15.073829906,-12.533829906,4.007));
#12158 = LINE('',#12157,#12156);
#12159 = VERTEX_POINT('',#12157);
#12160 = EDGE_CURVE('',#12159,#12153,#12158,.T.);
#12161 = ORIENTED_EDGE('',*,*,#12160,.F.);
#12162 = VECTOR('',#156,1.);
#12163 = CARTESIAN_POINT('',(15.005,-12.7,4.007));
#12164 = LINE('',#12163,#12162);
#12165 = VERTEX_POINT('',#12163);
#12166 = EDGE_CURVE('',#12165,#12159,#12164,.T.);
#12167 = ORIENTED_EDGE('',*,*,#12166,.F.);
#12168 = VECTOR('',#149,1.);
#12169 = LINE('',#12163,#12168);
#12170 = CARTESIAN_POINT('',(15.073829906,-12.866170094,4.007));
#12171 = VERTEX_POINT('',#12170);
#12172 = EDGE_CURVE('',#12165,#12171,#12169,.T.);
#12173 = ORIENTED_EDGE('',*,*,#12172,.T.);
#12174 = VECTOR('',#142,1.);
#12175 = LINE('',#12170,#12174);
#12176 = CARTESIAN_POINT('',(15.24,-12.935,4.007));
#12177 = VERTEX_POINT('',#12176);
#12178 = EDGE_CURVE('',#12171,#12177,#12175,.T.);
#12179 = ORIENTED_EDGE('',*,*,#12178,.T.);
#12180 = VECTOR('',#134,1.);
#12181 = LINE('',#12176,#12180);
#12182 = CARTESIAN_POINT('',(15.406170094,-12.866170094,4.007));
#12183 = VERTEX_POINT('',#12182);
#12184 = EDGE_CURVE('',#12177,#12183,#12181,.T.);
#12185 = ORIENTED_EDGE('',*,*,#12184,.T.);
#12186 = VECTOR('',#156,1.);
#12187 = LINE('',#12182,#12186);
#12188 = EDGE_CURVE('',#12183,#12147,#12187,.T.);
#12189 = ORIENTED_EDGE('',*,*,#12188,.T.);
#12190 = EDGE_LOOP('',(#12149,#12155,#12161,#12167,#12173,#12179,#12185,#12189));
#12191 = FACE_OUTER_BOUND('',#12190,.T.);
#12192 = ADVANCED_FACE('',(#12191),#12142,.T.);
#12193 = AXIS2_PLACEMENT_3D('',#12129,#134,#20);
#12194 = PLANE('',#12193);
#12195 = ORIENTED_EDGE('',*,*,#12131,.F.);
#12196 = VECTOR('',#16,1.);
#12197 = LINE('',#12123,#12196);
#12198 = EDGE_CURVE('',#12124,#12146,#12197,.T.);
#12199 = ORIENTED_EDGE('',*,*,#12198,.T.);
#12200 = ORIENTED_EDGE('',*,*,#12148,.T.);
#12201 = VECTOR('',#16,1.);
#12202 = LINE('',#12129,#12201);
#12203 = EDGE_CURVE('',#12130,#12147,#12202,.T.);
#12204 = ORIENTED_EDGE('',*,*,#12203,.F.);
#12205 = EDGE_LOOP('',(#12195,#12199,#12200,#12204));
#12206 = FACE_OUTER_BOUND('',#12205,.T.);
#12207 = ADVANCED_FACE('',(#12206),#12194,.T.);
#12208 = AXIS2_PLACEMENT_3D('',#12123,#156,#16);
#12209 = PLANE('',#12208);
#12210 = ORIENTED_EDGE('',*,*,#12125,.F.);
#12211 = VECTOR('',#16,1.);
#12212 = LINE('',#12117,#12211);
#12213 = EDGE_CURVE('',#12118,#12153,#12212,.T.);
#12214 = ORIENTED_EDGE('',*,*,#12213,.T.);
#12215 = ORIENTED_EDGE('',*,*,#12154,.T.);
#12216 = ORIENTED_EDGE('',*,*,#12198,.F.);
#12217 = EDGE_LOOP('',(#12210,#12214,#12215,#12216));
#12218 = FACE_OUTER_BOUND('',#12217,.T.);
#12219 = ADVANCED_FACE('',(#12218),#12209,.T.);
#12220 = AXIS2_PLACEMENT_3D('',#12117,#268,#16);
#12221 = PLANE('',#12220);
#12222 = ORIENTED_EDGE('',*,*,#12119,.F.);
#12223 = VECTOR('',#16,1.);
#12224 = LINE('',#12111,#12223);
#12225 = EDGE_CURVE('',#12112,#12159,#12224,.T.);
#12226 = ORIENTED_EDGE('',*,*,#12225,.T.);
#12227 = ORIENTED_EDGE('',*,*,#12160,.T.);
#12228 = ORIENTED_EDGE('',*,*,#12213,.F.);
#12229 = EDGE_LOOP('',(#12222,#12226,#12227,#12228));
#12230 = FACE_OUTER_BOUND('',#12229,.T.);
#12231 = ADVANCED_FACE('',(#12230),#12221,.T.);
#12232 = AXIS2_PLACEMENT_3D('',#12111,#281,#16);
#12233 = PLANE('',#12232);
#12234 = ORIENTED_EDGE('',*,*,#12113,.F.);
#12235 = VECTOR('',#16,1.);
#12236 = LINE('',#12104,#12235);
#12237 = EDGE_CURVE('',#12106,#12165,#12236,.T.);
#12238 = ORIENTED_EDGE('',*,*,#12237,.T.);
#12239 = ORIENTED_EDGE('',*,*,#12166,.T.);
#12240 = ORIENTED_EDGE('',*,*,#12225,.F.);
#12241 = EDGE_LOOP('',(#12234,#12238,#12239,#12240));
#12242 = FACE_OUTER_BOUND('',#12241,.T.);
#12243 = ADVANCED_FACE('',(#12242),#12233,.T.);
#12244 = AXIS2_PLACEMENT_3D('',#12104,#294,#16);
#12245 = PLANE('',#12244);
#12246 = ORIENTED_EDGE('',*,*,#12107,.T.);
#12247 = VECTOR('',#16,1.);
#12248 = LINE('',#12098,#12247);
#12249 = EDGE_CURVE('',#12100,#12171,#12248,.T.);
#12250 = ORIENTED_EDGE('',*,*,#12249,.T.);
#12251 = ORIENTED_EDGE('',*,*,#12172,.F.);
#12252 = ORIENTED_EDGE('',*,*,#12237,.F.);
#12253 = EDGE_LOOP('',(#12246,#12250,#12251,#12252));
#12254 = FACE_OUTER_BOUND('',#12253,.T.);
#12255 = ADVANCED_FACE('',(#12254),#12245,.T.);
#12256 = AXIS2_PLACEMENT_3D('',#12098,#307,#20);
#12257 = PLANE('',#12256);
#12258 = ORIENTED_EDGE('',*,*,#12101,.T.);
#12259 = VECTOR('',#16,1.);
#12260 = LINE('',#12091,#12259);
#12261 = EDGE_CURVE('',#12093,#12177,#12260,.T.);
#12262 = ORIENTED_EDGE('',*,*,#12261,.T.);
#12263 = ORIENTED_EDGE('',*,*,#12178,.F.);
#12264 = ORIENTED_EDGE('',*,*,#12249,.F.);
#12265 = EDGE_LOOP('',(#12258,#12262,#12263,#12264));
#12266 = FACE_OUTER_BOUND('',#12265,.T.);
#12267 = ADVANCED_FACE('',(#12266),#12257,.T.);
#12268 = AXIS2_PLACEMENT_3D('',#12091,#149,#20);
#12269 = PLANE('',#12268);
#12270 = ORIENTED_EDGE('',*,*,#12095,.T.);
#12271 = VECTOR('',#16,1.);
#12272 = LINE('',#12087,#12271);
#12273 = EDGE_CURVE('',#12094,#12183,#12272,.T.);
#12274 = ORIENTED_EDGE('',*,*,#12273,.T.);
#12275 = ORIENTED_EDGE('',*,*,#12184,.F.);
#12276 = ORIENTED_EDGE('',*,*,#12261,.F.);
#12277 = EDGE_LOOP('',(#12270,#12274,#12275,#12276));
#12278 = FACE_OUTER_BOUND('',#12277,.T.);
#12279 = ADVANCED_FACE('',(#12278),#12269,.T.);
#12280 = AXIS2_PLACEMENT_3D('',#12087,#142,#20);
#12281 = PLANE('',#12280);
#12282 = ORIENTED_EDGE('',*,*,#12135,.T.);
#12283 = ORIENTED_EDGE('',*,*,#12203,.T.);
#12284 = ORIENTED_EDGE('',*,*,#12188,.F.);
#12285 = ORIENTED_EDGE('',*,*,#12273,.F.);
#12286 = EDGE_LOOP('',(#12282,#12283,#12284,#12285));
#12287 = FACE_OUTER_BOUND('',#12286,.T.);
#12288 = ADVANCED_FACE('',(#12287),#12281,.T.);
#12289 = CLOSED_SHELL('',(#12139,#12192,#12207,#12219,#12231,#12243,#12255,#12267,#12279,#12288));
#12290 = MANIFOLD_SOLID_BREP('contact',#12289);
#12291 = CARTESIAN_POINT('',(15.469809704,-12.929809704,8.057));
#12292 = AXIS2_PLACEMENT_3D('',#12291,#20,#21);
#12293 = PLANE('',#12292);
#12294 = VECTOR('',#346,1.);
#12295 = CARTESIAN_POINT('',(15.24,-13.025,8.057));
#12296 = LINE('',#12295,#12294);
#12297 = VERTEX_POINT('',#12295);
#12298 = VERTEX_POINT('',#12291);
#12299 = EDGE_CURVE('',#12297,#12298,#12296,.T.);
#12300 = ORIENTED_EDGE('',*,*,#12299,.F.);
#12301 = VECTOR('',#354,1.);
#12302 = CARTESIAN_POINT('',(15.010190296,-12.929809704,8.057));
#12303 = LINE('',#12302,#12301);
#12304 = VERTEX_POINT('',#12302);
#12305 = EDGE_CURVE('',#12304,#12297,#12303,.T.);
#12306 = ORIENTED_EDGE('',*,*,#12305,.F.);
#12307 = VECTOR('',#361,1.);
#12308 = CARTESIAN_POINT('',(14.915,-12.7,8.057));
#12309 = LINE('',#12308,#12307);
#12310 = VERTEX_POINT('',#12308);
#12311 = EDGE_CURVE('',#12310,#12304,#12309,.T.);
#12312 = ORIENTED_EDGE('',*,*,#12311,.F.);
#12313 = VECTOR('',#368,1.);
#12314 = LINE('',#12308,#12313);
#12315 = CARTESIAN_POINT('',(15.010190296,-12.470190296,8.057));
#12316 = VERTEX_POINT('',#12315);
#12317 = EDGE_CURVE('',#12310,#12316,#12314,.T.);
#12318 = ORIENTED_EDGE('',*,*,#12317,.T.);
#12319 = VECTOR('',#346,1.);
#12320 = LINE('',#12315,#12319);
#12321 = CARTESIAN_POINT('',(15.24,-12.375,8.057));
#12322 = VERTEX_POINT('',#12321);
#12323 = EDGE_CURVE('',#12316,#12322,#12320,.T.);
#12324 = ORIENTED_EDGE('',*,*,#12323,.T.);
#12325 = VECTOR('',#354,1.);
#12326 = LINE('',#12321,#12325);
#12327 = CARTESIAN_POINT('',(15.469809704,-12.470190296,8.057));
#12328 = VERTEX_POINT('',#12327);
#12329 = EDGE_CURVE('',#12322,#12328,#12326,.T.);
#12330 = ORIENTED_EDGE('',*,*,#12329,.T.);
#12331 = VECTOR('',#361,1.);
#12332 = LINE('',#12327,#12331);
#12333 = CARTESIAN_POINT('',(15.565,-12.7,8.057));
#12334 = VERTEX_POINT('',#12333);
#12335 = EDGE_CURVE('',#12328,#12334,#12332,.T.);
#12336 = ORIENTED_EDGE('',*,*,#12335,.T.);
#12337 = VECTOR('',#368,1.);
#12338 = LINE('',#12291,#12337);
#12339 = EDGE_CURVE('',#12298,#12334,#12338,.T.);
#12340 = ORIENTED_EDGE('',*,*,#12339,.F.);
#12341 = EDGE_LOOP('',(#12300,#12306,#12312,#12318,#12324,#12330,#12336,#12340));
#12342 = FACE_OUTER_BOUND('',#12341,.T.);
#12343 = ADVANCED_FACE('',(#12342),#12293,.T.);
#12344 = CARTESIAN_POINT('',(15.565,-12.7,10.157));
#12345 = AXIS2_PLACEMENT_3D('',#12344,#16,#51);
#12346 = PLANE('',#12345);
#12347 = VECTOR('',#361,1.);
#12348 = CARTESIAN_POINT('',(15.469809704,-12.470190296,10.157));
#12349 = LINE('',#12348,#12347);
#12350 = VERTEX_POINT('',#12348);
#12351 = VERTEX_POINT('',#12344);
#12352 = EDGE_CURVE('',#12350,#12351,#12349,.T.);
#12353 = ORIENTED_EDGE('',*,*,#12352,.F.);
#12354 = VECTOR('',#354,1.);
#12355 = CARTESIAN_POINT('',(15.24,-12.375,10.157));
#12356 = LINE('',#12355,#12354);
#12357 = VERTEX_POINT('',#12355);
#12358 = EDGE_CURVE('',#12357,#12350,#12356,.T.);
#12359 = ORIENTED_EDGE('',*,*,#12358,.F.);
#12360 = VECTOR('',#346,1.);
#12361 = CARTESIAN_POINT('',(15.010190296,-12.470190296,10.157));
#12362 = LINE('',#12361,#12360);
#12363 = VERTEX_POINT('',#12361);
#12364 = EDGE_CURVE('',#12363,#12357,#12362,.T.);
#12365 = ORIENTED_EDGE('',*,*,#12364,.F.);
#12366 = VECTOR('',#368,1.);
#12367 = CARTESIAN_POINT('',(14.915,-12.7,10.157));
#12368 = LINE('',#12367,#12366);
#12369 = VERTEX_POINT('',#12367);
#12370 = EDGE_CURVE('',#12369,#12363,#12368,.T.);
#12371 = ORIENTED_EDGE('',*,*,#12370,.F.);
#12372 = VECTOR('',#361,1.);
#12373 = LINE('',#12367,#12372);
#12374 = CARTESIAN_POINT('',(15.010190296,-12.929809704,10.157));
#12375 = VERTEX_POINT('',#12374);
#12376 = EDGE_CURVE('',#12369,#12375,#12373,.T.);
#12377 = ORIENTED_EDGE('',*,*,#12376,.T.);
#12378 = VECTOR('',#354,1.);
#12379 = LINE('',#12374,#12378);
#12380 = CARTESIAN_POINT('',(15.24,-13.025,10.157));
#12381 = VERTEX_POINT('',#12380);
#12382 = EDGE_CURVE('',#12375,#12381,#12379,.T.);
#12383 = ORIENTED_EDGE('',*,*,#12382,.T.);
#12384 = VECTOR('',#346,1.);
#12385 = LINE('',#12380,#12384);
#12386 = CARTESIAN_POINT('',(15.469809704,-12.929809704,10.157));
#12387 = VERTEX_POINT('',#12386);
#12388 = EDGE_CURVE('',#12381,#12387,#12385,.T.);
#12389 = ORIENTED_EDGE('',*,*,#12388,.T.);
#12390 = VECTOR('',#368,1.);
#12391 = LINE('',#12386,#12390);
#12392 = EDGE_CURVE('',#12387,#12351,#12391,.T.);
#12393 = ORIENTED_EDGE('',*,*,#12392,.T.);
#12394 = EDGE_LOOP('',(#12353,#12359,#12365,#12371,#12377,#12383,#12389,#12393));
#12395 = FACE_OUTER_BOUND('',#12394,.T.);
#12396 = ADVANCED_FACE('',(#12395),#12346,.T.);
#12397 = AXIS2_PLACEMENT_3D('',#12333,#346,#20);
#12398 = PLANE('',#12397);
#12399 = ORIENTED_EDGE('',*,*,#12335,.F.);
#12400 = VECTOR('',#16,1.);
#12401 = LINE('',#12327,#12400);
#12402 = EDGE_CURVE('',#12328,#12350,#12401,.T.);
#12403 = ORIENTED_EDGE('',*,*,#12402,.T.);
#12404 = ORIENTED_EDGE('',*,*,#12352,.T.);
#12405 = VECTOR('',#16,1.);
#12406 = LINE('',#12333,#12405);
#12407 = EDGE_CURVE('',#12334,#12351,#12406,.T.);
#12408 = ORIENTED_EDGE('',*,*,#12407,.F.);
#12409 = EDGE_LOOP('',(#12399,#12403,#12404,#12408));
#12410 = FACE_OUTER_BOUND('',#12409,.T.);
#12411 = ADVANCED_FACE('',(#12410),#12398,.T.);
#12412 = AXIS2_PLACEMENT_3D('',#12327,#368,#16);
#12413 = PLANE('',#12412);
#12414 = ORIENTED_EDGE('',*,*,#12329,.F.);
#12415 = VECTOR('',#16,1.);
#12416 = LINE('',#12321,#12415);
#12417 = EDGE_CURVE('',#12322,#12357,#12416,.T.);
#12418 = ORIENTED_EDGE('',*,*,#12417,.T.);
#12419 = ORIENTED_EDGE('',*,*,#12358,.T.);
#12420 = ORIENTED_EDGE('',*,*,#12402,.F.);
#12421 = EDGE_LOOP('',(#12414,#12418,#12419,#12420));
#12422 = FACE_OUTER_BOUND('',#12421,.T.);
#12423 = ADVANCED_FACE('',(#12422),#12413,.T.);
#12424 = AXIS2_PLACEMENT_3D('',#12321,#480,#16);
#12425 = PLANE('',#12424);
#12426 = ORIENTED_EDGE('',*,*,#12323,.F.);
#12427 = VECTOR('',#16,1.);
#12428 = LINE('',#12315,#12427);
#12429 = EDGE_CURVE('',#12316,#12363,#12428,.T.);
#12430 = ORIENTED_EDGE('',*,*,#12429,.T.);
#12431 = ORIENTED_EDGE('',*,*,#12364,.T.);
#12432 = ORIENTED_EDGE('',*,*,#12417,.F.);
#12433 = EDGE_LOOP('',(#12426,#12430,#12431,#12432));
#12434 = FACE_OUTER_BOUND('',#12433,.T.);
#12435 = ADVANCED_FACE('',(#12434),#12425,.T.);
#12436 = AXIS2_PLACEMENT_3D('',#12315,#493,#16);
#12437 = PLANE('',#12436);
#12438 = ORIENTED_EDGE('',*,*,#12317,.F.);
#12439 = VECTOR('',#16,1.);
#12440 = LINE('',#12308,#12439);
#12441 = EDGE_CURVE('',#12310,#12369,#12440,.T.);
#12442 = ORIENTED_EDGE('',*,*,#12441,.T.);
#12443 = ORIENTED_EDGE('',*,*,#12370,.T.);
#12444 = ORIENTED_EDGE('',*,*,#12429,.F.);
#12445 = EDGE_LOOP('',(#12438,#12442,#12443,#12444));
#12446 = FACE_OUTER_BOUND('',#12445,.T.);
#12447 = ADVANCED_FACE('',(#12446),#12437,.T.);
#12448 = AXIS2_PLACEMENT_3D('',#12308,#506,#16);
#12449 = PLANE('',#12448);
#12450 = ORIENTED_EDGE('',*,*,#12311,.T.);
#12451 = VECTOR('',#16,1.);
#12452 = LINE('',#12302,#12451);
#12453 = EDGE_CURVE('',#12304,#12375,#12452,.T.);
#12454 = ORIENTED_EDGE('',*,*,#12453,.T.);
#12455 = ORIENTED_EDGE('',*,*,#12376,.F.);
#12456 = ORIENTED_EDGE('',*,*,#12441,.F.);
#12457 = EDGE_LOOP('',(#12450,#12454,#12455,#12456));
#12458 = FACE_OUTER_BOUND('',#12457,.T.);
#12459 = ADVANCED_FACE('',(#12458),#12449,.T.);
#12460 = AXIS2_PLACEMENT_3D('',#12302,#519,#20);
#12461 = PLANE('',#12460);
#12462 = ORIENTED_EDGE('',*,*,#12305,.T.);
#12463 = VECTOR('',#16,1.);
#12464 = LINE('',#12295,#12463);
#12465 = EDGE_CURVE('',#12297,#12381,#12464,.T.);
#12466 = ORIENTED_EDGE('',*,*,#12465,.T.);
#12467 = ORIENTED_EDGE('',*,*,#12382,.F.);
#12468 = ORIENTED_EDGE('',*,*,#12453,.F.);
#12469 = EDGE_LOOP('',(#12462,#12466,#12467,#12468));
#12470 = FACE_OUTER_BOUND('',#12469,.T.);
#12471 = ADVANCED_FACE('',(#12470),#12461,.T.);
#12472 = AXIS2_PLACEMENT_3D('',#12295,#361,#20);
#12473 = PLANE('',#12472);
#12474 = ORIENTED_EDGE('',*,*,#12299,.T.);
#12475 = VECTOR('',#16,1.);
#12476 = LINE('',#12291,#12475);
#12477 = EDGE_CURVE('',#12298,#12387,#12476,.T.);
#12478 = ORIENTED_EDGE('',*,*,#12477,.T.);
#12479 = ORIENTED_EDGE('',*,*,#12388,.F.);
#12480 = ORIENTED_EDGE('',*,*,#12465,.F.);
#12481 = EDGE_LOOP('',(#12474,#12478,#12479,#12480));
#12482 = FACE_OUTER_BOUND('',#12481,.T.);
#12483 = ADVANCED_FACE('',(#12482),#12473,.T.);
#12484 = AXIS2_PLACEMENT_3D('',#12291,#354,#20);
#12485 = PLANE('',#12484);
#12486 = ORIENTED_EDGE('',*,*,#12339,.T.);
#12487 = ORIENTED_EDGE('',*,*,#12407,.T.);
#12488 = ORIENTED_EDGE('',*,*,#12392,.F.);
#12489 = ORIENTED_EDGE('',*,*,#12477,.F.);
#12490 = EDGE_LOOP('',(#12486,#12487,#12488,#12489));
#12491 = FACE_OUTER_BOUND('',#12490,.T.);
#12492 = ADVANCED_FACE('',(#12491),#12485,.T.);
#12493 = CLOSED_SHELL('',(#12343,#12396,#12411,#12423,#12435,#12447,#12459,#12471,#12483,#12492));
#12494 = MANIFOLD_SOLID_BREP('lead',#12493);
#12495 = CARTESIAN_POINT('',(15.406170094,-15.406170094,0.007));
#12496 = AXIS2_PLACEMENT_3D('',#12495,#20,#21);
#12497 = PLANE('',#12496);
#12498 = VECTOR('',#134,1.);
#12499 = CARTESIAN_POINT('',(15.24,-15.475,0.007));
#12500 = LINE('',#12499,#12498);
#12501 = VERTEX_POINT('',#12499);
#12502 = VERTEX_POINT('',#12495);
#12503 = EDGE_CURVE('',#12501,#12502,#12500,.T.);
#12504 = ORIENTED_EDGE('',*,*,#12503,.F.);
#12505 = VECTOR('',#142,1.);
#12506 = CARTESIAN_POINT('',(15.073829906,-15.406170094,0.007));
#12507 = LINE('',#12506,#12505);
#12508 = VERTEX_POINT('',#12506);
#12509 = EDGE_CURVE('',#12508,#12501,#12507,.T.);
#12510 = ORIENTED_EDGE('',*,*,#12509,.F.);
#12511 = VECTOR('',#149,1.);
#12512 = CARTESIAN_POINT('',(15.005,-15.24,0.007));
#12513 = LINE('',#12512,#12511);
#12514 = VERTEX_POINT('',#12512);
#12515 = EDGE_CURVE('',#12514,#12508,#12513,.T.);
#12516 = ORIENTED_EDGE('',*,*,#12515,.F.);
#12517 = VECTOR('',#156,1.);
#12518 = LINE('',#12512,#12517);
#12519 = CARTESIAN_POINT('',(15.073829906,-15.073829906,0.007));
#12520 = VERTEX_POINT('',#12519);
#12521 = EDGE_CURVE('',#12514,#12520,#12518,.T.);
#12522 = ORIENTED_EDGE('',*,*,#12521,.T.);
#12523 = VECTOR('',#134,1.);
#12524 = LINE('',#12519,#12523);
#12525 = CARTESIAN_POINT('',(15.24,-15.005,0.007));
#12526 = VERTEX_POINT('',#12525);
#12527 = EDGE_CURVE('',#12520,#12526,#12524,.T.);
#12528 = ORIENTED_EDGE('',*,*,#12527,.T.);
#12529 = VECTOR('',#142,1.);
#12530 = LINE('',#12525,#12529);
#12531 = CARTESIAN_POINT('',(15.406170094,-15.073829906,0.007));
#12532 = VERTEX_POINT('',#12531);
#12533 = EDGE_CURVE('',#12526,#12532,#12530,.T.);
#12534 = ORIENTED_EDGE('',*,*,#12533,.T.);
#12535 = VECTOR('',#149,1.);
#12536 = LINE('',#12531,#12535);
#12537 = CARTESIAN_POINT('',(15.475,-15.24,0.007));
#12538 = VERTEX_POINT('',#12537);
#12539 = EDGE_CURVE('',#12532,#12538,#12536,.T.);
#12540 = ORIENTED_EDGE('',*,*,#12539,.T.);
#12541 = VECTOR('',#156,1.);
#12542 = LINE('',#12495,#12541);
#12543 = EDGE_CURVE('',#12502,#12538,#12542,.T.);
#12544 = ORIENTED_EDGE('',*,*,#12543,.F.);
#12545 = EDGE_LOOP('',(#12504,#12510,#12516,#12522,#12528,#12534,#12540,#12544));
#12546 = FACE_OUTER_BOUND('',#12545,.T.);
#12547 = ADVANCED_FACE('',(#12546),#12497,.T.);
#12548 = CARTESIAN_POINT('',(15.475,-15.24,4.007));
#12549 = AXIS2_PLACEMENT_3D('',#12548,#16,#51);
#12550 = PLANE('',#12549);
#12551 = VECTOR('',#149,1.);
#12552 = CARTESIAN_POINT('',(15.406170094,-15.073829906,4.007));
#12553 = LINE('',#12552,#12551);
#12554 = VERTEX_POINT('',#12552);
#12555 = VERTEX_POINT('',#12548);
#12556 = EDGE_CURVE('',#12554,#12555,#12553,.T.);
#12557 = ORIENTED_EDGE('',*,*,#12556,.F.);
#12558 = VECTOR('',#142,1.);
#12559 = CARTESIAN_POINT('',(15.24,-15.005,4.007));
#12560 = LINE('',#12559,#12558);
#12561 = VERTEX_POINT('',#12559);
#12562 = EDGE_CURVE('',#12561,#12554,#12560,.T.);
#12563 = ORIENTED_EDGE('',*,*,#12562,.F.);
#12564 = VECTOR('',#134,1.);
#12565 = CARTESIAN_POINT('',(15.073829906,-15.073829906,4.007));
#12566 = LINE('',#12565,#12564);
#12567 = VERTEX_POINT('',#12565);
#12568 = EDGE_CURVE('',#12567,#12561,#12566,.T.);
#12569 = ORIENTED_EDGE('',*,*,#12568,.F.);
#12570 = VECTOR('',#156,1.);
#12571 = CARTESIAN_POINT('',(15.005,-15.24,4.007));
#12572 = LINE('',#12571,#12570);
#12573 = VERTEX_POINT('',#12571);
#12574 = EDGE_CURVE('',#12573,#12567,#12572,.T.);
#12575 = ORIENTED_EDGE('',*,*,#12574,.F.);
#12576 = VECTOR('',#149,1.);
#12577 = LINE('',#12571,#12576);
#12578 = CARTESIAN_POINT('',(15.073829906,-15.406170094,4.007));
#12579 = VERTEX_POINT('',#12578);
#12580 = EDGE_CURVE('',#12573,#12579,#12577,.T.);
#12581 = ORIENTED_EDGE('',*,*,#12580,.T.);
#12582 = VECTOR('',#142,1.);
#12583 = LINE('',#12578,#12582);
#12584 = CARTESIAN_POINT('',(15.24,-15.475,4.007));
#12585 = VERTEX_POINT('',#12584);
#12586 = EDGE_CURVE('',#12579,#12585,#12583,.T.);
#12587 = ORIENTED_EDGE('',*,*,#12586,.T.);
#12588 = VECTOR('',#134,1.);
#12589 = LINE('',#12584,#12588);
#12590 = CARTESIAN_POINT('',(15.406170094,-15.406170094,4.007));
#12591 = VERTEX_POINT('',#12590);
#12592 = EDGE_CURVE('',#12585,#12591,#12589,.T.);
#12593 = ORIENTED_EDGE('',*,*,#12592,.T.);
#12594 = VECTOR('',#156,1.);
#12595 = LINE('',#12590,#12594);
#12596 = EDGE_CURVE('',#12591,#12555,#12595,.T.);
#12597 = ORIENTED_EDGE('',*,*,#12596,.T.);
#12598 = EDGE_LOOP('',(#12557,#12563,#12569,#12575,#12581,#12587,#12593,#12597));
#12599 = FACE_OUTER_BOUND('',#12598,.T.);
#12600 = ADVANCED_FACE('',(#12599),#12550,.T.);
#12601 = AXIS2_PLACEMENT_3D('',#12537,#134,#20);
#12602 = PLANE('',#12601);
#12603 = ORIENTED_EDGE('',*,*,#12539,.F.);
#12604 = VECTOR('',#16,1.);
#12605 = LINE('',#12531,#12604);
#12606 = EDGE_CURVE('',#12532,#12554,#12605,.T.);
#12607 = ORIENTED_EDGE('',*,*,#12606,.T.);
#12608 = ORIENTED_EDGE('',*,*,#12556,.T.);
#12609 = VECTOR('',#16,1.);
#12610 = LINE('',#12537,#12609);
#12611 = EDGE_CURVE('',#12538,#12555,#12610,.T.);
#12612 = ORIENTED_EDGE('',*,*,#12611,.F.);
#12613 = EDGE_LOOP('',(#12603,#12607,#12608,#12612));
#12614 = FACE_OUTER_BOUND('',#12613,.T.);
#12615 = ADVANCED_FACE('',(#12614),#12602,.T.);
#12616 = AXIS2_PLACEMENT_3D('',#12531,#156,#16);
#12617 = PLANE('',#12616);
#12618 = ORIENTED_EDGE('',*,*,#12533,.F.);
#12619 = VECTOR('',#16,1.);
#12620 = LINE('',#12525,#12619);
#12621 = EDGE_CURVE('',#12526,#12561,#12620,.T.);
#12622 = ORIENTED_EDGE('',*,*,#12621,.T.);
#12623 = ORIENTED_EDGE('',*,*,#12562,.T.);
#12624 = ORIENTED_EDGE('',*,*,#12606,.F.);
#12625 = EDGE_LOOP('',(#12618,#12622,#12623,#12624));
#12626 = FACE_OUTER_BOUND('',#12625,.T.);
#12627 = ADVANCED_FACE('',(#12626),#12617,.T.);
#12628 = AXIS2_PLACEMENT_3D('',#12525,#268,#16);
#12629 = PLANE('',#12628);
#12630 = ORIENTED_EDGE('',*,*,#12527,.F.);
#12631 = VECTOR('',#16,1.);
#12632 = LINE('',#12519,#12631);
#12633 = EDGE_CURVE('',#12520,#12567,#12632,.T.);
#12634 = ORIENTED_EDGE('',*,*,#12633,.T.);
#12635 = ORIENTED_EDGE('',*,*,#12568,.T.);
#12636 = ORIENTED_EDGE('',*,*,#12621,.F.);
#12637 = EDGE_LOOP('',(#12630,#12634,#12635,#12636));
#12638 = FACE_OUTER_BOUND('',#12637,.T.);
#12639 = ADVANCED_FACE('',(#12638),#12629,.T.);
#12640 = AXIS2_PLACEMENT_3D('',#12519,#281,#16);
#12641 = PLANE('',#12640);
#12642 = ORIENTED_EDGE('',*,*,#12521,.F.);
#12643 = VECTOR('',#16,1.);
#12644 = LINE('',#12512,#12643);
#12645 = EDGE_CURVE('',#12514,#12573,#12644,.T.);
#12646 = ORIENTED_EDGE('',*,*,#12645,.T.);
#12647 = ORIENTED_EDGE('',*,*,#12574,.T.);
#12648 = ORIENTED_EDGE('',*,*,#12633,.F.);
#12649 = EDGE_LOOP('',(#12642,#12646,#12647,#12648));
#12650 = FACE_OUTER_BOUND('',#12649,.T.);
#12651 = ADVANCED_FACE('',(#12650),#12641,.T.);
#12652 = AXIS2_PLACEMENT_3D('',#12512,#294,#16);
#12653 = PLANE('',#12652);
#12654 = ORIENTED_EDGE('',*,*,#12515,.T.);
#12655 = VECTOR('',#16,1.);
#12656 = LINE('',#12506,#12655);
#12657 = EDGE_CURVE('',#12508,#12579,#12656,.T.);
#12658 = ORIENTED_EDGE('',*,*,#12657,.T.);
#12659 = ORIENTED_EDGE('',*,*,#12580,.F.);
#12660 = ORIENTED_EDGE('',*,*,#12645,.F.);
#12661 = EDGE_LOOP('',(#12654,#12658,#12659,#12660));
#12662 = FACE_OUTER_BOUND('',#12661,.T.);
#12663 = ADVANCED_FACE('',(#12662),#12653,.T.);
#12664 = AXIS2_PLACEMENT_3D('',#12506,#307,#20);
#12665 = PLANE('',#12664);
#12666 = ORIENTED_EDGE('',*,*,#12509,.T.);
#12667 = VECTOR('',#16,1.);
#12668 = LINE('',#12499,#12667);
#12669 = EDGE_CURVE('',#12501,#12585,#12668,.T.);
#12670 = ORIENTED_EDGE('',*,*,#12669,.T.);
#12671 = ORIENTED_EDGE('',*,*,#12586,.F.);
#12672 = ORIENTED_EDGE('',*,*,#12657,.F.);
#12673 = EDGE_LOOP('',(#12666,#12670,#12671,#12672));
#12674 = FACE_OUTER_BOUND('',#12673,.T.);
#12675 = ADVANCED_FACE('',(#12674),#12665,.T.);
#12676 = AXIS2_PLACEMENT_3D('',#12499,#149,#20);
#12677 = PLANE('',#12676);
#12678 = ORIENTED_EDGE('',*,*,#12503,.T.);
#12679 = VECTOR('',#16,1.);
#12680 = LINE('',#12495,#12679);
#12681 = EDGE_CURVE('',#12502,#12591,#12680,.T.);
#12682 = ORIENTED_EDGE('',*,*,#12681,.T.);
#12683 = ORIENTED_EDGE('',*,*,#12592,.F.);
#12684 = ORIENTED_EDGE('',*,*,#12669,.F.);
#12685 = EDGE_LOOP('',(#12678,#12682,#12683,#12684));
#12686 = FACE_OUTER_BOUND('',#12685,.T.);
#12687 = ADVANCED_FACE('',(#12686),#12677,.T.);
#12688 = AXIS2_PLACEMENT_3D('',#12495,#142,#20);
#12689 = PLANE('',#12688);
#12690 = ORIENTED_EDGE('',*,*,#12543,.T.);
#12691 = ORIENTED_EDGE('',*,*,#12611,.T.);
#12692 = ORIENTED_EDGE('',*,*,#12596,.F.);
#12693 = ORIENTED_EDGE('',*,*,#12681,.F.);
#12694 = EDGE_LOOP('',(#12690,#12691,#12692,#12693));
#12695 = FACE_OUTER_BOUND('',#12694,.T.);
#12696 = ADVANCED_FACE('',(#12695),#12689,.T.);
#12697 = CLOSED_SHELL('',(#12547,#12600,#12615,#12627,#12639,#12651,#12663,#12675,#12687,#12696));
#12698 = MANIFOLD_SOLID_BREP('contact',#12697);
#12699 = CARTESIAN_POINT('',(15.469809704,-15.469809704,8.057));
#12700 = AXIS2_PLACEMENT_3D('',#12699,#20,#21);
#12701 = PLANE('',#12700);
#12702 = VECTOR('',#346,1.);
#12703 = CARTESIAN_POINT('',(15.24,-15.565,8.057));
#12704 = LINE('',#12703,#12702);
#12705 = VERTEX_POINT('',#12703);
#12706 = VERTEX_POINT('',#12699);
#12707 = EDGE_CURVE('',#12705,#12706,#12704,.T.);
#12708 = ORIENTED_EDGE('',*,*,#12707,.F.);
#12709 = VECTOR('',#354,1.);
#12710 = CARTESIAN_POINT('',(15.010190296,-15.469809704,8.057));
#12711 = LINE('',#12710,#12709);
#12712 = VERTEX_POINT('',#12710);
#12713 = EDGE_CURVE('',#12712,#12705,#12711,.T.);
#12714 = ORIENTED_EDGE('',*,*,#12713,.F.);
#12715 = VECTOR('',#361,1.);
#12716 = CARTESIAN_POINT('',(14.915,-15.24,8.057));
#12717 = LINE('',#12716,#12715);
#12718 = VERTEX_POINT('',#12716);
#12719 = EDGE_CURVE('',#12718,#12712,#12717,.T.);
#12720 = ORIENTED_EDGE('',*,*,#12719,.F.);
#12721 = VECTOR('',#368,1.);
#12722 = LINE('',#12716,#12721);
#12723 = CARTESIAN_POINT('',(15.010190296,-15.010190296,8.057));
#12724 = VERTEX_POINT('',#12723);
#12725 = EDGE_CURVE('',#12718,#12724,#12722,.T.);
#12726 = ORIENTED_EDGE('',*,*,#12725,.T.);
#12727 = VECTOR('',#346,1.);
#12728 = LINE('',#12723,#12727);
#12729 = CARTESIAN_POINT('',(15.24,-14.915,8.057));
#12730 = VERTEX_POINT('',#12729);
#12731 = EDGE_CURVE('',#12724,#12730,#12728,.T.);
#12732 = ORIENTED_EDGE('',*,*,#12731,.T.);
#12733 = VECTOR('',#354,1.);
#12734 = LINE('',#12729,#12733);
#12735 = CARTESIAN_POINT('',(15.469809704,-15.010190296,8.057));
#12736 = VERTEX_POINT('',#12735);
#12737 = EDGE_CURVE('',#12730,#12736,#12734,.T.);
#12738 = ORIENTED_EDGE('',*,*,#12737,.T.);
#12739 = VECTOR('',#361,1.);
#12740 = LINE('',#12735,#12739);
#12741 = CARTESIAN_POINT('',(15.565,-15.24,8.057));
#12742 = VERTEX_POINT('',#12741);
#12743 = EDGE_CURVE('',#12736,#12742,#12740,.T.);
#12744 = ORIENTED_EDGE('',*,*,#12743,.T.);
#12745 = VECTOR('',#368,1.);
#12746 = LINE('',#12699,#12745);
#12747 = EDGE_CURVE('',#12706,#12742,#12746,.T.);
#12748 = ORIENTED_EDGE('',*,*,#12747,.F.);
#12749 = EDGE_LOOP('',(#12708,#12714,#12720,#12726,#12732,#12738,#12744,#12748));
#12750 = FACE_OUTER_BOUND('',#12749,.T.);
#12751 = ADVANCED_FACE('',(#12750),#12701,.T.);
#12752 = CARTESIAN_POINT('',(15.565,-15.24,10.157));
#12753 = AXIS2_PLACEMENT_3D('',#12752,#16,#51);
#12754 = PLANE('',#12753);
#12755 = VECTOR('',#361,1.);
#12756 = CARTESIAN_POINT('',(15.469809704,-15.010190296,10.157));
#12757 = LINE('',#12756,#12755);
#12758 = VERTEX_POINT('',#12756);
#12759 = VERTEX_POINT('',#12752);
#12760 = EDGE_CURVE('',#12758,#12759,#12757,.T.);
#12761 = ORIENTED_EDGE('',*,*,#12760,.F.);
#12762 = VECTOR('',#354,1.);
#12763 = CARTESIAN_POINT('',(15.24,-14.915,10.157));
#12764 = LINE('',#12763,#12762);
#12765 = VERTEX_POINT('',#12763);
#12766 = EDGE_CURVE('',#12765,#12758,#12764,.T.);
#12767 = ORIENTED_EDGE('',*,*,#12766,.F.);
#12768 = VECTOR('',#346,1.);
#12769 = CARTESIAN_POINT('',(15.010190296,-15.010190296,10.157));
#12770 = LINE('',#12769,#12768);
#12771 = VERTEX_POINT('',#12769);
#12772 = EDGE_CURVE('',#12771,#12765,#12770,.T.);
#12773 = ORIENTED_EDGE('',*,*,#12772,.F.);
#12774 = VECTOR('',#368,1.);
#12775 = CARTESIAN_POINT('',(14.915,-15.24,10.157));
#12776 = LINE('',#12775,#12774);
#12777 = VERTEX_POINT('',#12775);
#12778 = EDGE_CURVE('',#12777,#12771,#12776,.T.);
#12779 = ORIENTED_EDGE('',*,*,#12778,.F.);
#12780 = VECTOR('',#361,1.);
#12781 = LINE('',#12775,#12780);
#12782 = CARTESIAN_POINT('',(15.010190296,-15.469809704,10.157));
#12783 = VERTEX_POINT('',#12782);
#12784 = EDGE_CURVE('',#12777,#12783,#12781,.T.);
#12785 = ORIENTED_EDGE('',*,*,#12784,.T.);
#12786 = VECTOR('',#354,1.);
#12787 = LINE('',#12782,#12786);
#12788 = CARTESIAN_POINT('',(15.24,-15.565,10.157));
#12789 = VERTEX_POINT('',#12788);
#12790 = EDGE_CURVE('',#12783,#12789,#12787,.T.);
#12791 = ORIENTED_EDGE('',*,*,#12790,.T.);
#12792 = VECTOR('',#346,1.);
#12793 = LINE('',#12788,#12792);
#12794 = CARTESIAN_POINT('',(15.469809704,-15.469809704,10.157));
#12795 = VERTEX_POINT('',#12794);
#12796 = EDGE_CURVE('',#12789,#12795,#12793,.T.);
#12797 = ORIENTED_EDGE('',*,*,#12796,.T.);
#12798 = VECTOR('',#368,1.);
#12799 = LINE('',#12794,#12798);
#12800 = EDGE_CURVE('',#12795,#12759,#12799,.T.);
#12801 = ORIENTED_EDGE('',*,*,#12800,.T.);
#12802 = EDGE_LOOP('',(#12761,#12767,#12773,#12779,#12785,#12791,#12797,#12801));
#12803 = FACE_OUTER_BOUND('',#12802,.T.);
#12804 = ADVANCED_FACE('',(#12803),#12754,.T.);
#12805 = AXIS2_PLACEMENT_3D('',#12741,#346,#20);
#12806 = PLANE('',#12805);
#12807 = ORIENTED_EDGE('',*,*,#12743,.F.);
#12808 = VECTOR('',#16,1.);
#12809 = LINE('',#12735,#12808);
#12810 = EDGE_CURVE('',#12736,#12758,#12809,.T.);
#12811 = ORIENTED_EDGE('',*,*,#12810,.T.);
#12812 = ORIENTED_EDGE('',*,*,#12760,.T.);
#12813 = VECTOR('',#16,1.);
#12814 = LINE('',#12741,#12813);
#12815 = EDGE_CURVE('',#12742,#12759,#12814,.T.);
#12816 = ORIENTED_EDGE('',*,*,#12815,.F.);
#12817 = EDGE_LOOP('',(#12807,#12811,#12812,#12816));
#12818 = FACE_OUTER_BOUND('',#12817,.T.);
#12819 = ADVANCED_FACE('',(#12818),#12806,.T.);
#12820 = AXIS2_PLACEMENT_3D('',#12735,#368,#16);
#12821 = PLANE('',#12820);
#12822 = ORIENTED_EDGE('',*,*,#12737,.F.);
#12823 = VECTOR('',#16,1.);
#12824 = LINE('',#12729,#12823);
#12825 = EDGE_CURVE('',#12730,#12765,#12824,.T.);
#12826 = ORIENTED_EDGE('',*,*,#12825,.T.);
#12827 = ORIENTED_EDGE('',*,*,#12766,.T.);
#12828 = ORIENTED_EDGE('',*,*,#12810,.F.);
#12829 = EDGE_LOOP('',(#12822,#12826,#12827,#12828));
#12830 = FACE_OUTER_BOUND('',#12829,.T.);
#12831 = ADVANCED_FACE('',(#12830),#12821,.T.);
#12832 = AXIS2_PLACEMENT_3D('',#12729,#480,#16);
#12833 = PLANE('',#12832);
#12834 = ORIENTED_EDGE('',*,*,#12731,.F.);
#12835 = VECTOR('',#16,1.);
#12836 = LINE('',#12723,#12835);
#12837 = EDGE_CURVE('',#12724,#12771,#12836,.T.);
#12838 = ORIENTED_EDGE('',*,*,#12837,.T.);
#12839 = ORIENTED_EDGE('',*,*,#12772,.T.);
#12840 = ORIENTED_EDGE('',*,*,#12825,.F.);
#12841 = EDGE_LOOP('',(#12834,#12838,#12839,#12840));
#12842 = FACE_OUTER_BOUND('',#12841,.T.);
#12843 = ADVANCED_FACE('',(#12842),#12833,.T.);
#12844 = AXIS2_PLACEMENT_3D('',#12723,#493,#16);
#12845 = PLANE('',#12844);
#12846 = ORIENTED_EDGE('',*,*,#12725,.F.);
#12847 = VECTOR('',#16,1.);
#12848 = LINE('',#12716,#12847);
#12849 = EDGE_CURVE('',#12718,#12777,#12848,.T.);
#12850 = ORIENTED_EDGE('',*,*,#12849,.T.);
#12851 = ORIENTED_EDGE('',*,*,#12778,.T.);
#12852 = ORIENTED_EDGE('',*,*,#12837,.F.);
#12853 = EDGE_LOOP('',(#12846,#12850,#12851,#12852));
#12854 = FACE_OUTER_BOUND('',#12853,.T.);
#12855 = ADVANCED_FACE('',(#12854),#12845,.T.);
#12856 = AXIS2_PLACEMENT_3D('',#12716,#506,#16);
#12857 = PLANE('',#12856);
#12858 = ORIENTED_EDGE('',*,*,#12719,.T.);
#12859 = VECTOR('',#16,1.);
#12860 = LINE('',#12710,#12859);
#12861 = EDGE_CURVE('',#12712,#12783,#12860,.T.);
#12862 = ORIENTED_EDGE('',*,*,#12861,.T.);
#12863 = ORIENTED_EDGE('',*,*,#12784,.F.);
#12864 = ORIENTED_EDGE('',*,*,#12849,.F.);
#12865 = EDGE_LOOP('',(#12858,#12862,#12863,#12864));
#12866 = FACE_OUTER_BOUND('',#12865,.T.);
#12867 = ADVANCED_FACE('',(#12866),#12857,.T.);
#12868 = AXIS2_PLACEMENT_3D('',#12710,#519,#20);
#12869 = PLANE('',#12868);
#12870 = ORIENTED_EDGE('',*,*,#12713,.T.);
#12871 = VECTOR('',#16,1.);
#12872 = LINE('',#12703,#12871);
#12873 = EDGE_CURVE('',#12705,#12789,#12872,.T.);
#12874 = ORIENTED_EDGE('',*,*,#12873,.T.);
#12875 = ORIENTED_EDGE('',*,*,#12790,.F.);
#12876 = ORIENTED_EDGE('',*,*,#12861,.F.);
#12877 = EDGE_LOOP('',(#12870,#12874,#12875,#12876));
#12878 = FACE_OUTER_BOUND('',#12877,.T.);
#12879 = ADVANCED_FACE('',(#12878),#12869,.T.);
#12880 = AXIS2_PLACEMENT_3D('',#12703,#361,#20);
#12881 = PLANE('',#12880);
#12882 = ORIENTED_EDGE('',*,*,#12707,.T.);
#12883 = VECTOR('',#16,1.);
#12884 = LINE('',#12699,#12883);
#12885 = EDGE_CURVE('',#12706,#12795,#12884,.T.);
#12886 = ORIENTED_EDGE('',*,*,#12885,.T.);
#12887 = ORIENTED_EDGE('',*,*,#12796,.F.);
#12888 = ORIENTED_EDGE('',*,*,#12873,.F.);
#12889 = EDGE_LOOP('',(#12882,#12886,#12887,#12888));
#12890 = FACE_OUTER_BOUND('',#12889,.T.);
#12891 = ADVANCED_FACE('',(#12890),#12881,.T.);
#12892 = AXIS2_PLACEMENT_3D('',#12699,#354,#20);
#12893 = PLANE('',#12892);
#12894 = ORIENTED_EDGE('',*,*,#12747,.T.);
#12895 = ORIENTED_EDGE('',*,*,#12815,.T.);
#12896 = ORIENTED_EDGE('',*,*,#12800,.F.);
#12897 = ORIENTED_EDGE('',*,*,#12885,.F.);
#12898 = EDGE_LOOP('',(#12894,#12895,#12896,#12897));
#12899 = FACE_OUTER_BOUND('',#12898,.T.);
#12900 = ADVANCED_FACE('',(#12899),#12893,.T.);
#12901 = CLOSED_SHELL('',(#12751,#12804,#12819,#12831,#12843,#12855,#12867,#12879,#12891,#12900));
#12902 = MANIFOLD_SOLID_BREP('lead',#12901);
#12903 = CARTESIAN_POINT('',(15.406170094,-17.946170094,0.007));
#12904 = AXIS2_PLACEMENT_3D('',#12903,#20,#21);
#12905 = PLANE('',#12904);
#12906 = VECTOR('',#134,1.);
#12907 = CARTESIAN_POINT('',(15.24,-18.015,0.007));
#12908 = LINE('',#12907,#12906);
#12909 = VERTEX_POINT('',#12907);
#12910 = VERTEX_POINT('',#12903);
#12911 = EDGE_CURVE('',#12909,#12910,#12908,.T.);
#12912 = ORIENTED_EDGE('',*,*,#12911,.F.);
#12913 = VECTOR('',#142,1.);
#12914 = CARTESIAN_POINT('',(15.073829906,-17.946170094,0.007));
#12915 = LINE('',#12914,#12913);
#12916 = VERTEX_POINT('',#12914);
#12917 = EDGE_CURVE('',#12916,#12909,#12915,.T.);
#12918 = ORIENTED_EDGE('',*,*,#12917,.F.);
#12919 = VECTOR('',#149,1.);
#12920 = CARTESIAN_POINT('',(15.005,-17.78,0.007));
#12921 = LINE('',#12920,#12919);
#12922 = VERTEX_POINT('',#12920);
#12923 = EDGE_CURVE('',#12922,#12916,#12921,.T.);
#12924 = ORIENTED_EDGE('',*,*,#12923,.F.);
#12925 = VECTOR('',#156,1.);
#12926 = LINE('',#12920,#12925);
#12927 = CARTESIAN_POINT('',(15.073829906,-17.613829906,0.007));
#12928 = VERTEX_POINT('',#12927);
#12929 = EDGE_CURVE('',#12922,#12928,#12926,.T.);
#12930 = ORIENTED_EDGE('',*,*,#12929,.T.);
#12931 = VECTOR('',#134,1.);
#12932 = LINE('',#12927,#12931);
#12933 = CARTESIAN_POINT('',(15.24,-17.545,0.007));
#12934 = VERTEX_POINT('',#12933);
#12935 = EDGE_CURVE('',#12928,#12934,#12932,.T.);
#12936 = ORIENTED_EDGE('',*,*,#12935,.T.);
#12937 = VECTOR('',#142,1.);
#12938 = LINE('',#12933,#12937);
#12939 = CARTESIAN_POINT('',(15.406170094,-17.613829906,0.007));
#12940 = VERTEX_POINT('',#12939);
#12941 = EDGE_CURVE('',#12934,#12940,#12938,.T.);
#12942 = ORIENTED_EDGE('',*,*,#12941,.T.);
#12943 = VECTOR('',#149,1.);
#12944 = LINE('',#12939,#12943);
#12945 = CARTESIAN_POINT('',(15.475,-17.78,0.007));
#12946 = VERTEX_POINT('',#12945);
#12947 = EDGE_CURVE('',#12940,#12946,#12944,.T.);
#12948 = ORIENTED_EDGE('',*,*,#12947,.T.);
#12949 = VECTOR('',#156,1.);
#12950 = LINE('',#12903,#12949);
#12951 = EDGE_CURVE('',#12910,#12946,#12950,.T.);
#12952 = ORIENTED_EDGE('',*,*,#12951,.F.);
#12953 = EDGE_LOOP('',(#12912,#12918,#12924,#12930,#12936,#12942,#12948,#12952));
#12954 = FACE_OUTER_BOUND('',#12953,.T.);
#12955 = ADVANCED_FACE('',(#12954),#12905,.T.);
#12956 = CARTESIAN_POINT('',(15.475,-17.78,4.007));
#12957 = AXIS2_PLACEMENT_3D('',#12956,#16,#51);
#12958 = PLANE('',#12957);
#12959 = VECTOR('',#149,1.);
#12960 = CARTESIAN_POINT('',(15.406170094,-17.613829906,4.007));
#12961 = LINE('',#12960,#12959);
#12962 = VERTEX_POINT('',#12960);
#12963 = VERTEX_POINT('',#12956);
#12964 = EDGE_CURVE('',#12962,#12963,#12961,.T.);
#12965 = ORIENTED_EDGE('',*,*,#12964,.F.);
#12966 = VECTOR('',#142,1.);
#12967 = CARTESIAN_POINT('',(15.24,-17.545,4.007));
#12968 = LINE('',#12967,#12966);
#12969 = VERTEX_POINT('',#12967);
#12970 = EDGE_CURVE('',#12969,#12962,#12968,.T.);
#12971 = ORIENTED_EDGE('',*,*,#12970,.F.);
#12972 = VECTOR('',#134,1.);
#12973 = CARTESIAN_POINT('',(15.073829906,-17.613829906,4.007));
#12974 = LINE('',#12973,#12972);
#12975 = VERTEX_POINT('',#12973);
#12976 = EDGE_CURVE('',#12975,#12969,#12974,.T.);
#12977 = ORIENTED_EDGE('',*,*,#12976,.F.);
#12978 = VECTOR('',#156,1.);
#12979 = CARTESIAN_POINT('',(15.005,-17.78,4.007));
#12980 = LINE('',#12979,#12978);
#12981 = VERTEX_POINT('',#12979);
#12982 = EDGE_CURVE('',#12981,#12975,#12980,.T.);
#12983 = ORIENTED_EDGE('',*,*,#12982,.F.);
#12984 = VECTOR('',#149,1.);
#12985 = LINE('',#12979,#12984);
#12986 = CARTESIAN_POINT('',(15.073829906,-17.946170094,4.007));
#12987 = VERTEX_POINT('',#12986);
#12988 = EDGE_CURVE('',#12981,#12987,#12985,.T.);
#12989 = ORIENTED_EDGE('',*,*,#12988,.T.);
#12990 = VECTOR('',#142,1.);
#12991 = LINE('',#12986,#12990);
#12992 = CARTESIAN_POINT('',(15.24,-18.015,4.007));
#12993 = VERTEX_POINT('',#12992);
#12994 = EDGE_CURVE('',#12987,#12993,#12991,.T.);
#12995 = ORIENTED_EDGE('',*,*,#12994,.T.);
#12996 = VECTOR('',#134,1.);
#12997 = LINE('',#12992,#12996);
#12998 = CARTESIAN_POINT('',(15.406170094,-17.946170094,4.007));
#12999 = VERTEX_POINT('',#12998);
#13000 = EDGE_CURVE('',#12993,#12999,#12997,.T.);
#13001 = ORIENTED_EDGE('',*,*,#13000,.T.);
#13002 = VECTOR('',#156,1.);
#13003 = LINE('',#12998,#13002);
#13004 = EDGE_CURVE('',#12999,#12963,#13003,.T.);
#13005 = ORIENTED_EDGE('',*,*,#13004,.T.);
#13006 = EDGE_LOOP('',(#12965,#12971,#12977,#12983,#12989,#12995,#13001,#13005));
#13007 = FACE_OUTER_BOUND('',#13006,.T.);
#13008 = ADVANCED_FACE('',(#13007),#12958,.T.);
#13009 = AXIS2_PLACEMENT_3D('',#12945,#134,#20);
#13010 = PLANE('',#13009);
#13011 = ORIENTED_EDGE('',*,*,#12947,.F.);
#13012 = VECTOR('',#16,1.);
#13013 = LINE('',#12939,#13012);
#13014 = EDGE_CURVE('',#12940,#12962,#13013,.T.);
#13015 = ORIENTED_EDGE('',*,*,#13014,.T.);
#13016 = ORIENTED_EDGE('',*,*,#12964,.T.);
#13017 = VECTOR('',#16,1.);
#13018 = LINE('',#12945,#13017);
#13019 = EDGE_CURVE('',#12946,#12963,#13018,.T.);
#13020 = ORIENTED_EDGE('',*,*,#13019,.F.);
#13021 = EDGE_LOOP('',(#13011,#13015,#13016,#13020));
#13022 = FACE_OUTER_BOUND('',#13021,.T.);
#13023 = ADVANCED_FACE('',(#13022),#13010,.T.);
#13024 = AXIS2_PLACEMENT_3D('',#12939,#156,#16);
#13025 = PLANE('',#13024);
#13026 = ORIENTED_EDGE('',*,*,#12941,.F.);
#13027 = VECTOR('',#16,1.);
#13028 = LINE('',#12933,#13027);
#13029 = EDGE_CURVE('',#12934,#12969,#13028,.T.);
#13030 = ORIENTED_EDGE('',*,*,#13029,.T.);
#13031 = ORIENTED_EDGE('',*,*,#12970,.T.);
#13032 = ORIENTED_EDGE('',*,*,#13014,.F.);
#13033 = EDGE_LOOP('',(#13026,#13030,#13031,#13032));
#13034 = FACE_OUTER_BOUND('',#13033,.T.);
#13035 = ADVANCED_FACE('',(#13034),#13025,.T.);
#13036 = AXIS2_PLACEMENT_3D('',#12933,#268,#16);
#13037 = PLANE('',#13036);
#13038 = ORIENTED_EDGE('',*,*,#12935,.F.);
#13039 = VECTOR('',#16,1.);
#13040 = LINE('',#12927,#13039);
#13041 = EDGE_CURVE('',#12928,#12975,#13040,.T.);
#13042 = ORIENTED_EDGE('',*,*,#13041,.T.);
#13043 = ORIENTED_EDGE('',*,*,#12976,.T.);
#13044 = ORIENTED_EDGE('',*,*,#13029,.F.);
#13045 = EDGE_LOOP('',(#13038,#13042,#13043,#13044));
#13046 = FACE_OUTER_BOUND('',#13045,.T.);
#13047 = ADVANCED_FACE('',(#13046),#13037,.T.);
#13048 = AXIS2_PLACEMENT_3D('',#12927,#281,#16);
#13049 = PLANE('',#13048);
#13050 = ORIENTED_EDGE('',*,*,#12929,.F.);
#13051 = VECTOR('',#16,1.);
#13052 = LINE('',#12920,#13051);
#13053 = EDGE_CURVE('',#12922,#12981,#13052,.T.);
#13054 = ORIENTED_EDGE('',*,*,#13053,.T.);
#13055 = ORIENTED_EDGE('',*,*,#12982,.T.);
#13056 = ORIENTED_EDGE('',*,*,#13041,.F.);
#13057 = EDGE_LOOP('',(#13050,#13054,#13055,#13056));
#13058 = FACE_OUTER_BOUND('',#13057,.T.);
#13059 = ADVANCED_FACE('',(#13058),#13049,.T.);
#13060 = AXIS2_PLACEMENT_3D('',#12920,#294,#16);
#13061 = PLANE('',#13060);
#13062 = ORIENTED_EDGE('',*,*,#12923,.T.);
#13063 = VECTOR('',#16,1.);
#13064 = LINE('',#12914,#13063);
#13065 = EDGE_CURVE('',#12916,#12987,#13064,.T.);
#13066 = ORIENTED_EDGE('',*,*,#13065,.T.);
#13067 = ORIENTED_EDGE('',*,*,#12988,.F.);
#13068 = ORIENTED_EDGE('',*,*,#13053,.F.);
#13069 = EDGE_LOOP('',(#13062,#13066,#13067,#13068));
#13070 = FACE_OUTER_BOUND('',#13069,.T.);
#13071 = ADVANCED_FACE('',(#13070),#13061,.T.);
#13072 = AXIS2_PLACEMENT_3D('',#12914,#307,#20);
#13073 = PLANE('',#13072);
#13074 = ORIENTED_EDGE('',*,*,#12917,.T.);
#13075 = VECTOR('',#16,1.);
#13076 = LINE('',#12907,#13075);
#13077 = EDGE_CURVE('',#12909,#12993,#13076,.T.);
#13078 = ORIENTED_EDGE('',*,*,#13077,.T.);
#13079 = ORIENTED_EDGE('',*,*,#12994,.F.);
#13080 = ORIENTED_EDGE('',*,*,#13065,.F.);
#13081 = EDGE_LOOP('',(#13074,#13078,#13079,#13080));
#13082 = FACE_OUTER_BOUND('',#13081,.T.);
#13083 = ADVANCED_FACE('',(#13082),#13073,.T.);
#13084 = AXIS2_PLACEMENT_3D('',#12907,#149,#20);
#13085 = PLANE('',#13084);
#13086 = ORIENTED_EDGE('',*,*,#12911,.T.);
#13087 = VECTOR('',#16,1.);
#13088 = LINE('',#12903,#13087);
#13089 = EDGE_CURVE('',#12910,#12999,#13088,.T.);
#13090 = ORIENTED_EDGE('',*,*,#13089,.T.);
#13091 = ORIENTED_EDGE('',*,*,#13000,.F.);
#13092 = ORIENTED_EDGE('',*,*,#13077,.F.);
#13093 = EDGE_LOOP('',(#13086,#13090,#13091,#13092));
#13094 = FACE_OUTER_BOUND('',#13093,.T.);
#13095 = ADVANCED_FACE('',(#13094),#13085,.T.);
#13096 = AXIS2_PLACEMENT_3D('',#12903,#142,#20);
#13097 = PLANE('',#13096);
#13098 = ORIENTED_EDGE('',*,*,#12951,.T.);
#13099 = ORIENTED_EDGE('',*,*,#13019,.T.);
#13100 = ORIENTED_EDGE('',*,*,#13004,.F.);
#13101 = ORIENTED_EDGE('',*,*,#13089,.F.);
#13102 = EDGE_LOOP('',(#13098,#13099,#13100,#13101));
#13103 = FACE_OUTER_BOUND('',#13102,.T.);
#13104 = ADVANCED_FACE('',(#13103),#13097,.T.);
#13105 = CLOSED_SHELL('',(#12955,#13008,#13023,#13035,#13047,#13059,#13071,#13083,#13095,#13104));
#13106 = MANIFOLD_SOLID_BREP('contact',#13105);
#13107 = CARTESIAN_POINT('',(15.469809704,-18.009809704,8.057));
#13108 = AXIS2_PLACEMENT_3D('',#13107,#20,#21);
#13109 = PLANE('',#13108);
#13110 = VECTOR('',#346,1.);
#13111 = CARTESIAN_POINT('',(15.24,-18.105,8.057));
#13112 = LINE('',#13111,#13110);
#13113 = VERTEX_POINT('',#13111);
#13114 = VERTEX_POINT('',#13107);
#13115 = EDGE_CURVE('',#13113,#13114,#13112,.T.);
#13116 = ORIENTED_EDGE('',*,*,#13115,.F.);
#13117 = VECTOR('',#354,1.);
#13118 = CARTESIAN_POINT('',(15.010190296,-18.009809704,8.057));
#13119 = LINE('',#13118,#13117);
#13120 = VERTEX_POINT('',#13118);
#13121 = EDGE_CURVE('',#13120,#13113,#13119,.T.);
#13122 = ORIENTED_EDGE('',*,*,#13121,.F.);
#13123 = VECTOR('',#361,1.);
#13124 = CARTESIAN_POINT('',(14.915,-17.78,8.057));
#13125 = LINE('',#13124,#13123);
#13126 = VERTEX_POINT('',#13124);
#13127 = EDGE_CURVE('',#13126,#13120,#13125,.T.);
#13128 = ORIENTED_EDGE('',*,*,#13127,.F.);
#13129 = VECTOR('',#368,1.);
#13130 = LINE('',#13124,#13129);
#13131 = CARTESIAN_POINT('',(15.010190296,-17.550190296,8.057));
#13132 = VERTEX_POINT('',#13131);
#13133 = EDGE_CURVE('',#13126,#13132,#13130,.T.);
#13134 = ORIENTED_EDGE('',*,*,#13133,.T.);
#13135 = VECTOR('',#346,1.);
#13136 = LINE('',#13131,#13135);
#13137 = CARTESIAN_POINT('',(15.24,-17.455,8.057));
#13138 = VERTEX_POINT('',#13137);
#13139 = EDGE_CURVE('',#13132,#13138,#13136,.T.);
#13140 = ORIENTED_EDGE('',*,*,#13139,.T.);
#13141 = VECTOR('',#354,1.);
#13142 = LINE('',#13137,#13141);
#13143 = CARTESIAN_POINT('',(15.469809704,-17.550190296,8.057));
#13144 = VERTEX_POINT('',#13143);
#13145 = EDGE_CURVE('',#13138,#13144,#13142,.T.);
#13146 = ORIENTED_EDGE('',*,*,#13145,.T.);
#13147 = VECTOR('',#361,1.);
#13148 = LINE('',#13143,#13147);
#13149 = CARTESIAN_POINT('',(15.565,-17.78,8.057));
#13150 = VERTEX_POINT('',#13149);
#13151 = EDGE_CURVE('',#13144,#13150,#13148,.T.);
#13152 = ORIENTED_EDGE('',*,*,#13151,.T.);
#13153 = VECTOR('',#368,1.);
#13154 = LINE('',#13107,#13153);
#13155 = EDGE_CURVE('',#13114,#13150,#13154,.T.);
#13156 = ORIENTED_EDGE('',*,*,#13155,.F.);
#13157 = EDGE_LOOP('',(#13116,#13122,#13128,#13134,#13140,#13146,#13152,#13156));
#13158 = FACE_OUTER_BOUND('',#13157,.T.);
#13159 = ADVANCED_FACE('',(#13158),#13109,.T.);
#13160 = CARTESIAN_POINT('',(15.565,-17.78,10.157));
#13161 = AXIS2_PLACEMENT_3D('',#13160,#16,#51);
#13162 = PLANE('',#13161);
#13163 = VECTOR('',#361,1.);
#13164 = CARTESIAN_POINT('',(15.469809704,-17.550190296,10.157));
#13165 = LINE('',#13164,#13163);
#13166 = VERTEX_POINT('',#13164);
#13167 = VERTEX_POINT('',#13160);
#13168 = EDGE_CURVE('',#13166,#13167,#13165,.T.);
#13169 = ORIENTED_EDGE('',*,*,#13168,.F.);
#13170 = VECTOR('',#354,1.);
#13171 = CARTESIAN_POINT('',(15.24,-17.455,10.157));
#13172 = LINE('',#13171,#13170);
#13173 = VERTEX_POINT('',#13171);
#13174 = EDGE_CURVE('',#13173,#13166,#13172,.T.);
#13175 = ORIENTED_EDGE('',*,*,#13174,.F.);
#13176 = VECTOR('',#346,1.);
#13177 = CARTESIAN_POINT('',(15.010190296,-17.550190296,10.157));
#13178 = LINE('',#13177,#13176);
#13179 = VERTEX_POINT('',#13177);
#13180 = EDGE_CURVE('',#13179,#13173,#13178,.T.);
#13181 = ORIENTED_EDGE('',*,*,#13180,.F.);
#13182 = VECTOR('',#368,1.);
#13183 = CARTESIAN_POINT('',(14.915,-17.78,10.157));
#13184 = LINE('',#13183,#13182);
#13185 = VERTEX_POINT('',#13183);
#13186 = EDGE_CURVE('',#13185,#13179,#13184,.T.);
#13187 = ORIENTED_EDGE('',*,*,#13186,.F.);
#13188 = VECTOR('',#361,1.);
#13189 = LINE('',#13183,#13188);
#13190 = CARTESIAN_POINT('',(15.010190296,-18.009809704,10.157));
#13191 = VERTEX_POINT('',#13190);
#13192 = EDGE_CURVE('',#13185,#13191,#13189,.T.);
#13193 = ORIENTED_EDGE('',*,*,#13192,.T.);
#13194 = VECTOR('',#354,1.);
#13195 = LINE('',#13190,#13194);
#13196 = CARTESIAN_POINT('',(15.24,-18.105,10.157));
#13197 = VERTEX_POINT('',#13196);
#13198 = EDGE_CURVE('',#13191,#13197,#13195,.T.);
#13199 = ORIENTED_EDGE('',*,*,#13198,.T.);
#13200 = VECTOR('',#346,1.);
#13201 = LINE('',#13196,#13200);
#13202 = CARTESIAN_POINT('',(15.469809704,-18.009809704,10.157));
#13203 = VERTEX_POINT('',#13202);
#13204 = EDGE_CURVE('',#13197,#13203,#13201,.T.);
#13205 = ORIENTED_EDGE('',*,*,#13204,.T.);
#13206 = VECTOR('',#368,1.);
#13207 = LINE('',#13202,#13206);
#13208 = EDGE_CURVE('',#13203,#13167,#13207,.T.);
#13209 = ORIENTED_EDGE('',*,*,#13208,.T.);
#13210 = EDGE_LOOP('',(#13169,#13175,#13181,#13187,#13193,#13199,#13205,#13209));
#13211 = FACE_OUTER_BOUND('',#13210,.T.);
#13212 = ADVANCED_FACE('',(#13211),#13162,.T.);
#13213 = AXIS2_PLACEMENT_3D('',#13149,#346,#20);
#13214 = PLANE('',#13213);
#13215 = ORIENTED_EDGE('',*,*,#13151,.F.);
#13216 = VECTOR('',#16,1.);
#13217 = LINE('',#13143,#13216);
#13218 = EDGE_CURVE('',#13144,#13166,#13217,.T.);
#13219 = ORIENTED_EDGE('',*,*,#13218,.T.);
#13220 = ORIENTED_EDGE('',*,*,#13168,.T.);
#13221 = VECTOR('',#16,1.);
#13222 = LINE('',#13149,#13221);
#13223 = EDGE_CURVE('',#13150,#13167,#13222,.T.);
#13224 = ORIENTED_EDGE('',*,*,#13223,.F.);
#13225 = EDGE_LOOP('',(#13215,#13219,#13220,#13224));
#13226 = FACE_OUTER_BOUND('',#13225,.T.);
#13227 = ADVANCED_FACE('',(#13226),#13214,.T.);
#13228 = AXIS2_PLACEMENT_3D('',#13143,#368,#16);
#13229 = PLANE('',#13228);
#13230 = ORIENTED_EDGE('',*,*,#13145,.F.);
#13231 = VECTOR('',#16,1.);
#13232 = LINE('',#13137,#13231);
#13233 = EDGE_CURVE('',#13138,#13173,#13232,.T.);
#13234 = ORIENTED_EDGE('',*,*,#13233,.T.);
#13235 = ORIENTED_EDGE('',*,*,#13174,.T.);
#13236 = ORIENTED_EDGE('',*,*,#13218,.F.);
#13237 = EDGE_LOOP('',(#13230,#13234,#13235,#13236));
#13238 = FACE_OUTER_BOUND('',#13237,.T.);
#13239 = ADVANCED_FACE('',(#13238),#13229,.T.);
#13240 = AXIS2_PLACEMENT_3D('',#13137,#480,#16);
#13241 = PLANE('',#13240);
#13242 = ORIENTED_EDGE('',*,*,#13139,.F.);
#13243 = VECTOR('',#16,1.);
#13244 = LINE('',#13131,#13243);
#13245 = EDGE_CURVE('',#13132,#13179,#13244,.T.);
#13246 = ORIENTED_EDGE('',*,*,#13245,.T.);
#13247 = ORIENTED_EDGE('',*,*,#13180,.T.);
#13248 = ORIENTED_EDGE('',*,*,#13233,.F.);
#13249 = EDGE_LOOP('',(#13242,#13246,#13247,#13248));
#13250 = FACE_OUTER_BOUND('',#13249,.T.);
#13251 = ADVANCED_FACE('',(#13250),#13241,.T.);
#13252 = AXIS2_PLACEMENT_3D('',#13131,#493,#16);
#13253 = PLANE('',#13252);
#13254 = ORIENTED_EDGE('',*,*,#13133,.F.);
#13255 = VECTOR('',#16,1.);
#13256 = LINE('',#13124,#13255);
#13257 = EDGE_CURVE('',#13126,#13185,#13256,.T.);
#13258 = ORIENTED_EDGE('',*,*,#13257,.T.);
#13259 = ORIENTED_EDGE('',*,*,#13186,.T.);
#13260 = ORIENTED_EDGE('',*,*,#13245,.F.);
#13261 = EDGE_LOOP('',(#13254,#13258,#13259,#13260));
#13262 = FACE_OUTER_BOUND('',#13261,.T.);
#13263 = ADVANCED_FACE('',(#13262),#13253,.T.);
#13264 = AXIS2_PLACEMENT_3D('',#13124,#506,#16);
#13265 = PLANE('',#13264);
#13266 = ORIENTED_EDGE('',*,*,#13127,.T.);
#13267 = VECTOR('',#16,1.);
#13268 = LINE('',#13118,#13267);
#13269 = EDGE_CURVE('',#13120,#13191,#13268,.T.);
#13270 = ORIENTED_EDGE('',*,*,#13269,.T.);
#13271 = ORIENTED_EDGE('',*,*,#13192,.F.);
#13272 = ORIENTED_EDGE('',*,*,#13257,.F.);
#13273 = EDGE_LOOP('',(#13266,#13270,#13271,#13272));
#13274 = FACE_OUTER_BOUND('',#13273,.T.);
#13275 = ADVANCED_FACE('',(#13274),#13265,.T.);
#13276 = AXIS2_PLACEMENT_3D('',#13118,#519,#20);
#13277 = PLANE('',#13276);
#13278 = ORIENTED_EDGE('',*,*,#13121,.T.);
#13279 = VECTOR('',#16,1.);
#13280 = LINE('',#13111,#13279);
#13281 = EDGE_CURVE('',#13113,#13197,#13280,.T.);
#13282 = ORIENTED_EDGE('',*,*,#13281,.T.);
#13283 = ORIENTED_EDGE('',*,*,#13198,.F.);
#13284 = ORIENTED_EDGE('',*,*,#13269,.F.);
#13285 = EDGE_LOOP('',(#13278,#13282,#13283,#13284));
#13286 = FACE_OUTER_BOUND('',#13285,.T.);
#13287 = ADVANCED_FACE('',(#13286),#13277,.T.);
#13288 = AXIS2_PLACEMENT_3D('',#13111,#361,#20);
#13289 = PLANE('',#13288);
#13290 = ORIENTED_EDGE('',*,*,#13115,.T.);
#13291 = VECTOR('',#16,1.);
#13292 = LINE('',#13107,#13291);
#13293 = EDGE_CURVE('',#13114,#13203,#13292,.T.);
#13294 = ORIENTED_EDGE('',*,*,#13293,.T.);
#13295 = ORIENTED_EDGE('',*,*,#13204,.F.);
#13296 = ORIENTED_EDGE('',*,*,#13281,.F.);
#13297 = EDGE_LOOP('',(#13290,#13294,#13295,#13296));
#13298 = FACE_OUTER_BOUND('',#13297,.T.);
#13299 = ADVANCED_FACE('',(#13298),#13289,.T.);
#13300 = AXIS2_PLACEMENT_3D('',#13107,#354,#20);
#13301 = PLANE('',#13300);
#13302 = ORIENTED_EDGE('',*,*,#13155,.T.);
#13303 = ORIENTED_EDGE('',*,*,#13223,.T.);
#13304 = ORIENTED_EDGE('',*,*,#13208,.F.);
#13305 = ORIENTED_EDGE('',*,*,#13293,.F.);
#13306 = EDGE_LOOP('',(#13302,#13303,#13304,#13305));
#13307 = FACE_OUTER_BOUND('',#13306,.T.);
#13308 = ADVANCED_FACE('',(#13307),#13301,.T.);
#13309 = CLOSED_SHELL('',(#13159,#13212,#13227,#13239,#13251,#13263,#13275,#13287,#13299,#13308));
#13310 = MANIFOLD_SOLID_BREP('lead',#13309);
#13311 = CARTESIAN_POINT('',(15.406170094,-20.486170094,0.007));
#13312 = AXIS2_PLACEMENT_3D('',#13311,#20,#21);
#13313 = PLANE('',#13312);
#13314 = VECTOR('',#134,1.);
#13315 = CARTESIAN_POINT('',(15.24,-20.555,0.007));
#13316 = LINE('',#13315,#13314);
#13317 = VERTEX_POINT('',#13315);
#13318 = VERTEX_POINT('',#13311);
#13319 = EDGE_CURVE('',#13317,#13318,#13316,.T.);
#13320 = ORIENTED_EDGE('',*,*,#13319,.F.);
#13321 = VECTOR('',#142,1.);
#13322 = CARTESIAN_POINT('',(15.073829906,-20.486170094,0.007));
#13323 = LINE('',#13322,#13321);
#13324 = VERTEX_POINT('',#13322);
#13325 = EDGE_CURVE('',#13324,#13317,#13323,.T.);
#13326 = ORIENTED_EDGE('',*,*,#13325,.F.);
#13327 = VECTOR('',#149,1.);
#13328 = CARTESIAN_POINT('',(15.005,-20.32,0.007));
#13329 = LINE('',#13328,#13327);
#13330 = VERTEX_POINT('',#13328);
#13331 = EDGE_CURVE('',#13330,#13324,#13329,.T.);
#13332 = ORIENTED_EDGE('',*,*,#13331,.F.);
#13333 = VECTOR('',#156,1.);
#13334 = LINE('',#13328,#13333);
#13335 = CARTESIAN_POINT('',(15.073829906,-20.153829906,0.007));
#13336 = VERTEX_POINT('',#13335);
#13337 = EDGE_CURVE('',#13330,#13336,#13334,.T.);
#13338 = ORIENTED_EDGE('',*,*,#13337,.T.);
#13339 = VECTOR('',#134,1.);
#13340 = LINE('',#13335,#13339);
#13341 = CARTESIAN_POINT('',(15.24,-20.085,0.007));
#13342 = VERTEX_POINT('',#13341);
#13343 = EDGE_CURVE('',#13336,#13342,#13340,.T.);
#13344 = ORIENTED_EDGE('',*,*,#13343,.T.);
#13345 = VECTOR('',#142,1.);
#13346 = LINE('',#13341,#13345);
#13347 = CARTESIAN_POINT('',(15.406170094,-20.153829906,0.007));
#13348 = VERTEX_POINT('',#13347);
#13349 = EDGE_CURVE('',#13342,#13348,#13346,.T.);
#13350 = ORIENTED_EDGE('',*,*,#13349,.T.);
#13351 = VECTOR('',#149,1.);
#13352 = LINE('',#13347,#13351);
#13353 = CARTESIAN_POINT('',(15.475,-20.32,0.007));
#13354 = VERTEX_POINT('',#13353);
#13355 = EDGE_CURVE('',#13348,#13354,#13352,.T.);
#13356 = ORIENTED_EDGE('',*,*,#13355,.T.);
#13357 = VECTOR('',#156,1.);
#13358 = LINE('',#13311,#13357);
#13359 = EDGE_CURVE('',#13318,#13354,#13358,.T.);
#13360 = ORIENTED_EDGE('',*,*,#13359,.F.);
#13361 = EDGE_LOOP('',(#13320,#13326,#13332,#13338,#13344,#13350,#13356,#13360));
#13362 = FACE_OUTER_BOUND('',#13361,.T.);
#13363 = ADVANCED_FACE('',(#13362),#13313,.T.);
#13364 = CARTESIAN_POINT('',(15.475,-20.32,4.007));
#13365 = AXIS2_PLACEMENT_3D('',#13364,#16,#51);
#13366 = PLANE('',#13365);
#13367 = VECTOR('',#149,1.);
#13368 = CARTESIAN_POINT('',(15.406170094,-20.153829906,4.007));
#13369 = LINE('',#13368,#13367);
#13370 = VERTEX_POINT('',#13368);
#13371 = VERTEX_POINT('',#13364);
#13372 = EDGE_CURVE('',#13370,#13371,#13369,.T.);
#13373 = ORIENTED_EDGE('',*,*,#13372,.F.);
#13374 = VECTOR('',#142,1.);
#13375 = CARTESIAN_POINT('',(15.24,-20.085,4.007));
#13376 = LINE('',#13375,#13374);
#13377 = VERTEX_POINT('',#13375);
#13378 = EDGE_CURVE('',#13377,#13370,#13376,.T.);
#13379 = ORIENTED_EDGE('',*,*,#13378,.F.);
#13380 = VECTOR('',#134,1.);
#13381 = CARTESIAN_POINT('',(15.073829906,-20.153829906,4.007));
#13382 = LINE('',#13381,#13380);
#13383 = VERTEX_POINT('',#13381);
#13384 = EDGE_CURVE('',#13383,#13377,#13382,.T.);
#13385 = ORIENTED_EDGE('',*,*,#13384,.F.);
#13386 = VECTOR('',#156,1.);
#13387 = CARTESIAN_POINT('',(15.005,-20.32,4.007));
#13388 = LINE('',#13387,#13386);
#13389 = VERTEX_POINT('',#13387);
#13390 = EDGE_CURVE('',#13389,#13383,#13388,.T.);
#13391 = ORIENTED_EDGE('',*,*,#13390,.F.);
#13392 = VECTOR('',#149,1.);
#13393 = LINE('',#13387,#13392);
#13394 = CARTESIAN_POINT('',(15.073829906,-20.486170094,4.007));
#13395 = VERTEX_POINT('',#13394);
#13396 = EDGE_CURVE('',#13389,#13395,#13393,.T.);
#13397 = ORIENTED_EDGE('',*,*,#13396,.T.);
#13398 = VECTOR('',#142,1.);
#13399 = LINE('',#13394,#13398);
#13400 = CARTESIAN_POINT('',(15.24,-20.555,4.007));
#13401 = VERTEX_POINT('',#13400);
#13402 = EDGE_CURVE('',#13395,#13401,#13399,.T.);
#13403 = ORIENTED_EDGE('',*,*,#13402,.T.);
#13404 = VECTOR('',#134,1.);
#13405 = LINE('',#13400,#13404);
#13406 = CARTESIAN_POINT('',(15.406170094,-20.486170094,4.007));
#13407 = VERTEX_POINT('',#13406);
#13408 = EDGE_CURVE('',#13401,#13407,#13405,.T.);
#13409 = ORIENTED_EDGE('',*,*,#13408,.T.);
#13410 = VECTOR('',#156,1.);
#13411 = LINE('',#13406,#13410);
#13412 = EDGE_CURVE('',#13407,#13371,#13411,.T.);
#13413 = ORIENTED_EDGE('',*,*,#13412,.T.);
#13414 = EDGE_LOOP('',(#13373,#13379,#13385,#13391,#13397,#13403,#13409,#13413));
#13415 = FACE_OUTER_BOUND('',#13414,.T.);
#13416 = ADVANCED_FACE('',(#13415),#13366,.T.);
#13417 = AXIS2_PLACEMENT_3D('',#13353,#134,#20);
#13418 = PLANE('',#13417);
#13419 = ORIENTED_EDGE('',*,*,#13355,.F.);
#13420 = VECTOR('',#16,1.);
#13421 = LINE('',#13347,#13420);
#13422 = EDGE_CURVE('',#13348,#13370,#13421,.T.);
#13423 = ORIENTED_EDGE('',*,*,#13422,.T.);
#13424 = ORIENTED_EDGE('',*,*,#13372,.T.);
#13425 = VECTOR('',#16,1.);
#13426 = LINE('',#13353,#13425);
#13427 = EDGE_CURVE('',#13354,#13371,#13426,.T.);
#13428 = ORIENTED_EDGE('',*,*,#13427,.F.);
#13429 = EDGE_LOOP('',(#13419,#13423,#13424,#13428));
#13430 = FACE_OUTER_BOUND('',#13429,.T.);
#13431 = ADVANCED_FACE('',(#13430),#13418,.T.);
#13432 = AXIS2_PLACEMENT_3D('',#13347,#156,#16);
#13433 = PLANE('',#13432);
#13434 = ORIENTED_EDGE('',*,*,#13349,.F.);
#13435 = VECTOR('',#16,1.);
#13436 = LINE('',#13341,#13435);
#13437 = EDGE_CURVE('',#13342,#13377,#13436,.T.);
#13438 = ORIENTED_EDGE('',*,*,#13437,.T.);
#13439 = ORIENTED_EDGE('',*,*,#13378,.T.);
#13440 = ORIENTED_EDGE('',*,*,#13422,.F.);
#13441 = EDGE_LOOP('',(#13434,#13438,#13439,#13440));
#13442 = FACE_OUTER_BOUND('',#13441,.T.);
#13443 = ADVANCED_FACE('',(#13442),#13433,.T.);
#13444 = AXIS2_PLACEMENT_3D('',#13341,#268,#16);
#13445 = PLANE('',#13444);
#13446 = ORIENTED_EDGE('',*,*,#13343,.F.);
#13447 = VECTOR('',#16,1.);
#13448 = LINE('',#13335,#13447);
#13449 = EDGE_CURVE('',#13336,#13383,#13448,.T.);
#13450 = ORIENTED_EDGE('',*,*,#13449,.T.);
#13451 = ORIENTED_EDGE('',*,*,#13384,.T.);
#13452 = ORIENTED_EDGE('',*,*,#13437,.F.);
#13453 = EDGE_LOOP('',(#13446,#13450,#13451,#13452));
#13454 = FACE_OUTER_BOUND('',#13453,.T.);
#13455 = ADVANCED_FACE('',(#13454),#13445,.T.);
#13456 = AXIS2_PLACEMENT_3D('',#13335,#281,#16);
#13457 = PLANE('',#13456);
#13458 = ORIENTED_EDGE('',*,*,#13337,.F.);
#13459 = VECTOR('',#16,1.);
#13460 = LINE('',#13328,#13459);
#13461 = EDGE_CURVE('',#13330,#13389,#13460,.T.);
#13462 = ORIENTED_EDGE('',*,*,#13461,.T.);
#13463 = ORIENTED_EDGE('',*,*,#13390,.T.);
#13464 = ORIENTED_EDGE('',*,*,#13449,.F.);
#13465 = EDGE_LOOP('',(#13458,#13462,#13463,#13464));
#13466 = FACE_OUTER_BOUND('',#13465,.T.);
#13467 = ADVANCED_FACE('',(#13466),#13457,.T.);
#13468 = AXIS2_PLACEMENT_3D('',#13328,#294,#16);
#13469 = PLANE('',#13468);
#13470 = ORIENTED_EDGE('',*,*,#13331,.T.);
#13471 = VECTOR('',#16,1.);
#13472 = LINE('',#13322,#13471);
#13473 = EDGE_CURVE('',#13324,#13395,#13472,.T.);
#13474 = ORIENTED_EDGE('',*,*,#13473,.T.);
#13475 = ORIENTED_EDGE('',*,*,#13396,.F.);
#13476 = ORIENTED_EDGE('',*,*,#13461,.F.);
#13477 = EDGE_LOOP('',(#13470,#13474,#13475,#13476));
#13478 = FACE_OUTER_BOUND('',#13477,.T.);
#13479 = ADVANCED_FACE('',(#13478),#13469,.T.);
#13480 = AXIS2_PLACEMENT_3D('',#13322,#307,#20);
#13481 = PLANE('',#13480);
#13482 = ORIENTED_EDGE('',*,*,#13325,.T.);
#13483 = VECTOR('',#16,1.);
#13484 = LINE('',#13315,#13483);
#13485 = EDGE_CURVE('',#13317,#13401,#13484,.T.);
#13486 = ORIENTED_EDGE('',*,*,#13485,.T.);
#13487 = ORIENTED_EDGE('',*,*,#13402,.F.);
#13488 = ORIENTED_EDGE('',*,*,#13473,.F.);
#13489 = EDGE_LOOP('',(#13482,#13486,#13487,#13488));
#13490 = FACE_OUTER_BOUND('',#13489,.T.);
#13491 = ADVANCED_FACE('',(#13490),#13481,.T.);
#13492 = AXIS2_PLACEMENT_3D('',#13315,#149,#20);
#13493 = PLANE('',#13492);
#13494 = ORIENTED_EDGE('',*,*,#13319,.T.);
#13495 = VECTOR('',#16,1.);
#13496 = LINE('',#13311,#13495);
#13497 = EDGE_CURVE('',#13318,#13407,#13496,.T.);
#13498 = ORIENTED_EDGE('',*,*,#13497,.T.);
#13499 = ORIENTED_EDGE('',*,*,#13408,.F.);
#13500 = ORIENTED_EDGE('',*,*,#13485,.F.);
#13501 = EDGE_LOOP('',(#13494,#13498,#13499,#13500));
#13502 = FACE_OUTER_BOUND('',#13501,.T.);
#13503 = ADVANCED_FACE('',(#13502),#13493,.T.);
#13504 = AXIS2_PLACEMENT_3D('',#13311,#142,#20);
#13505 = PLANE('',#13504);
#13506 = ORIENTED_EDGE('',*,*,#13359,.T.);
#13507 = ORIENTED_EDGE('',*,*,#13427,.T.);
#13508 = ORIENTED_EDGE('',*,*,#13412,.F.);
#13509 = ORIENTED_EDGE('',*,*,#13497,.F.);
#13510 = EDGE_LOOP('',(#13506,#13507,#13508,#13509));
#13511 = FACE_OUTER_BOUND('',#13510,.T.);
#13512 = ADVANCED_FACE('',(#13511),#13505,.T.);
#13513 = CLOSED_SHELL('',(#13363,#13416,#13431,#13443,#13455,#13467,#13479,#13491,#13503,#13512));
#13514 = MANIFOLD_SOLID_BREP('contact',#13513);
#13515 = CARTESIAN_POINT('',(15.469809704,-20.549809704,8.057));
#13516 = AXIS2_PLACEMENT_3D('',#13515,#20,#21);
#13517 = PLANE('',#13516);
#13518 = VECTOR('',#346,1.);
#13519 = CARTESIAN_POINT('',(15.24,-20.645,8.057));
#13520 = LINE('',#13519,#13518);
#13521 = VERTEX_POINT('',#13519);
#13522 = VERTEX_POINT('',#13515);
#13523 = EDGE_CURVE('',#13521,#13522,#13520,.T.);
#13524 = ORIENTED_EDGE('',*,*,#13523,.F.);
#13525 = VECTOR('',#354,1.);
#13526 = CARTESIAN_POINT('',(15.010190296,-20.549809704,8.057));
#13527 = LINE('',#13526,#13525);
#13528 = VERTEX_POINT('',#13526);
#13529 = EDGE_CURVE('',#13528,#13521,#13527,.T.);
#13530 = ORIENTED_EDGE('',*,*,#13529,.F.);
#13531 = VECTOR('',#361,1.);
#13532 = CARTESIAN_POINT('',(14.915,-20.32,8.057));
#13533 = LINE('',#13532,#13531);
#13534 = VERTEX_POINT('',#13532);
#13535 = EDGE_CURVE('',#13534,#13528,#13533,.T.);
#13536 = ORIENTED_EDGE('',*,*,#13535,.F.);
#13537 = VECTOR('',#368,1.);
#13538 = LINE('',#13532,#13537);
#13539 = CARTESIAN_POINT('',(15.010190296,-20.090190296,8.057));
#13540 = VERTEX_POINT('',#13539);
#13541 = EDGE_CURVE('',#13534,#13540,#13538,.T.);
#13542 = ORIENTED_EDGE('',*,*,#13541,.T.);
#13543 = VECTOR('',#346,1.);
#13544 = LINE('',#13539,#13543);
#13545 = CARTESIAN_POINT('',(15.24,-19.995,8.057));
#13546 = VERTEX_POINT('',#13545);
#13547 = EDGE_CURVE('',#13540,#13546,#13544,.T.);
#13548 = ORIENTED_EDGE('',*,*,#13547,.T.);
#13549 = VECTOR('',#354,1.);
#13550 = LINE('',#13545,#13549);
#13551 = CARTESIAN_POINT('',(15.469809704,-20.090190296,8.057));
#13552 = VERTEX_POINT('',#13551);
#13553 = EDGE_CURVE('',#13546,#13552,#13550,.T.);
#13554 = ORIENTED_EDGE('',*,*,#13553,.T.);
#13555 = VECTOR('',#361,1.);
#13556 = LINE('',#13551,#13555);
#13557 = CARTESIAN_POINT('',(15.565,-20.32,8.057));
#13558 = VERTEX_POINT('',#13557);
#13559 = EDGE_CURVE('',#13552,#13558,#13556,.T.);
#13560 = ORIENTED_EDGE('',*,*,#13559,.T.);
#13561 = VECTOR('',#368,1.);
#13562 = LINE('',#13515,#13561);
#13563 = EDGE_CURVE('',#13522,#13558,#13562,.T.);
#13564 = ORIENTED_EDGE('',*,*,#13563,.F.);
#13565 = EDGE_LOOP('',(#13524,#13530,#13536,#13542,#13548,#13554,#13560,#13564));
#13566 = FACE_OUTER_BOUND('',#13565,.T.);
#13567 = ADVANCED_FACE('',(#13566),#13517,.T.);
#13568 = CARTESIAN_POINT('',(15.565,-20.32,10.157));
#13569 = AXIS2_PLACEMENT_3D('',#13568,#16,#51);
#13570 = PLANE('',#13569);
#13571 = VECTOR('',#361,1.);
#13572 = CARTESIAN_POINT('',(15.469809704,-20.090190296,10.157));
#13573 = LINE('',#13572,#13571);
#13574 = VERTEX_POINT('',#13572);
#13575 = VERTEX_POINT('',#13568);
#13576 = EDGE_CURVE('',#13574,#13575,#13573,.T.);
#13577 = ORIENTED_EDGE('',*,*,#13576,.F.);
#13578 = VECTOR('',#354,1.);
#13579 = CARTESIAN_POINT('',(15.24,-19.995,10.157));
#13580 = LINE('',#13579,#13578);
#13581 = VERTEX_POINT('',#13579);
#13582 = EDGE_CURVE('',#13581,#13574,#13580,.T.);
#13583 = ORIENTED_EDGE('',*,*,#13582,.F.);
#13584 = VECTOR('',#346,1.);
#13585 = CARTESIAN_POINT('',(15.010190296,-20.090190296,10.157));
#13586 = LINE('',#13585,#13584);
#13587 = VERTEX_POINT('',#13585);
#13588 = EDGE_CURVE('',#13587,#13581,#13586,.T.);
#13589 = ORIENTED_EDGE('',*,*,#13588,.F.);
#13590 = VECTOR('',#368,1.);
#13591 = CARTESIAN_POINT('',(14.915,-20.32,10.157));
#13592 = LINE('',#13591,#13590);
#13593 = VERTEX_POINT('',#13591);
#13594 = EDGE_CURVE('',#13593,#13587,#13592,.T.);
#13595 = ORIENTED_EDGE('',*,*,#13594,.F.);
#13596 = VECTOR('',#361,1.);
#13597 = LINE('',#13591,#13596);
#13598 = CARTESIAN_POINT('',(15.010190296,-20.549809704,10.157));
#13599 = VERTEX_POINT('',#13598);
#13600 = EDGE_CURVE('',#13593,#13599,#13597,.T.);
#13601 = ORIENTED_EDGE('',*,*,#13600,.T.);
#13602 = VECTOR('',#354,1.);
#13603 = LINE('',#13598,#13602);
#13604 = CARTESIAN_POINT('',(15.24,-20.645,10.157));
#13605 = VERTEX_POINT('',#13604);
#13606 = EDGE_CURVE('',#13599,#13605,#13603,.T.);
#13607 = ORIENTED_EDGE('',*,*,#13606,.T.);
#13608 = VECTOR('',#346,1.);
#13609 = LINE('',#13604,#13608);
#13610 = CARTESIAN_POINT('',(15.469809704,-20.549809704,10.157));
#13611 = VERTEX_POINT('',#13610);
#13612 = EDGE_CURVE('',#13605,#13611,#13609,.T.);
#13613 = ORIENTED_EDGE('',*,*,#13612,.T.);
#13614 = VECTOR('',#368,1.);
#13615 = LINE('',#13610,#13614);
#13616 = EDGE_CURVE('',#13611,#13575,#13615,.T.);
#13617 = ORIENTED_EDGE('',*,*,#13616,.T.);
#13618 = EDGE_LOOP('',(#13577,#13583,#13589,#13595,#13601,#13607,#13613,#13617));
#13619 = FACE_OUTER_BOUND('',#13618,.T.);
#13620 = ADVANCED_FACE('',(#13619),#13570,.T.);
#13621 = AXIS2_PLACEMENT_3D('',#13557,#346,#20);
#13622 = PLANE('',#13621);
#13623 = ORIENTED_EDGE('',*,*,#13559,.F.);
#13624 = VECTOR('',#16,1.);
#13625 = LINE('',#13551,#13624);
#13626 = EDGE_CURVE('',#13552,#13574,#13625,.T.);
#13627 = ORIENTED_EDGE('',*,*,#13626,.T.);
#13628 = ORIENTED_EDGE('',*,*,#13576,.T.);
#13629 = VECTOR('',#16,1.);
#13630 = LINE('',#13557,#13629);
#13631 = EDGE_CURVE('',#13558,#13575,#13630,.T.);
#13632 = ORIENTED_EDGE('',*,*,#13631,.F.);
#13633 = EDGE_LOOP('',(#13623,#13627,#13628,#13632));
#13634 = FACE_OUTER_BOUND('',#13633,.T.);
#13635 = ADVANCED_FACE('',(#13634),#13622,.T.);
#13636 = AXIS2_PLACEMENT_3D('',#13551,#368,#16);
#13637 = PLANE('',#13636);
#13638 = ORIENTED_EDGE('',*,*,#13553,.F.);
#13639 = VECTOR('',#16,1.);
#13640 = LINE('',#13545,#13639);
#13641 = EDGE_CURVE('',#13546,#13581,#13640,.T.);
#13642 = ORIENTED_EDGE('',*,*,#13641,.T.);
#13643 = ORIENTED_EDGE('',*,*,#13582,.T.);
#13644 = ORIENTED_EDGE('',*,*,#13626,.F.);
#13645 = EDGE_LOOP('',(#13638,#13642,#13643,#13644));
#13646 = FACE_OUTER_BOUND('',#13645,.T.);
#13647 = ADVANCED_FACE('',(#13646),#13637,.T.);
#13648 = AXIS2_PLACEMENT_3D('',#13545,#480,#16);
#13649 = PLANE('',#13648);
#13650 = ORIENTED_EDGE('',*,*,#13547,.F.);
#13651 = VECTOR('',#16,1.);
#13652 = LINE('',#13539,#13651);
#13653 = EDGE_CURVE('',#13540,#13587,#13652,.T.);
#13654 = ORIENTED_EDGE('',*,*,#13653,.T.);
#13655 = ORIENTED_EDGE('',*,*,#13588,.T.);
#13656 = ORIENTED_EDGE('',*,*,#13641,.F.);
#13657 = EDGE_LOOP('',(#13650,#13654,#13655,#13656));
#13658 = FACE_OUTER_BOUND('',#13657,.T.);
#13659 = ADVANCED_FACE('',(#13658),#13649,.T.);
#13660 = AXIS2_PLACEMENT_3D('',#13539,#493,#16);
#13661 = PLANE('',#13660);
#13662 = ORIENTED_EDGE('',*,*,#13541,.F.);
#13663 = VECTOR('',#16,1.);
#13664 = LINE('',#13532,#13663);
#13665 = EDGE_CURVE('',#13534,#13593,#13664,.T.);
#13666 = ORIENTED_EDGE('',*,*,#13665,.T.);
#13667 = ORIENTED_EDGE('',*,*,#13594,.T.);
#13668 = ORIENTED_EDGE('',*,*,#13653,.F.);
#13669 = EDGE_LOOP('',(#13662,#13666,#13667,#13668));
#13670 = FACE_OUTER_BOUND('',#13669,.T.);
#13671 = ADVANCED_FACE('',(#13670),#13661,.T.);
#13672 = AXIS2_PLACEMENT_3D('',#13532,#506,#16);
#13673 = PLANE('',#13672);
#13674 = ORIENTED_EDGE('',*,*,#13535,.T.);
#13675 = VECTOR('',#16,1.);
#13676 = LINE('',#13526,#13675);
#13677 = EDGE_CURVE('',#13528,#13599,#13676,.T.);
#13678 = ORIENTED_EDGE('',*,*,#13677,.T.);
#13679 = ORIENTED_EDGE('',*,*,#13600,.F.);
#13680 = ORIENTED_EDGE('',*,*,#13665,.F.);
#13681 = EDGE_LOOP('',(#13674,#13678,#13679,#13680));
#13682 = FACE_OUTER_BOUND('',#13681,.T.);
#13683 = ADVANCED_FACE('',(#13682),#13673,.T.);
#13684 = AXIS2_PLACEMENT_3D('',#13526,#519,#20);
#13685 = PLANE('',#13684);
#13686 = ORIENTED_EDGE('',*,*,#13529,.T.);
#13687 = VECTOR('',#16,1.);
#13688 = LINE('',#13519,#13687);
#13689 = EDGE_CURVE('',#13521,#13605,#13688,.T.);
#13690 = ORIENTED_EDGE('',*,*,#13689,.T.);
#13691 = ORIENTED_EDGE('',*,*,#13606,.F.);
#13692 = ORIENTED_EDGE('',*,*,#13677,.F.);
#13693 = EDGE_LOOP('',(#13686,#13690,#13691,#13692));
#13694 = FACE_OUTER_BOUND('',#13693,.T.);
#13695 = ADVANCED_FACE('',(#13694),#13685,.T.);
#13696 = AXIS2_PLACEMENT_3D('',#13519,#361,#20);
#13697 = PLANE('',#13696);
#13698 = ORIENTED_EDGE('',*,*,#13523,.T.);
#13699 = VECTOR('',#16,1.);
#13700 = LINE('',#13515,#13699);
#13701 = EDGE_CURVE('',#13522,#13611,#13700,.T.);
#13702 = ORIENTED_EDGE('',*,*,#13701,.T.);
#13703 = ORIENTED_EDGE('',*,*,#13612,.F.);
#13704 = ORIENTED_EDGE('',*,*,#13689,.F.);
#13705 = EDGE_LOOP('',(#13698,#13702,#13703,#13704));
#13706 = FACE_OUTER_BOUND('',#13705,.T.);
#13707 = ADVANCED_FACE('',(#13706),#13697,.T.);
#13708 = AXIS2_PLACEMENT_3D('',#13515,#354,#20);
#13709 = PLANE('',#13708);
#13710 = ORIENTED_EDGE('',*,*,#13563,.T.);
#13711 = ORIENTED_EDGE('',*,*,#13631,.T.);
#13712 = ORIENTED_EDGE('',*,*,#13616,.F.);
#13713 = ORIENTED_EDGE('',*,*,#13701,.F.);
#13714 = EDGE_LOOP('',(#13710,#13711,#13712,#13713));
#13715 = FACE_OUTER_BOUND('',#13714,.T.);
#13716 = ADVANCED_FACE('',(#13715),#13709,.T.);
#13717 = CLOSED_SHELL('',(#13567,#13620,#13635,#13647,#13659,#13671,#13683,#13695,#13707,#13716));
#13718 = MANIFOLD_SOLID_BREP('lead',#13717);
#13719 = CARTESIAN_POINT('',(15.406170094,-23.026170094,0.007));
#13720 = AXIS2_PLACEMENT_3D('',#13719,#20,#21);
#13721 = PLANE('',#13720);
#13722 = VECTOR('',#134,1.);
#13723 = CARTESIAN_POINT('',(15.24,-23.095,0.007));
#13724 = LINE('',#13723,#13722);
#13725 = VERTEX_POINT('',#13723);
#13726 = VERTEX_POINT('',#13719);
#13727 = EDGE_CURVE('',#13725,#13726,#13724,.T.);
#13728 = ORIENTED_EDGE('',*,*,#13727,.F.);
#13729 = VECTOR('',#142,1.);
#13730 = CARTESIAN_POINT('',(15.073829906,-23.026170094,0.007));
#13731 = LINE('',#13730,#13729);
#13732 = VERTEX_POINT('',#13730);
#13733 = EDGE_CURVE('',#13732,#13725,#13731,.T.);
#13734 = ORIENTED_EDGE('',*,*,#13733,.F.);
#13735 = VECTOR('',#149,1.);
#13736 = CARTESIAN_POINT('',(15.005,-22.86,0.007));
#13737 = LINE('',#13736,#13735);
#13738 = VERTEX_POINT('',#13736);
#13739 = EDGE_CURVE('',#13738,#13732,#13737,.T.);
#13740 = ORIENTED_EDGE('',*,*,#13739,.F.);
#13741 = VECTOR('',#156,1.);
#13742 = LINE('',#13736,#13741);
#13743 = CARTESIAN_POINT('',(15.073829906,-22.693829906,0.007));
#13744 = VERTEX_POINT('',#13743);
#13745 = EDGE_CURVE('',#13738,#13744,#13742,.T.);
#13746 = ORIENTED_EDGE('',*,*,#13745,.T.);
#13747 = VECTOR('',#134,1.);
#13748 = LINE('',#13743,#13747);
#13749 = CARTESIAN_POINT('',(15.24,-22.625,0.007));
#13750 = VERTEX_POINT('',#13749);
#13751 = EDGE_CURVE('',#13744,#13750,#13748,.T.);
#13752 = ORIENTED_EDGE('',*,*,#13751,.T.);
#13753 = VECTOR('',#142,1.);
#13754 = LINE('',#13749,#13753);
#13755 = CARTESIAN_POINT('',(15.406170094,-22.693829906,0.007));
#13756 = VERTEX_POINT('',#13755);
#13757 = EDGE_CURVE('',#13750,#13756,#13754,.T.);
#13758 = ORIENTED_EDGE('',*,*,#13757,.T.);
#13759 = VECTOR('',#149,1.);
#13760 = LINE('',#13755,#13759);
#13761 = CARTESIAN_POINT('',(15.475,-22.86,0.007));
#13762 = VERTEX_POINT('',#13761);
#13763 = EDGE_CURVE('',#13756,#13762,#13760,.T.);
#13764 = ORIENTED_EDGE('',*,*,#13763,.T.);
#13765 = VECTOR('',#156,1.);
#13766 = LINE('',#13719,#13765);
#13767 = EDGE_CURVE('',#13726,#13762,#13766,.T.);
#13768 = ORIENTED_EDGE('',*,*,#13767,.F.);
#13769 = EDGE_LOOP('',(#13728,#13734,#13740,#13746,#13752,#13758,#13764,#13768));
#13770 = FACE_OUTER_BOUND('',#13769,.T.);
#13771 = ADVANCED_FACE('',(#13770),#13721,.T.);
#13772 = CARTESIAN_POINT('',(15.475,-22.86,4.007));
#13773 = AXIS2_PLACEMENT_3D('',#13772,#16,#51);
#13774 = PLANE('',#13773);
#13775 = VECTOR('',#149,1.);
#13776 = CARTESIAN_POINT('',(15.406170094,-22.693829906,4.007));
#13777 = LINE('',#13776,#13775);
#13778 = VERTEX_POINT('',#13776);
#13779 = VERTEX_POINT('',#13772);
#13780 = EDGE_CURVE('',#13778,#13779,#13777,.T.);
#13781 = ORIENTED_EDGE('',*,*,#13780,.F.);
#13782 = VECTOR('',#142,1.);
#13783 = CARTESIAN_POINT('',(15.24,-22.625,4.007));
#13784 = LINE('',#13783,#13782);
#13785 = VERTEX_POINT('',#13783);
#13786 = EDGE_CURVE('',#13785,#13778,#13784,.T.);
#13787 = ORIENTED_EDGE('',*,*,#13786,.F.);
#13788 = VECTOR('',#134,1.);
#13789 = CARTESIAN_POINT('',(15.073829906,-22.693829906,4.007));
#13790 = LINE('',#13789,#13788);
#13791 = VERTEX_POINT('',#13789);
#13792 = EDGE_CURVE('',#13791,#13785,#13790,.T.);
#13793 = ORIENTED_EDGE('',*,*,#13792,.F.);
#13794 = VECTOR('',#156,1.);
#13795 = CARTESIAN_POINT('',(15.005,-22.86,4.007));
#13796 = LINE('',#13795,#13794);
#13797 = VERTEX_POINT('',#13795);
#13798 = EDGE_CURVE('',#13797,#13791,#13796,.T.);
#13799 = ORIENTED_EDGE('',*,*,#13798,.F.);
#13800 = VECTOR('',#149,1.);
#13801 = LINE('',#13795,#13800);
#13802 = CARTESIAN_POINT('',(15.073829906,-23.026170094,4.007));
#13803 = VERTEX_POINT('',#13802);
#13804 = EDGE_CURVE('',#13797,#13803,#13801,.T.);
#13805 = ORIENTED_EDGE('',*,*,#13804,.T.);
#13806 = VECTOR('',#142,1.);
#13807 = LINE('',#13802,#13806);
#13808 = CARTESIAN_POINT('',(15.24,-23.095,4.007));
#13809 = VERTEX_POINT('',#13808);
#13810 = EDGE_CURVE('',#13803,#13809,#13807,.T.);
#13811 = ORIENTED_EDGE('',*,*,#13810,.T.);
#13812 = VECTOR('',#134,1.);
#13813 = LINE('',#13808,#13812);
#13814 = CARTESIAN_POINT('',(15.406170094,-23.026170094,4.007));
#13815 = VERTEX_POINT('',#13814);
#13816 = EDGE_CURVE('',#13809,#13815,#13813,.T.);
#13817 = ORIENTED_EDGE('',*,*,#13816,.T.);
#13818 = VECTOR('',#156,1.);
#13819 = LINE('',#13814,#13818);
#13820 = EDGE_CURVE('',#13815,#13779,#13819,.T.);
#13821 = ORIENTED_EDGE('',*,*,#13820,.T.);
#13822 = EDGE_LOOP('',(#13781,#13787,#13793,#13799,#13805,#13811,#13817,#13821));
#13823 = FACE_OUTER_BOUND('',#13822,.T.);
#13824 = ADVANCED_FACE('',(#13823),#13774,.T.);
#13825 = AXIS2_PLACEMENT_3D('',#13761,#134,#20);
#13826 = PLANE('',#13825);
#13827 = ORIENTED_EDGE('',*,*,#13763,.F.);
#13828 = VECTOR('',#16,1.);
#13829 = LINE('',#13755,#13828);
#13830 = EDGE_CURVE('',#13756,#13778,#13829,.T.);
#13831 = ORIENTED_EDGE('',*,*,#13830,.T.);
#13832 = ORIENTED_EDGE('',*,*,#13780,.T.);
#13833 = VECTOR('',#16,1.);
#13834 = LINE('',#13761,#13833);
#13835 = EDGE_CURVE('',#13762,#13779,#13834,.T.);
#13836 = ORIENTED_EDGE('',*,*,#13835,.F.);
#13837 = EDGE_LOOP('',(#13827,#13831,#13832,#13836));
#13838 = FACE_OUTER_BOUND('',#13837,.T.);
#13839 = ADVANCED_FACE('',(#13838),#13826,.T.);
#13840 = AXIS2_PLACEMENT_3D('',#13755,#156,#16);
#13841 = PLANE('',#13840);
#13842 = ORIENTED_EDGE('',*,*,#13757,.F.);
#13843 = VECTOR('',#16,1.);
#13844 = LINE('',#13749,#13843);
#13845 = EDGE_CURVE('',#13750,#13785,#13844,.T.);
#13846 = ORIENTED_EDGE('',*,*,#13845,.T.);
#13847 = ORIENTED_EDGE('',*,*,#13786,.T.);
#13848 = ORIENTED_EDGE('',*,*,#13830,.F.);
#13849 = EDGE_LOOP('',(#13842,#13846,#13847,#13848));
#13850 = FACE_OUTER_BOUND('',#13849,.T.);
#13851 = ADVANCED_FACE('',(#13850),#13841,.T.);
#13852 = AXIS2_PLACEMENT_3D('',#13749,#268,#16);
#13853 = PLANE('',#13852);
#13854 = ORIENTED_EDGE('',*,*,#13751,.F.);
#13855 = VECTOR('',#16,1.);
#13856 = LINE('',#13743,#13855);
#13857 = EDGE_CURVE('',#13744,#13791,#13856,.T.);
#13858 = ORIENTED_EDGE('',*,*,#13857,.T.);
#13859 = ORIENTED_EDGE('',*,*,#13792,.T.);
#13860 = ORIENTED_EDGE('',*,*,#13845,.F.);
#13861 = EDGE_LOOP('',(#13854,#13858,#13859,#13860));
#13862 = FACE_OUTER_BOUND('',#13861,.T.);
#13863 = ADVANCED_FACE('',(#13862),#13853,.T.);
#13864 = AXIS2_PLACEMENT_3D('',#13743,#281,#16);
#13865 = PLANE('',#13864);
#13866 = ORIENTED_EDGE('',*,*,#13745,.F.);
#13867 = VECTOR('',#16,1.);
#13868 = LINE('',#13736,#13867);
#13869 = EDGE_CURVE('',#13738,#13797,#13868,.T.);
#13870 = ORIENTED_EDGE('',*,*,#13869,.T.);
#13871 = ORIENTED_EDGE('',*,*,#13798,.T.);
#13872 = ORIENTED_EDGE('',*,*,#13857,.F.);
#13873 = EDGE_LOOP('',(#13866,#13870,#13871,#13872));
#13874 = FACE_OUTER_BOUND('',#13873,.T.);
#13875 = ADVANCED_FACE('',(#13874),#13865,.T.);
#13876 = AXIS2_PLACEMENT_3D('',#13736,#294,#16);
#13877 = PLANE('',#13876);
#13878 = ORIENTED_EDGE('',*,*,#13739,.T.);
#13879 = VECTOR('',#16,1.);
#13880 = LINE('',#13730,#13879);
#13881 = EDGE_CURVE('',#13732,#13803,#13880,.T.);
#13882 = ORIENTED_EDGE('',*,*,#13881,.T.);
#13883 = ORIENTED_EDGE('',*,*,#13804,.F.);
#13884 = ORIENTED_EDGE('',*,*,#13869,.F.);
#13885 = EDGE_LOOP('',(#13878,#13882,#13883,#13884));
#13886 = FACE_OUTER_BOUND('',#13885,.T.);
#13887 = ADVANCED_FACE('',(#13886),#13877,.T.);
#13888 = AXIS2_PLACEMENT_3D('',#13730,#307,#20);
#13889 = PLANE('',#13888);
#13890 = ORIENTED_EDGE('',*,*,#13733,.T.);
#13891 = VECTOR('',#16,1.);
#13892 = LINE('',#13723,#13891);
#13893 = EDGE_CURVE('',#13725,#13809,#13892,.T.);
#13894 = ORIENTED_EDGE('',*,*,#13893,.T.);
#13895 = ORIENTED_EDGE('',*,*,#13810,.F.);
#13896 = ORIENTED_EDGE('',*,*,#13881,.F.);
#13897 = EDGE_LOOP('',(#13890,#13894,#13895,#13896));
#13898 = FACE_OUTER_BOUND('',#13897,.T.);
#13899 = ADVANCED_FACE('',(#13898),#13889,.T.);
#13900 = AXIS2_PLACEMENT_3D('',#13723,#149,#20);
#13901 = PLANE('',#13900);
#13902 = ORIENTED_EDGE('',*,*,#13727,.T.);
#13903 = VECTOR('',#16,1.);
#13904 = LINE('',#13719,#13903);
#13905 = EDGE_CURVE('',#13726,#13815,#13904,.T.);
#13906 = ORIENTED_EDGE('',*,*,#13905,.T.);
#13907 = ORIENTED_EDGE('',*,*,#13816,.F.);
#13908 = ORIENTED_EDGE('',*,*,#13893,.F.);
#13909 = EDGE_LOOP('',(#13902,#13906,#13907,#13908));
#13910 = FACE_OUTER_BOUND('',#13909,.T.);
#13911 = ADVANCED_FACE('',(#13910),#13901,.T.);
#13912 = AXIS2_PLACEMENT_3D('',#13719,#142,#20);
#13913 = PLANE('',#13912);
#13914 = ORIENTED_EDGE('',*,*,#13767,.T.);
#13915 = ORIENTED_EDGE('',*,*,#13835,.T.);
#13916 = ORIENTED_EDGE('',*,*,#13820,.F.);
#13917 = ORIENTED_EDGE('',*,*,#13905,.F.);
#13918 = EDGE_LOOP('',(#13914,#13915,#13916,#13917));
#13919 = FACE_OUTER_BOUND('',#13918,.T.);
#13920 = ADVANCED_FACE('',(#13919),#13913,.T.);
#13921 = CLOSED_SHELL('',(#13771,#13824,#13839,#13851,#13863,#13875,#13887,#13899,#13911,#13920));
#13922 = MANIFOLD_SOLID_BREP('contact',#13921);
#13923 = CARTESIAN_POINT('',(15.469809704,-23.089809704,8.057));
#13924 = AXIS2_PLACEMENT_3D('',#13923,#20,#21);
#13925 = PLANE('',#13924);
#13926 = VECTOR('',#346,1.);
#13927 = CARTESIAN_POINT('',(15.24,-23.185,8.057));
#13928 = LINE('',#13927,#13926);
#13929 = VERTEX_POINT('',#13927);
#13930 = VERTEX_POINT('',#13923);
#13931 = EDGE_CURVE('',#13929,#13930,#13928,.T.);
#13932 = ORIENTED_EDGE('',*,*,#13931,.F.);
#13933 = VECTOR('',#354,1.);
#13934 = CARTESIAN_POINT('',(15.010190296,-23.089809704,8.057));
#13935 = LINE('',#13934,#13933);
#13936 = VERTEX_POINT('',#13934);
#13937 = EDGE_CURVE('',#13936,#13929,#13935,.T.);
#13938 = ORIENTED_EDGE('',*,*,#13937,.F.);
#13939 = VECTOR('',#361,1.);
#13940 = CARTESIAN_POINT('',(14.915,-22.86,8.057));
#13941 = LINE('',#13940,#13939);
#13942 = VERTEX_POINT('',#13940);
#13943 = EDGE_CURVE('',#13942,#13936,#13941,.T.);
#13944 = ORIENTED_EDGE('',*,*,#13943,.F.);
#13945 = VECTOR('',#368,1.);
#13946 = LINE('',#13940,#13945);
#13947 = CARTESIAN_POINT('',(15.010190296,-22.630190296,8.057));
#13948 = VERTEX_POINT('',#13947);
#13949 = EDGE_CURVE('',#13942,#13948,#13946,.T.);
#13950 = ORIENTED_EDGE('',*,*,#13949,.T.);
#13951 = VECTOR('',#346,1.);
#13952 = LINE('',#13947,#13951);
#13953 = CARTESIAN_POINT('',(15.24,-22.535,8.057));
#13954 = VERTEX_POINT('',#13953);
#13955 = EDGE_CURVE('',#13948,#13954,#13952,.T.);
#13956 = ORIENTED_EDGE('',*,*,#13955,.T.);
#13957 = VECTOR('',#354,1.);
#13958 = LINE('',#13953,#13957);
#13959 = CARTESIAN_POINT('',(15.469809704,-22.630190296,8.057));
#13960 = VERTEX_POINT('',#13959);
#13961 = EDGE_CURVE('',#13954,#13960,#13958,.T.);
#13962 = ORIENTED_EDGE('',*,*,#13961,.T.);
#13963 = VECTOR('',#361,1.);
#13964 = LINE('',#13959,#13963);
#13965 = CARTESIAN_POINT('',(15.565,-22.86,8.057));
#13966 = VERTEX_POINT('',#13965);
#13967 = EDGE_CURVE('',#13960,#13966,#13964,.T.);
#13968 = ORIENTED_EDGE('',*,*,#13967,.T.);
#13969 = VECTOR('',#368,1.);
#13970 = LINE('',#13923,#13969);
#13971 = EDGE_CURVE('',#13930,#13966,#13970,.T.);
#13972 = ORIENTED_EDGE('',*,*,#13971,.F.);
#13973 = EDGE_LOOP('',(#13932,#13938,#13944,#13950,#13956,#13962,#13968,#13972));
#13974 = FACE_OUTER_BOUND('',#13973,.T.);
#13975 = ADVANCED_FACE('',(#13974),#13925,.T.);
#13976 = CARTESIAN_POINT('',(15.565,-22.86,10.157));
#13977 = AXIS2_PLACEMENT_3D('',#13976,#16,#51);
#13978 = PLANE('',#13977);
#13979 = VECTOR('',#361,1.);
#13980 = CARTESIAN_POINT('',(15.469809704,-22.630190296,10.157));
#13981 = LINE('',#13980,#13979);
#13982 = VERTEX_POINT('',#13980);
#13983 = VERTEX_POINT('',#13976);
#13984 = EDGE_CURVE('',#13982,#13983,#13981,.T.);
#13985 = ORIENTED_EDGE('',*,*,#13984,.F.);
#13986 = VECTOR('',#354,1.);
#13987 = CARTESIAN_POINT('',(15.24,-22.535,10.157));
#13988 = LINE('',#13987,#13986);
#13989 = VERTEX_POINT('',#13987);
#13990 = EDGE_CURVE('',#13989,#13982,#13988,.T.);
#13991 = ORIENTED_EDGE('',*,*,#13990,.F.);
#13992 = VECTOR('',#346,1.);
#13993 = CARTESIAN_POINT('',(15.010190296,-22.630190296,10.157));
#13994 = LINE('',#13993,#13992);
#13995 = VERTEX_POINT('',#13993);
#13996 = EDGE_CURVE('',#13995,#13989,#13994,.T.);
#13997 = ORIENTED_EDGE('',*,*,#13996,.F.);
#13998 = VECTOR('',#368,1.);
#13999 = CARTESIAN_POINT('',(14.915,-22.86,10.157));
#14000 = LINE('',#13999,#13998);
#14001 = VERTEX_POINT('',#13999);
#14002 = EDGE_CURVE('',#14001,#13995,#14000,.T.);
#14003 = ORIENTED_EDGE('',*,*,#14002,.F.);
#14004 = VECTOR('',#361,1.);
#14005 = LINE('',#13999,#14004);
#14006 = CARTESIAN_POINT('',(15.010190296,-23.089809704,10.157));
#14007 = VERTEX_POINT('',#14006);
#14008 = EDGE_CURVE('',#14001,#14007,#14005,.T.);
#14009 = ORIENTED_EDGE('',*,*,#14008,.T.);
#14010 = VECTOR('',#354,1.);
#14011 = LINE('',#14006,#14010);
#14012 = CARTESIAN_POINT('',(15.24,-23.185,10.157));
#14013 = VERTEX_POINT('',#14012);
#14014 = EDGE_CURVE('',#14007,#14013,#14011,.T.);
#14015 = ORIENTED_EDGE('',*,*,#14014,.T.);
#14016 = VECTOR('',#346,1.);
#14017 = LINE('',#14012,#14016);
#14018 = CARTESIAN_POINT('',(15.469809704,-23.089809704,10.157));
#14019 = VERTEX_POINT('',#14018);
#14020 = EDGE_CURVE('',#14013,#14019,#14017,.T.);
#14021 = ORIENTED_EDGE('',*,*,#14020,.T.);
#14022 = VECTOR('',#368,1.);
#14023 = LINE('',#14018,#14022);
#14024 = EDGE_CURVE('',#14019,#13983,#14023,.T.);
#14025 = ORIENTED_EDGE('',*,*,#14024,.T.);
#14026 = EDGE_LOOP('',(#13985,#13991,#13997,#14003,#14009,#14015,#14021,#14025));
#14027 = FACE_OUTER_BOUND('',#14026,.T.);
#14028 = ADVANCED_FACE('',(#14027),#13978,.T.);
#14029 = AXIS2_PLACEMENT_3D('',#13965,#346,#20);
#14030 = PLANE('',#14029);
#14031 = ORIENTED_EDGE('',*,*,#13967,.F.);
#14032 = VECTOR('',#16,1.);
#14033 = LINE('',#13959,#14032);
#14034 = EDGE_CURVE('',#13960,#13982,#14033,.T.);
#14035 = ORIENTED_EDGE('',*,*,#14034,.T.);
#14036 = ORIENTED_EDGE('',*,*,#13984,.T.);
#14037 = VECTOR('',#16,1.);
#14038 = LINE('',#13965,#14037);
#14039 = EDGE_CURVE('',#13966,#13983,#14038,.T.);
#14040 = ORIENTED_EDGE('',*,*,#14039,.F.);
#14041 = EDGE_LOOP('',(#14031,#14035,#14036,#14040));
#14042 = FACE_OUTER_BOUND('',#14041,.T.);
#14043 = ADVANCED_FACE('',(#14042),#14030,.T.);
#14044 = AXIS2_PLACEMENT_3D('',#13959,#368,#16);
#14045 = PLANE('',#14044);
#14046 = ORIENTED_EDGE('',*,*,#13961,.F.);
#14047 = VECTOR('',#16,1.);
#14048 = LINE('',#13953,#14047);
#14049 = EDGE_CURVE('',#13954,#13989,#14048,.T.);
#14050 = ORIENTED_EDGE('',*,*,#14049,.T.);
#14051 = ORIENTED_EDGE('',*,*,#13990,.T.);
#14052 = ORIENTED_EDGE('',*,*,#14034,.F.);
#14053 = EDGE_LOOP('',(#14046,#14050,#14051,#14052));
#14054 = FACE_OUTER_BOUND('',#14053,.T.);
#14055 = ADVANCED_FACE('',(#14054),#14045,.T.);
#14056 = AXIS2_PLACEMENT_3D('',#13953,#480,#16);
#14057 = PLANE('',#14056);
#14058 = ORIENTED_EDGE('',*,*,#13955,.F.);
#14059 = VECTOR('',#16,1.);
#14060 = LINE('',#13947,#14059);
#14061 = EDGE_CURVE('',#13948,#13995,#14060,.T.);
#14062 = ORIENTED_EDGE('',*,*,#14061,.T.);
#14063 = ORIENTED_EDGE('',*,*,#13996,.T.);
#14064 = ORIENTED_EDGE('',*,*,#14049,.F.);
#14065 = EDGE_LOOP('',(#14058,#14062,#14063,#14064));
#14066 = FACE_OUTER_BOUND('',#14065,.T.);
#14067 = ADVANCED_FACE('',(#14066),#14057,.T.);
#14068 = AXIS2_PLACEMENT_3D('',#13947,#493,#16);
#14069 = PLANE('',#14068);
#14070 = ORIENTED_EDGE('',*,*,#13949,.F.);
#14071 = VECTOR('',#16,1.);
#14072 = LINE('',#13940,#14071);
#14073 = EDGE_CURVE('',#13942,#14001,#14072,.T.);
#14074 = ORIENTED_EDGE('',*,*,#14073,.T.);
#14075 = ORIENTED_EDGE('',*,*,#14002,.T.);
#14076 = ORIENTED_EDGE('',*,*,#14061,.F.);
#14077 = EDGE_LOOP('',(#14070,#14074,#14075,#14076));
#14078 = FACE_OUTER_BOUND('',#14077,.T.);
#14079 = ADVANCED_FACE('',(#14078),#14069,.T.);
#14080 = AXIS2_PLACEMENT_3D('',#13940,#506,#16);
#14081 = PLANE('',#14080);
#14082 = ORIENTED_EDGE('',*,*,#13943,.T.);
#14083 = VECTOR('',#16,1.);
#14084 = LINE('',#13934,#14083);
#14085 = EDGE_CURVE('',#13936,#14007,#14084,.T.);
#14086 = ORIENTED_EDGE('',*,*,#14085,.T.);
#14087 = ORIENTED_EDGE('',*,*,#14008,.F.);
#14088 = ORIENTED_EDGE('',*,*,#14073,.F.);
#14089 = EDGE_LOOP('',(#14082,#14086,#14087,#14088));
#14090 = FACE_OUTER_BOUND('',#14089,.T.);
#14091 = ADVANCED_FACE('',(#14090),#14081,.T.);
#14092 = AXIS2_PLACEMENT_3D('',#13934,#519,#20);
#14093 = PLANE('',#14092);
#14094 = ORIENTED_EDGE('',*,*,#13937,.T.);
#14095 = VECTOR('',#16,1.);
#14096 = LINE('',#13927,#14095);
#14097 = EDGE_CURVE('',#13929,#14013,#14096,.T.);
#14098 = ORIENTED_EDGE('',*,*,#14097,.T.);
#14099 = ORIENTED_EDGE('',*,*,#14014,.F.);
#14100 = ORIENTED_EDGE('',*,*,#14085,.F.);
#14101 = EDGE_LOOP('',(#14094,#14098,#14099,#14100));
#14102 = FACE_OUTER_BOUND('',#14101,.T.);
#14103 = ADVANCED_FACE('',(#14102),#14093,.T.);
#14104 = AXIS2_PLACEMENT_3D('',#13927,#361,#20);
#14105 = PLANE('',#14104);
#14106 = ORIENTED_EDGE('',*,*,#13931,.T.);
#14107 = VECTOR('',#16,1.);
#14108 = LINE('',#13923,#14107);
#14109 = EDGE_CURVE('',#13930,#14019,#14108,.T.);
#14110 = ORIENTED_EDGE('',*,*,#14109,.T.);
#14111 = ORIENTED_EDGE('',*,*,#14020,.F.);
#14112 = ORIENTED_EDGE('',*,*,#14097,.F.);
#14113 = EDGE_LOOP('',(#14106,#14110,#14111,#14112));
#14114 = FACE_OUTER_BOUND('',#14113,.T.);
#14115 = ADVANCED_FACE('',(#14114),#14105,.T.);
#14116 = AXIS2_PLACEMENT_3D('',#13923,#354,#20);
#14117 = PLANE('',#14116);
#14118 = ORIENTED_EDGE('',*,*,#13971,.T.);
#14119 = ORIENTED_EDGE('',*,*,#14039,.T.);
#14120 = ORIENTED_EDGE('',*,*,#14024,.F.);
#14121 = ORIENTED_EDGE('',*,*,#14109,.F.);
#14122 = EDGE_LOOP('',(#14118,#14119,#14120,#14121));
#14123 = FACE_OUTER_BOUND('',#14122,.T.);
#14124 = ADVANCED_FACE('',(#14123),#14117,.T.);
#14125 = CLOSED_SHELL('',(#13975,#14028,#14043,#14055,#14067,#14079,#14091,#14103,#14115,#14124));
#14126 = MANIFOLD_SOLID_BREP('lead',#14125);
#14127 = CARTESIAN_POINT('',(15.406170094,-25.566170094,0.007));
#14128 = AXIS2_PLACEMENT_3D('',#14127,#20,#21);
#14129 = PLANE('',#14128);
#14130 = VECTOR('',#134,1.);
#14131 = CARTESIAN_POINT('',(15.24,-25.635,0.007));
#14132 = LINE('',#14131,#14130);
#14133 = VERTEX_POINT('',#14131);
#14134 = VERTEX_POINT('',#14127);
#14135 = EDGE_CURVE('',#14133,#14134,#14132,.T.);
#14136 = ORIENTED_EDGE('',*,*,#14135,.F.);
#14137 = VECTOR('',#142,1.);
#14138 = CARTESIAN_POINT('',(15.073829906,-25.566170094,0.007));
#14139 = LINE('',#14138,#14137);
#14140 = VERTEX_POINT('',#14138);
#14141 = EDGE_CURVE('',#14140,#14133,#14139,.T.);
#14142 = ORIENTED_EDGE('',*,*,#14141,.F.);
#14143 = VECTOR('',#149,1.);
#14144 = CARTESIAN_POINT('',(15.005,-25.4,0.007));
#14145 = LINE('',#14144,#14143);
#14146 = VERTEX_POINT('',#14144);
#14147 = EDGE_CURVE('',#14146,#14140,#14145,.T.);
#14148 = ORIENTED_EDGE('',*,*,#14147,.F.);
#14149 = VECTOR('',#156,1.);
#14150 = LINE('',#14144,#14149);
#14151 = CARTESIAN_POINT('',(15.073829906,-25.233829906,0.007));
#14152 = VERTEX_POINT('',#14151);
#14153 = EDGE_CURVE('',#14146,#14152,#14150,.T.);
#14154 = ORIENTED_EDGE('',*,*,#14153,.T.);
#14155 = VECTOR('',#134,1.);
#14156 = LINE('',#14151,#14155);
#14157 = CARTESIAN_POINT('',(15.24,-25.165,0.007));
#14158 = VERTEX_POINT('',#14157);
#14159 = EDGE_CURVE('',#14152,#14158,#14156,.T.);
#14160 = ORIENTED_EDGE('',*,*,#14159,.T.);
#14161 = VECTOR('',#142,1.);
#14162 = LINE('',#14157,#14161);
#14163 = CARTESIAN_POINT('',(15.406170094,-25.233829906,0.007));
#14164 = VERTEX_POINT('',#14163);
#14165 = EDGE_CURVE('',#14158,#14164,#14162,.T.);
#14166 = ORIENTED_EDGE('',*,*,#14165,.T.);
#14167 = VECTOR('',#149,1.);
#14168 = LINE('',#14163,#14167);
#14169 = CARTESIAN_POINT('',(15.475,-25.4,0.007));
#14170 = VERTEX_POINT('',#14169);
#14171 = EDGE_CURVE('',#14164,#14170,#14168,.T.);
#14172 = ORIENTED_EDGE('',*,*,#14171,.T.);
#14173 = VECTOR('',#156,1.);
#14174 = LINE('',#14127,#14173);
#14175 = EDGE_CURVE('',#14134,#14170,#14174,.T.);
#14176 = ORIENTED_EDGE('',*,*,#14175,.F.);
#14177 = EDGE_LOOP('',(#14136,#14142,#14148,#14154,#14160,#14166,#14172,#14176));
#14178 = FACE_OUTER_BOUND('',#14177,.T.);
#14179 = ADVANCED_FACE('',(#14178),#14129,.T.);
#14180 = CARTESIAN_POINT('',(15.475,-25.4,4.007));
#14181 = AXIS2_PLACEMENT_3D('',#14180,#16,#51);
#14182 = PLANE('',#14181);
#14183 = VECTOR('',#149,1.);
#14184 = CARTESIAN_POINT('',(15.406170094,-25.233829906,4.007));
#14185 = LINE('',#14184,#14183);
#14186 = VERTEX_POINT('',#14184);
#14187 = VERTEX_POINT('',#14180);
#14188 = EDGE_CURVE('',#14186,#14187,#14185,.T.);
#14189 = ORIENTED_EDGE('',*,*,#14188,.F.);
#14190 = VECTOR('',#142,1.);
#14191 = CARTESIAN_POINT('',(15.24,-25.165,4.007));
#14192 = LINE('',#14191,#14190);
#14193 = VERTEX_POINT('',#14191);
#14194 = EDGE_CURVE('',#14193,#14186,#14192,.T.);
#14195 = ORIENTED_EDGE('',*,*,#14194,.F.);
#14196 = VECTOR('',#134,1.);
#14197 = CARTESIAN_POINT('',(15.073829906,-25.233829906,4.007));
#14198 = LINE('',#14197,#14196);
#14199 = VERTEX_POINT('',#14197);
#14200 = EDGE_CURVE('',#14199,#14193,#14198,.T.);
#14201 = ORIENTED_EDGE('',*,*,#14200,.F.);
#14202 = VECTOR('',#156,1.);
#14203 = CARTESIAN_POINT('',(15.005,-25.4,4.007));
#14204 = LINE('',#14203,#14202);
#14205 = VERTEX_POINT('',#14203);
#14206 = EDGE_CURVE('',#14205,#14199,#14204,.T.);
#14207 = ORIENTED_EDGE('',*,*,#14206,.F.);
#14208 = VECTOR('',#149,1.);
#14209 = LINE('',#14203,#14208);
#14210 = CARTESIAN_POINT('',(15.073829906,-25.566170094,4.007));
#14211 = VERTEX_POINT('',#14210);
#14212 = EDGE_CURVE('',#14205,#14211,#14209,.T.);
#14213 = ORIENTED_EDGE('',*,*,#14212,.T.);
#14214 = VECTOR('',#142,1.);
#14215 = LINE('',#14210,#14214);
#14216 = CARTESIAN_POINT('',(15.24,-25.635,4.007));
#14217 = VERTEX_POINT('',#14216);
#14218 = EDGE_CURVE('',#14211,#14217,#14215,.T.);
#14219 = ORIENTED_EDGE('',*,*,#14218,.T.);
#14220 = VECTOR('',#134,1.);
#14221 = LINE('',#14216,#14220);
#14222 = CARTESIAN_POINT('',(15.406170094,-25.566170094,4.007));
#14223 = VERTEX_POINT('',#14222);
#14224 = EDGE_CURVE('',#14217,#14223,#14221,.T.);
#14225 = ORIENTED_EDGE('',*,*,#14224,.T.);
#14226 = VECTOR('',#156,1.);
#14227 = LINE('',#14222,#14226);
#14228 = EDGE_CURVE('',#14223,#14187,#14227,.T.);
#14229 = ORIENTED_EDGE('',*,*,#14228,.T.);
#14230 = EDGE_LOOP('',(#14189,#14195,#14201,#14207,#14213,#14219,#14225,#14229));
#14231 = FACE_OUTER_BOUND('',#14230,.T.);
#14232 = ADVANCED_FACE('',(#14231),#14182,.T.);
#14233 = AXIS2_PLACEMENT_3D('',#14169,#134,#20);
#14234 = PLANE('',#14233);
#14235 = ORIENTED_EDGE('',*,*,#14171,.F.);
#14236 = VECTOR('',#16,1.);
#14237 = LINE('',#14163,#14236);
#14238 = EDGE_CURVE('',#14164,#14186,#14237,.T.);
#14239 = ORIENTED_EDGE('',*,*,#14238,.T.);
#14240 = ORIENTED_EDGE('',*,*,#14188,.T.);
#14241 = VECTOR('',#16,1.);
#14242 = LINE('',#14169,#14241);
#14243 = EDGE_CURVE('',#14170,#14187,#14242,.T.);
#14244 = ORIENTED_EDGE('',*,*,#14243,.F.);
#14245 = EDGE_LOOP('',(#14235,#14239,#14240,#14244));
#14246 = FACE_OUTER_BOUND('',#14245,.T.);
#14247 = ADVANCED_FACE('',(#14246),#14234,.T.);
#14248 = AXIS2_PLACEMENT_3D('',#14163,#156,#16);
#14249 = PLANE('',#14248);
#14250 = ORIENTED_EDGE('',*,*,#14165,.F.);
#14251 = VECTOR('',#16,1.);
#14252 = LINE('',#14157,#14251);
#14253 = EDGE_CURVE('',#14158,#14193,#14252,.T.);
#14254 = ORIENTED_EDGE('',*,*,#14253,.T.);
#14255 = ORIENTED_EDGE('',*,*,#14194,.T.);
#14256 = ORIENTED_EDGE('',*,*,#14238,.F.);
#14257 = EDGE_LOOP('',(#14250,#14254,#14255,#14256));
#14258 = FACE_OUTER_BOUND('',#14257,.T.);
#14259 = ADVANCED_FACE('',(#14258),#14249,.T.);
#14260 = AXIS2_PLACEMENT_3D('',#14157,#268,#16);
#14261 = PLANE('',#14260);
#14262 = ORIENTED_EDGE('',*,*,#14159,.F.);
#14263 = VECTOR('',#16,1.);
#14264 = LINE('',#14151,#14263);
#14265 = EDGE_CURVE('',#14152,#14199,#14264,.T.);
#14266 = ORIENTED_EDGE('',*,*,#14265,.T.);
#14267 = ORIENTED_EDGE('',*,*,#14200,.T.);
#14268 = ORIENTED_EDGE('',*,*,#14253,.F.);
#14269 = EDGE_LOOP('',(#14262,#14266,#14267,#14268));
#14270 = FACE_OUTER_BOUND('',#14269,.T.);
#14271 = ADVANCED_FACE('',(#14270),#14261,.T.);
#14272 = AXIS2_PLACEMENT_3D('',#14151,#281,#16);
#14273 = PLANE('',#14272);
#14274 = ORIENTED_EDGE('',*,*,#14153,.F.);
#14275 = VECTOR('',#16,1.);
#14276 = LINE('',#14144,#14275);
#14277 = EDGE_CURVE('',#14146,#14205,#14276,.T.);
#14278 = ORIENTED_EDGE('',*,*,#14277,.T.);
#14279 = ORIENTED_EDGE('',*,*,#14206,.T.);
#14280 = ORIENTED_EDGE('',*,*,#14265,.F.);
#14281 = EDGE_LOOP('',(#14274,#14278,#14279,#14280));
#14282 = FACE_OUTER_BOUND('',#14281,.T.);
#14283 = ADVANCED_FACE('',(#14282),#14273,.T.);
#14284 = AXIS2_PLACEMENT_3D('',#14144,#294,#16);
#14285 = PLANE('',#14284);
#14286 = ORIENTED_EDGE('',*,*,#14147,.T.);
#14287 = VECTOR('',#16,1.);
#14288 = LINE('',#14138,#14287);
#14289 = EDGE_CURVE('',#14140,#14211,#14288,.T.);
#14290 = ORIENTED_EDGE('',*,*,#14289,.T.);
#14291 = ORIENTED_EDGE('',*,*,#14212,.F.);
#14292 = ORIENTED_EDGE('',*,*,#14277,.F.);
#14293 = EDGE_LOOP('',(#14286,#14290,#14291,#14292));
#14294 = FACE_OUTER_BOUND('',#14293,.T.);
#14295 = ADVANCED_FACE('',(#14294),#14285,.T.);
#14296 = AXIS2_PLACEMENT_3D('',#14138,#307,#20);
#14297 = PLANE('',#14296);
#14298 = ORIENTED_EDGE('',*,*,#14141,.T.);
#14299 = VECTOR('',#16,1.);
#14300 = LINE('',#14131,#14299);
#14301 = EDGE_CURVE('',#14133,#14217,#14300,.T.);
#14302 = ORIENTED_EDGE('',*,*,#14301,.T.);
#14303 = ORIENTED_EDGE('',*,*,#14218,.F.);
#14304 = ORIENTED_EDGE('',*,*,#14289,.F.);
#14305 = EDGE_LOOP('',(#14298,#14302,#14303,#14304));
#14306 = FACE_OUTER_BOUND('',#14305,.T.);
#14307 = ADVANCED_FACE('',(#14306),#14297,.T.);
#14308 = AXIS2_PLACEMENT_3D('',#14131,#149,#20);
#14309 = PLANE('',#14308);
#14310 = ORIENTED_EDGE('',*,*,#14135,.T.);
#14311 = VECTOR('',#16,1.);
#14312 = LINE('',#14127,#14311);
#14313 = EDGE_CURVE('',#14134,#14223,#14312,.T.);
#14314 = ORIENTED_EDGE('',*,*,#14313,.T.);
#14315 = ORIENTED_EDGE('',*,*,#14224,.F.);
#14316 = ORIENTED_EDGE('',*,*,#14301,.F.);
#14317 = EDGE_LOOP('',(#14310,#14314,#14315,#14316));
#14318 = FACE_OUTER_BOUND('',#14317,.T.);
#14319 = ADVANCED_FACE('',(#14318),#14309,.T.);
#14320 = AXIS2_PLACEMENT_3D('',#14127,#142,#20);
#14321 = PLANE('',#14320);
#14322 = ORIENTED_EDGE('',*,*,#14175,.T.);
#14323 = ORIENTED_EDGE('',*,*,#14243,.T.);
#14324 = ORIENTED_EDGE('',*,*,#14228,.F.);
#14325 = ORIENTED_EDGE('',*,*,#14313,.F.);
#14326 = EDGE_LOOP('',(#14322,#14323,#14324,#14325));
#14327 = FACE_OUTER_BOUND('',#14326,.T.);
#14328 = ADVANCED_FACE('',(#14327),#14321,.T.);
#14329 = CLOSED_SHELL('',(#14179,#14232,#14247,#14259,#14271,#14283,#14295,#14307,#14319,#14328));
#14330 = MANIFOLD_SOLID_BREP('contact',#14329);
#14331 = CARTESIAN_POINT('',(15.469809704,-25.629809704,8.057));
#14332 = AXIS2_PLACEMENT_3D('',#14331,#20,#21);
#14333 = PLANE('',#14332);
#14334 = VECTOR('',#346,1.);
#14335 = CARTESIAN_POINT('',(15.24,-25.725,8.057));
#14336 = LINE('',#14335,#14334);
#14337 = VERTEX_POINT('',#14335);
#14338 = VERTEX_POINT('',#14331);
#14339 = EDGE_CURVE('',#14337,#14338,#14336,.T.);
#14340 = ORIENTED_EDGE('',*,*,#14339,.F.);
#14341 = VECTOR('',#354,1.);
#14342 = CARTESIAN_POINT('',(15.010190296,-25.629809704,8.057));
#14343 = LINE('',#14342,#14341);
#14344 = VERTEX_POINT('',#14342);
#14345 = EDGE_CURVE('',#14344,#14337,#14343,.T.);
#14346 = ORIENTED_EDGE('',*,*,#14345,.F.);
#14347 = VECTOR('',#361,1.);
#14348 = CARTESIAN_POINT('',(14.915,-25.4,8.057));
#14349 = LINE('',#14348,#14347);
#14350 = VERTEX_POINT('',#14348);
#14351 = EDGE_CURVE('',#14350,#14344,#14349,.T.);
#14352 = ORIENTED_EDGE('',*,*,#14351,.F.);
#14353 = VECTOR('',#368,1.);
#14354 = LINE('',#14348,#14353);
#14355 = CARTESIAN_POINT('',(15.010190296,-25.170190296,8.057));
#14356 = VERTEX_POINT('',#14355);
#14357 = EDGE_CURVE('',#14350,#14356,#14354,.T.);
#14358 = ORIENTED_EDGE('',*,*,#14357,.T.);
#14359 = VECTOR('',#346,1.);
#14360 = LINE('',#14355,#14359);
#14361 = CARTESIAN_POINT('',(15.24,-25.075,8.057));
#14362 = VERTEX_POINT('',#14361);
#14363 = EDGE_CURVE('',#14356,#14362,#14360,.T.);
#14364 = ORIENTED_EDGE('',*,*,#14363,.T.);
#14365 = VECTOR('',#354,1.);
#14366 = LINE('',#14361,#14365);
#14367 = CARTESIAN_POINT('',(15.469809704,-25.170190296,8.057));
#14368 = VERTEX_POINT('',#14367);
#14369 = EDGE_CURVE('',#14362,#14368,#14366,.T.);
#14370 = ORIENTED_EDGE('',*,*,#14369,.T.);
#14371 = VECTOR('',#361,1.);
#14372 = LINE('',#14367,#14371);
#14373 = CARTESIAN_POINT('',(15.565,-25.4,8.057));
#14374 = VERTEX_POINT('',#14373);
#14375 = EDGE_CURVE('',#14368,#14374,#14372,.T.);
#14376 = ORIENTED_EDGE('',*,*,#14375,.T.);
#14377 = VECTOR('',#368,1.);
#14378 = LINE('',#14331,#14377);
#14379 = EDGE_CURVE('',#14338,#14374,#14378,.T.);
#14380 = ORIENTED_EDGE('',*,*,#14379,.F.);
#14381 = EDGE_LOOP('',(#14340,#14346,#14352,#14358,#14364,#14370,#14376,#14380));
#14382 = FACE_OUTER_BOUND('',#14381,.T.);
#14383 = ADVANCED_FACE('',(#14382),#14333,.T.);
#14384 = CARTESIAN_POINT('',(15.565,-25.4,10.157));
#14385 = AXIS2_PLACEMENT_3D('',#14384,#16,#51);
#14386 = PLANE('',#14385);
#14387 = VECTOR('',#361,1.);
#14388 = CARTESIAN_POINT('',(15.469809704,-25.170190296,10.157));
#14389 = LINE('',#14388,#14387);
#14390 = VERTEX_POINT('',#14388);
#14391 = VERTEX_POINT('',#14384);
#14392 = EDGE_CURVE('',#14390,#14391,#14389,.T.);
#14393 = ORIENTED_EDGE('',*,*,#14392,.F.);
#14394 = VECTOR('',#354,1.);
#14395 = CARTESIAN_POINT('',(15.24,-25.075,10.157));
#14396 = LINE('',#14395,#14394);
#14397 = VERTEX_POINT('',#14395);
#14398 = EDGE_CURVE('',#14397,#14390,#14396,.T.);
#14399 = ORIENTED_EDGE('',*,*,#14398,.F.);
#14400 = VECTOR('',#346,1.);
#14401 = CARTESIAN_POINT('',(15.010190296,-25.170190296,10.157));
#14402 = LINE('',#14401,#14400);
#14403 = VERTEX_POINT('',#14401);
#14404 = EDGE_CURVE('',#14403,#14397,#14402,.T.);
#14405 = ORIENTED_EDGE('',*,*,#14404,.F.);
#14406 = VECTOR('',#368,1.);
#14407 = CARTESIAN_POINT('',(14.915,-25.4,10.157));
#14408 = LINE('',#14407,#14406);
#14409 = VERTEX_POINT('',#14407);
#14410 = EDGE_CURVE('',#14409,#14403,#14408,.T.);
#14411 = ORIENTED_EDGE('',*,*,#14410,.F.);
#14412 = VECTOR('',#361,1.);
#14413 = LINE('',#14407,#14412);
#14414 = CARTESIAN_POINT('',(15.010190296,-25.629809704,10.157));
#14415 = VERTEX_POINT('',#14414);
#14416 = EDGE_CURVE('',#14409,#14415,#14413,.T.);
#14417 = ORIENTED_EDGE('',*,*,#14416,.T.);
#14418 = VECTOR('',#354,1.);
#14419 = LINE('',#14414,#14418);
#14420 = CARTESIAN_POINT('',(15.24,-25.725,10.157));
#14421 = VERTEX_POINT('',#14420);
#14422 = EDGE_CURVE('',#14415,#14421,#14419,.T.);
#14423 = ORIENTED_EDGE('',*,*,#14422,.T.);
#14424 = VECTOR('',#346,1.);
#14425 = LINE('',#14420,#14424);
#14426 = CARTESIAN_POINT('',(15.469809704,-25.629809704,10.157));
#14427 = VERTEX_POINT('',#14426);
#14428 = EDGE_CURVE('',#14421,#14427,#14425,.T.);
#14429 = ORIENTED_EDGE('',*,*,#14428,.T.);
#14430 = VECTOR('',#368,1.);
#14431 = LINE('',#14426,#14430);
#14432 = EDGE_CURVE('',#14427,#14391,#14431,.T.);
#14433 = ORIENTED_EDGE('',*,*,#14432,.T.);
#14434 = EDGE_LOOP('',(#14393,#14399,#14405,#14411,#14417,#14423,#14429,#14433));
#14435 = FACE_OUTER_BOUND('',#14434,.T.);
#14436 = ADVANCED_FACE('',(#14435),#14386,.T.);
#14437 = AXIS2_PLACEMENT_3D('',#14373,#346,#20);
#14438 = PLANE('',#14437);
#14439 = ORIENTED_EDGE('',*,*,#14375,.F.);
#14440 = VECTOR('',#16,1.);
#14441 = LINE('',#14367,#14440);
#14442 = EDGE_CURVE('',#14368,#14390,#14441,.T.);
#14443 = ORIENTED_EDGE('',*,*,#14442,.T.);
#14444 = ORIENTED_EDGE('',*,*,#14392,.T.);
#14445 = VECTOR('',#16,1.);
#14446 = LINE('',#14373,#14445);
#14447 = EDGE_CURVE('',#14374,#14391,#14446,.T.);
#14448 = ORIENTED_EDGE('',*,*,#14447,.F.);
#14449 = EDGE_LOOP('',(#14439,#14443,#14444,#14448));
#14450 = FACE_OUTER_BOUND('',#14449,.T.);
#14451 = ADVANCED_FACE('',(#14450),#14438,.T.);
#14452 = AXIS2_PLACEMENT_3D('',#14367,#368,#16);
#14453 = PLANE('',#14452);
#14454 = ORIENTED_EDGE('',*,*,#14369,.F.);
#14455 = VECTOR('',#16,1.);
#14456 = LINE('',#14361,#14455);
#14457 = EDGE_CURVE('',#14362,#14397,#14456,.T.);
#14458 = ORIENTED_EDGE('',*,*,#14457,.T.);
#14459 = ORIENTED_EDGE('',*,*,#14398,.T.);
#14460 = ORIENTED_EDGE('',*,*,#14442,.F.);
#14461 = EDGE_LOOP('',(#14454,#14458,#14459,#14460));
#14462 = FACE_OUTER_BOUND('',#14461,.T.);
#14463 = ADVANCED_FACE('',(#14462),#14453,.T.);
#14464 = AXIS2_PLACEMENT_3D('',#14361,#480,#16);
#14465 = PLANE('',#14464);
#14466 = ORIENTED_EDGE('',*,*,#14363,.F.);
#14467 = VECTOR('',#16,1.);
#14468 = LINE('',#14355,#14467);
#14469 = EDGE_CURVE('',#14356,#14403,#14468,.T.);
#14470 = ORIENTED_EDGE('',*,*,#14469,.T.);
#14471 = ORIENTED_EDGE('',*,*,#14404,.T.);
#14472 = ORIENTED_EDGE('',*,*,#14457,.F.);
#14473 = EDGE_LOOP('',(#14466,#14470,#14471,#14472));
#14474 = FACE_OUTER_BOUND('',#14473,.T.);
#14475 = ADVANCED_FACE('',(#14474),#14465,.T.);
#14476 = AXIS2_PLACEMENT_3D('',#14355,#493,#16);
#14477 = PLANE('',#14476);
#14478 = ORIENTED_EDGE('',*,*,#14357,.F.);
#14479 = VECTOR('',#16,1.);
#14480 = LINE('',#14348,#14479);
#14481 = EDGE_CURVE('',#14350,#14409,#14480,.T.);
#14482 = ORIENTED_EDGE('',*,*,#14481,.T.);
#14483 = ORIENTED_EDGE('',*,*,#14410,.T.);
#14484 = ORIENTED_EDGE('',*,*,#14469,.F.);
#14485 = EDGE_LOOP('',(#14478,#14482,#14483,#14484));
#14486 = FACE_OUTER_BOUND('',#14485,.T.);
#14487 = ADVANCED_FACE('',(#14486),#14477,.T.);
#14488 = AXIS2_PLACEMENT_3D('',#14348,#506,#16);
#14489 = PLANE('',#14488);
#14490 = ORIENTED_EDGE('',*,*,#14351,.T.);
#14491 = VECTOR('',#16,1.);
#14492 = LINE('',#14342,#14491);
#14493 = EDGE_CURVE('',#14344,#14415,#14492,.T.);
#14494 = ORIENTED_EDGE('',*,*,#14493,.T.);
#14495 = ORIENTED_EDGE('',*,*,#14416,.F.);
#14496 = ORIENTED_EDGE('',*,*,#14481,.F.);
#14497 = EDGE_LOOP('',(#14490,#14494,#14495,#14496));
#14498 = FACE_OUTER_BOUND('',#14497,.T.);
#14499 = ADVANCED_FACE('',(#14498),#14489,.T.);
#14500 = AXIS2_PLACEMENT_3D('',#14342,#519,#20);
#14501 = PLANE('',#14500);
#14502 = ORIENTED_EDGE('',*,*,#14345,.T.);
#14503 = VECTOR('',#16,1.);
#14504 = LINE('',#14335,#14503);
#14505 = EDGE_CURVE('',#14337,#14421,#14504,.T.);
#14506 = ORIENTED_EDGE('',*,*,#14505,.T.);
#14507 = ORIENTED_EDGE('',*,*,#14422,.F.);
#14508 = ORIENTED_EDGE('',*,*,#14493,.F.);
#14509 = EDGE_LOOP('',(#14502,#14506,#14507,#14508));
#14510 = FACE_OUTER_BOUND('',#14509,.T.);
#14511 = ADVANCED_FACE('',(#14510),#14501,.T.);
#14512 = AXIS2_PLACEMENT_3D('',#14335,#361,#20);
#14513 = PLANE('',#14512);
#14514 = ORIENTED_EDGE('',*,*,#14339,.T.);
#14515 = VECTOR('',#16,1.);
#14516 = LINE('',#14331,#14515);
#14517 = EDGE_CURVE('',#14338,#14427,#14516,.T.);
#14518 = ORIENTED_EDGE('',*,*,#14517,.T.);
#14519 = ORIENTED_EDGE('',*,*,#14428,.F.);
#14520 = ORIENTED_EDGE('',*,*,#14505,.F.);
#14521 = EDGE_LOOP('',(#14514,#14518,#14519,#14520));
#14522 = FACE_OUTER_BOUND('',#14521,.T.);
#14523 = ADVANCED_FACE('',(#14522),#14513,.T.);
#14524 = AXIS2_PLACEMENT_3D('',#14331,#354,#20);
#14525 = PLANE('',#14524);
#14526 = ORIENTED_EDGE('',*,*,#14379,.T.);
#14527 = ORIENTED_EDGE('',*,*,#14447,.T.);
#14528 = ORIENTED_EDGE('',*,*,#14432,.F.);
#14529 = ORIENTED_EDGE('',*,*,#14517,.F.);
#14530 = EDGE_LOOP('',(#14526,#14527,#14528,#14529));
#14531 = FACE_OUTER_BOUND('',#14530,.T.);
#14532 = ADVANCED_FACE('',(#14531),#14525,.T.);
#14533 = CLOSED_SHELL('',(#14383,#14436,#14451,#14463,#14475,#14487,#14499,#14511,#14523,#14532));
#14534 = MANIFOLD_SOLID_BREP('lead',#14533);
#14535 = CARTESIAN_POINT('',(15.406170094,-28.106170094,0.007));
#14536 = AXIS2_PLACEMENT_3D('',#14535,#20,#21);
#14537 = PLANE('',#14536);
#14538 = VECTOR('',#134,1.);
#14539 = CARTESIAN_POINT('',(15.24,-28.175,0.007));
#14540 = LINE('',#14539,#14538);
#14541 = VERTEX_POINT('',#14539);
#14542 = VERTEX_POINT('',#14535);
#14543 = EDGE_CURVE('',#14541,#14542,#14540,.T.);
#14544 = ORIENTED_EDGE('',*,*,#14543,.F.);
#14545 = VECTOR('',#142,1.);
#14546 = CARTESIAN_POINT('',(15.073829906,-28.106170094,0.007));
#14547 = LINE('',#14546,#14545);
#14548 = VERTEX_POINT('',#14546);
#14549 = EDGE_CURVE('',#14548,#14541,#14547,.T.);
#14550 = ORIENTED_EDGE('',*,*,#14549,.F.);
#14551 = VECTOR('',#149,1.);
#14552 = CARTESIAN_POINT('',(15.005,-27.94,0.007));
#14553 = LINE('',#14552,#14551);
#14554 = VERTEX_POINT('',#14552);
#14555 = EDGE_CURVE('',#14554,#14548,#14553,.T.);
#14556 = ORIENTED_EDGE('',*,*,#14555,.F.);
#14557 = VECTOR('',#156,1.);
#14558 = LINE('',#14552,#14557);
#14559 = CARTESIAN_POINT('',(15.073829906,-27.773829906,0.007));
#14560 = VERTEX_POINT('',#14559);
#14561 = EDGE_CURVE('',#14554,#14560,#14558,.T.);
#14562 = ORIENTED_EDGE('',*,*,#14561,.T.);
#14563 = VECTOR('',#134,1.);
#14564 = LINE('',#14559,#14563);
#14565 = CARTESIAN_POINT('',(15.24,-27.705,0.007));
#14566 = VERTEX_POINT('',#14565);
#14567 = EDGE_CURVE('',#14560,#14566,#14564,.T.);
#14568 = ORIENTED_EDGE('',*,*,#14567,.T.);
#14569 = VECTOR('',#142,1.);
#14570 = LINE('',#14565,#14569);
#14571 = CARTESIAN_POINT('',(15.406170094,-27.773829906,0.007));
#14572 = VERTEX_POINT('',#14571);
#14573 = EDGE_CURVE('',#14566,#14572,#14570,.T.);
#14574 = ORIENTED_EDGE('',*,*,#14573,.T.);
#14575 = VECTOR('',#149,1.);
#14576 = LINE('',#14571,#14575);
#14577 = CARTESIAN_POINT('',(15.475,-27.94,0.007));
#14578 = VERTEX_POINT('',#14577);
#14579 = EDGE_CURVE('',#14572,#14578,#14576,.T.);
#14580 = ORIENTED_EDGE('',*,*,#14579,.T.);
#14581 = VECTOR('',#156,1.);
#14582 = LINE('',#14535,#14581);
#14583 = EDGE_CURVE('',#14542,#14578,#14582,.T.);
#14584 = ORIENTED_EDGE('',*,*,#14583,.F.);
#14585 = EDGE_LOOP('',(#14544,#14550,#14556,#14562,#14568,#14574,#14580,#14584));
#14586 = FACE_OUTER_BOUND('',#14585,.T.);
#14587 = ADVANCED_FACE('',(#14586),#14537,.T.);
#14588 = CARTESIAN_POINT('',(15.475,-27.94,4.007));
#14589 = AXIS2_PLACEMENT_3D('',#14588,#16,#51);
#14590 = PLANE('',#14589);
#14591 = VECTOR('',#149,1.);
#14592 = CARTESIAN_POINT('',(15.406170094,-27.773829906,4.007));
#14593 = LINE('',#14592,#14591);
#14594 = VERTEX_POINT('',#14592);
#14595 = VERTEX_POINT('',#14588);
#14596 = EDGE_CURVE('',#14594,#14595,#14593,.T.);
#14597 = ORIENTED_EDGE('',*,*,#14596,.F.);
#14598 = VECTOR('',#142,1.);
#14599 = CARTESIAN_POINT('',(15.24,-27.705,4.007));
#14600 = LINE('',#14599,#14598);
#14601 = VERTEX_POINT('',#14599);
#14602 = EDGE_CURVE('',#14601,#14594,#14600,.T.);
#14603 = ORIENTED_EDGE('',*,*,#14602,.F.);
#14604 = VECTOR('',#134,1.);
#14605 = CARTESIAN_POINT('',(15.073829906,-27.773829906,4.007));
#14606 = LINE('',#14605,#14604);
#14607 = VERTEX_POINT('',#14605);
#14608 = EDGE_CURVE('',#14607,#14601,#14606,.T.);
#14609 = ORIENTED_EDGE('',*,*,#14608,.F.);
#14610 = VECTOR('',#156,1.);
#14611 = CARTESIAN_POINT('',(15.005,-27.94,4.007));
#14612 = LINE('',#14611,#14610);
#14613 = VERTEX_POINT('',#14611);
#14614 = EDGE_CURVE('',#14613,#14607,#14612,.T.);
#14615 = ORIENTED_EDGE('',*,*,#14614,.F.);
#14616 = VECTOR('',#149,1.);
#14617 = LINE('',#14611,#14616);
#14618 = CARTESIAN_POINT('',(15.073829906,-28.106170094,4.007));
#14619 = VERTEX_POINT('',#14618);
#14620 = EDGE_CURVE('',#14613,#14619,#14617,.T.);
#14621 = ORIENTED_EDGE('',*,*,#14620,.T.);
#14622 = VECTOR('',#142,1.);
#14623 = LINE('',#14618,#14622);
#14624 = CARTESIAN_POINT('',(15.24,-28.175,4.007));
#14625 = VERTEX_POINT('',#14624);
#14626 = EDGE_CURVE('',#14619,#14625,#14623,.T.);
#14627 = ORIENTED_EDGE('',*,*,#14626,.T.);
#14628 = VECTOR('',#134,1.);
#14629 = LINE('',#14624,#14628);
#14630 = CARTESIAN_POINT('',(15.406170094,-28.106170094,4.007));
#14631 = VERTEX_POINT('',#14630);
#14632 = EDGE_CURVE('',#14625,#14631,#14629,.T.);
#14633 = ORIENTED_EDGE('',*,*,#14632,.T.);
#14634 = VECTOR('',#156,1.);
#14635 = LINE('',#14630,#14634);
#14636 = EDGE_CURVE('',#14631,#14595,#14635,.T.);
#14637 = ORIENTED_EDGE('',*,*,#14636,.T.);
#14638 = EDGE_LOOP('',(#14597,#14603,#14609,#14615,#14621,#14627,#14633,#14637));
#14639 = FACE_OUTER_BOUND('',#14638,.T.);
#14640 = ADVANCED_FACE('',(#14639),#14590,.T.);
#14641 = AXIS2_PLACEMENT_3D('',#14577,#134,#20);
#14642 = PLANE('',#14641);
#14643 = ORIENTED_EDGE('',*,*,#14579,.F.);
#14644 = VECTOR('',#16,1.);
#14645 = LINE('',#14571,#14644);
#14646 = EDGE_CURVE('',#14572,#14594,#14645,.T.);
#14647 = ORIENTED_EDGE('',*,*,#14646,.T.);
#14648 = ORIENTED_EDGE('',*,*,#14596,.T.);
#14649 = VECTOR('',#16,1.);
#14650 = LINE('',#14577,#14649);
#14651 = EDGE_CURVE('',#14578,#14595,#14650,.T.);
#14652 = ORIENTED_EDGE('',*,*,#14651,.F.);
#14653 = EDGE_LOOP('',(#14643,#14647,#14648,#14652));
#14654 = FACE_OUTER_BOUND('',#14653,.T.);
#14655 = ADVANCED_FACE('',(#14654),#14642,.T.);
#14656 = AXIS2_PLACEMENT_3D('',#14571,#156,#16);
#14657 = PLANE('',#14656);
#14658 = ORIENTED_EDGE('',*,*,#14573,.F.);
#14659 = VECTOR('',#16,1.);
#14660 = LINE('',#14565,#14659);
#14661 = EDGE_CURVE('',#14566,#14601,#14660,.T.);
#14662 = ORIENTED_EDGE('',*,*,#14661,.T.);
#14663 = ORIENTED_EDGE('',*,*,#14602,.T.);
#14664 = ORIENTED_EDGE('',*,*,#14646,.F.);
#14665 = EDGE_LOOP('',(#14658,#14662,#14663,#14664));
#14666 = FACE_OUTER_BOUND('',#14665,.T.);
#14667 = ADVANCED_FACE('',(#14666),#14657,.T.);
#14668 = AXIS2_PLACEMENT_3D('',#14565,#268,#16);
#14669 = PLANE('',#14668);
#14670 = ORIENTED_EDGE('',*,*,#14567,.F.);
#14671 = VECTOR('',#16,1.);
#14672 = LINE('',#14559,#14671);
#14673 = EDGE_CURVE('',#14560,#14607,#14672,.T.);
#14674 = ORIENTED_EDGE('',*,*,#14673,.T.);
#14675 = ORIENTED_EDGE('',*,*,#14608,.T.);
#14676 = ORIENTED_EDGE('',*,*,#14661,.F.);
#14677 = EDGE_LOOP('',(#14670,#14674,#14675,#14676));
#14678 = FACE_OUTER_BOUND('',#14677,.T.);
#14679 = ADVANCED_FACE('',(#14678),#14669,.T.);
#14680 = AXIS2_PLACEMENT_3D('',#14559,#281,#16);
#14681 = PLANE('',#14680);
#14682 = ORIENTED_EDGE('',*,*,#14561,.F.);
#14683 = VECTOR('',#16,1.);
#14684 = LINE('',#14552,#14683);
#14685 = EDGE_CURVE('',#14554,#14613,#14684,.T.);
#14686 = ORIENTED_EDGE('',*,*,#14685,.T.);
#14687 = ORIENTED_EDGE('',*,*,#14614,.T.);
#14688 = ORIENTED_EDGE('',*,*,#14673,.F.);
#14689 = EDGE_LOOP('',(#14682,#14686,#14687,#14688));
#14690 = FACE_OUTER_BOUND('',#14689,.T.);
#14691 = ADVANCED_FACE('',(#14690),#14681,.T.);
#14692 = AXIS2_PLACEMENT_3D('',#14552,#294,#16);
#14693 = PLANE('',#14692);
#14694 = ORIENTED_EDGE('',*,*,#14555,.T.);
#14695 = VECTOR('',#16,1.);
#14696 = LINE('',#14546,#14695);
#14697 = EDGE_CURVE('',#14548,#14619,#14696,.T.);
#14698 = ORIENTED_EDGE('',*,*,#14697,.T.);
#14699 = ORIENTED_EDGE('',*,*,#14620,.F.);
#14700 = ORIENTED_EDGE('',*,*,#14685,.F.);
#14701 = EDGE_LOOP('',(#14694,#14698,#14699,#14700));
#14702 = FACE_OUTER_BOUND('',#14701,.T.);
#14703 = ADVANCED_FACE('',(#14702),#14693,.T.);
#14704 = AXIS2_PLACEMENT_3D('',#14546,#307,#20);
#14705 = PLANE('',#14704);
#14706 = ORIENTED_EDGE('',*,*,#14549,.T.);
#14707 = VECTOR('',#16,1.);
#14708 = LINE('',#14539,#14707);
#14709 = EDGE_CURVE('',#14541,#14625,#14708,.T.);
#14710 = ORIENTED_EDGE('',*,*,#14709,.T.);
#14711 = ORIENTED_EDGE('',*,*,#14626,.F.);
#14712 = ORIENTED_EDGE('',*,*,#14697,.F.);
#14713 = EDGE_LOOP('',(#14706,#14710,#14711,#14712));
#14714 = FACE_OUTER_BOUND('',#14713,.T.);
#14715 = ADVANCED_FACE('',(#14714),#14705,.T.);
#14716 = AXIS2_PLACEMENT_3D('',#14539,#149,#20);
#14717 = PLANE('',#14716);
#14718 = ORIENTED_EDGE('',*,*,#14543,.T.);
#14719 = VECTOR('',#16,1.);
#14720 = LINE('',#14535,#14719);
#14721 = EDGE_CURVE('',#14542,#14631,#14720,.T.);
#14722 = ORIENTED_EDGE('',*,*,#14721,.T.);
#14723 = ORIENTED_EDGE('',*,*,#14632,.F.);
#14724 = ORIENTED_EDGE('',*,*,#14709,.F.);
#14725 = EDGE_LOOP('',(#14718,#14722,#14723,#14724));
#14726 = FACE_OUTER_BOUND('',#14725,.T.);
#14727 = ADVANCED_FACE('',(#14726),#14717,.T.);
#14728 = AXIS2_PLACEMENT_3D('',#14535,#142,#20);
#14729 = PLANE('',#14728);
#14730 = ORIENTED_EDGE('',*,*,#14583,.T.);
#14731 = ORIENTED_EDGE('',*,*,#14651,.T.);
#14732 = ORIENTED_EDGE('',*,*,#14636,.F.);
#14733 = ORIENTED_EDGE('',*,*,#14721,.F.);
#14734 = EDGE_LOOP('',(#14730,#14731,#14732,#14733));
#14735 = FACE_OUTER_BOUND('',#14734,.T.);
#14736 = ADVANCED_FACE('',(#14735),#14729,.T.);
#14737 = CLOSED_SHELL('',(#14587,#14640,#14655,#14667,#14679,#14691,#14703,#14715,#14727,#14736));
#14738 = MANIFOLD_SOLID_BREP('contact',#14737);
#14739 = CARTESIAN_POINT('',(15.469809704,-28.169809704,8.057));
#14740 = AXIS2_PLACEMENT_3D('',#14739,#20,#21);
#14741 = PLANE('',#14740);
#14742 = VECTOR('',#346,1.);
#14743 = CARTESIAN_POINT('',(15.24,-28.265,8.057));
#14744 = LINE('',#14743,#14742);
#14745 = VERTEX_POINT('',#14743);
#14746 = VERTEX_POINT('',#14739);
#14747 = EDGE_CURVE('',#14745,#14746,#14744,.T.);
#14748 = ORIENTED_EDGE('',*,*,#14747,.F.);
#14749 = VECTOR('',#354,1.);
#14750 = CARTESIAN_POINT('',(15.010190296,-28.169809704,8.057));
#14751 = LINE('',#14750,#14749);
#14752 = VERTEX_POINT('',#14750);
#14753 = EDGE_CURVE('',#14752,#14745,#14751,.T.);
#14754 = ORIENTED_EDGE('',*,*,#14753,.F.);
#14755 = VECTOR('',#361,1.);
#14756 = CARTESIAN_POINT('',(14.915,-27.94,8.057));
#14757 = LINE('',#14756,#14755);
#14758 = VERTEX_POINT('',#14756);
#14759 = EDGE_CURVE('',#14758,#14752,#14757,.T.);
#14760 = ORIENTED_EDGE('',*,*,#14759,.F.);
#14761 = VECTOR('',#368,1.);
#14762 = LINE('',#14756,#14761);
#14763 = CARTESIAN_POINT('',(15.010190296,-27.710190296,8.057));
#14764 = VERTEX_POINT('',#14763);
#14765 = EDGE_CURVE('',#14758,#14764,#14762,.T.);
#14766 = ORIENTED_EDGE('',*,*,#14765,.T.);
#14767 = VECTOR('',#346,1.);
#14768 = LINE('',#14763,#14767);
#14769 = CARTESIAN_POINT('',(15.24,-27.615,8.057));
#14770 = VERTEX_POINT('',#14769);
#14771 = EDGE_CURVE('',#14764,#14770,#14768,.T.);
#14772 = ORIENTED_EDGE('',*,*,#14771,.T.);
#14773 = VECTOR('',#354,1.);
#14774 = LINE('',#14769,#14773);
#14775 = CARTESIAN_POINT('',(15.469809704,-27.710190296,8.057));
#14776 = VERTEX_POINT('',#14775);
#14777 = EDGE_CURVE('',#14770,#14776,#14774,.T.);
#14778 = ORIENTED_EDGE('',*,*,#14777,.T.);
#14779 = VECTOR('',#361,1.);
#14780 = LINE('',#14775,#14779);
#14781 = CARTESIAN_POINT('',(15.565,-27.94,8.057));
#14782 = VERTEX_POINT('',#14781);
#14783 = EDGE_CURVE('',#14776,#14782,#14780,.T.);
#14784 = ORIENTED_EDGE('',*,*,#14783,.T.);
#14785 = VECTOR('',#368,1.);
#14786 = LINE('',#14739,#14785);
#14787 = EDGE_CURVE('',#14746,#14782,#14786,.T.);
#14788 = ORIENTED_EDGE('',*,*,#14787,.F.);
#14789 = EDGE_LOOP('',(#14748,#14754,#14760,#14766,#14772,#14778,#14784,#14788));
#14790 = FACE_OUTER_BOUND('',#14789,.T.);
#14791 = ADVANCED_FACE('',(#14790),#14741,.T.);
#14792 = CARTESIAN_POINT('',(15.565,-27.94,10.157));
#14793 = AXIS2_PLACEMENT_3D('',#14792,#16,#51);
#14794 = PLANE('',#14793);
#14795 = VECTOR('',#361,1.);
#14796 = CARTESIAN_POINT('',(15.469809704,-27.710190296,10.157));
#14797 = LINE('',#14796,#14795);
#14798 = VERTEX_POINT('',#14796);
#14799 = VERTEX_POINT('',#14792);
#14800 = EDGE_CURVE('',#14798,#14799,#14797,.T.);
#14801 = ORIENTED_EDGE('',*,*,#14800,.F.);
#14802 = VECTOR('',#354,1.);
#14803 = CARTESIAN_POINT('',(15.24,-27.615,10.157));
#14804 = LINE('',#14803,#14802);
#14805 = VERTEX_POINT('',#14803);
#14806 = EDGE_CURVE('',#14805,#14798,#14804,.T.);
#14807 = ORIENTED_EDGE('',*,*,#14806,.F.);
#14808 = VECTOR('',#346,1.);
#14809 = CARTESIAN_POINT('',(15.010190296,-27.710190296,10.157));
#14810 = LINE('',#14809,#14808);
#14811 = VERTEX_POINT('',#14809);
#14812 = EDGE_CURVE('',#14811,#14805,#14810,.T.);
#14813 = ORIENTED_EDGE('',*,*,#14812,.F.);
#14814 = VECTOR('',#368,1.);
#14815 = CARTESIAN_POINT('',(14.915,-27.94,10.157));
#14816 = LINE('',#14815,#14814);
#14817 = VERTEX_POINT('',#14815);
#14818 = EDGE_CURVE('',#14817,#14811,#14816,.T.);
#14819 = ORIENTED_EDGE('',*,*,#14818,.F.);
#14820 = VECTOR('',#361,1.);
#14821 = LINE('',#14815,#14820);
#14822 = CARTESIAN_POINT('',(15.010190296,-28.169809704,10.157));
#14823 = VERTEX_POINT('',#14822);
#14824 = EDGE_CURVE('',#14817,#14823,#14821,.T.);
#14825 = ORIENTED_EDGE('',*,*,#14824,.T.);
#14826 = VECTOR('',#354,1.);
#14827 = LINE('',#14822,#14826);
#14828 = CARTESIAN_POINT('',(15.24,-28.265,10.157));
#14829 = VERTEX_POINT('',#14828);
#14830 = EDGE_CURVE('',#14823,#14829,#14827,.T.);
#14831 = ORIENTED_EDGE('',*,*,#14830,.T.);
#14832 = VECTOR('',#346,1.);
#14833 = LINE('',#14828,#14832);
#14834 = CARTESIAN_POINT('',(15.469809704,-28.169809704,10.157));
#14835 = VERTEX_POINT('',#14834);
#14836 = EDGE_CURVE('',#14829,#14835,#14833,.T.);
#14837 = ORIENTED_EDGE('',*,*,#14836,.T.);
#14838 = VECTOR('',#368,1.);
#14839 = LINE('',#14834,#14838);
#14840 = EDGE_CURVE('',#14835,#14799,#14839,.T.);
#14841 = ORIENTED_EDGE('',*,*,#14840,.T.);
#14842 = EDGE_LOOP('',(#14801,#14807,#14813,#14819,#14825,#14831,#14837,#14841));
#14843 = FACE_OUTER_BOUND('',#14842,.T.);
#14844 = ADVANCED_FACE('',(#14843),#14794,.T.);
#14845 = AXIS2_PLACEMENT_3D('',#14781,#346,#20);
#14846 = PLANE('',#14845);
#14847 = ORIENTED_EDGE('',*,*,#14783,.F.);
#14848 = VECTOR('',#16,1.);
#14849 = LINE('',#14775,#14848);
#14850 = EDGE_CURVE('',#14776,#14798,#14849,.T.);
#14851 = ORIENTED_EDGE('',*,*,#14850,.T.);
#14852 = ORIENTED_EDGE('',*,*,#14800,.T.);
#14853 = VECTOR('',#16,1.);
#14854 = LINE('',#14781,#14853);
#14855 = EDGE_CURVE('',#14782,#14799,#14854,.T.);
#14856 = ORIENTED_EDGE('',*,*,#14855,.F.);
#14857 = EDGE_LOOP('',(#14847,#14851,#14852,#14856));
#14858 = FACE_OUTER_BOUND('',#14857,.T.);
#14859 = ADVANCED_FACE('',(#14858),#14846,.T.);
#14860 = AXIS2_PLACEMENT_3D('',#14775,#368,#16);
#14861 = PLANE('',#14860);
#14862 = ORIENTED_EDGE('',*,*,#14777,.F.);
#14863 = VECTOR('',#16,1.);
#14864 = LINE('',#14769,#14863);
#14865 = EDGE_CURVE('',#14770,#14805,#14864,.T.);
#14866 = ORIENTED_EDGE('',*,*,#14865,.T.);
#14867 = ORIENTED_EDGE('',*,*,#14806,.T.);
#14868 = ORIENTED_EDGE('',*,*,#14850,.F.);
#14869 = EDGE_LOOP('',(#14862,#14866,#14867,#14868));
#14870 = FACE_OUTER_BOUND('',#14869,.T.);
#14871 = ADVANCED_FACE('',(#14870),#14861,.T.);
#14872 = AXIS2_PLACEMENT_3D('',#14769,#480,#16);
#14873 = PLANE('',#14872);
#14874 = ORIENTED_EDGE('',*,*,#14771,.F.);
#14875 = VECTOR('',#16,1.);
#14876 = LINE('',#14763,#14875);
#14877 = EDGE_CURVE('',#14764,#14811,#14876,.T.);
#14878 = ORIENTED_EDGE('',*,*,#14877,.T.);
#14879 = ORIENTED_EDGE('',*,*,#14812,.T.);
#14880 = ORIENTED_EDGE('',*,*,#14865,.F.);
#14881 = EDGE_LOOP('',(#14874,#14878,#14879,#14880));
#14882 = FACE_OUTER_BOUND('',#14881,.T.);
#14883 = ADVANCED_FACE('',(#14882),#14873,.T.);
#14884 = AXIS2_PLACEMENT_3D('',#14763,#493,#16);
#14885 = PLANE('',#14884);
#14886 = ORIENTED_EDGE('',*,*,#14765,.F.);
#14887 = VECTOR('',#16,1.);
#14888 = LINE('',#14756,#14887);
#14889 = EDGE_CURVE('',#14758,#14817,#14888,.T.);
#14890 = ORIENTED_EDGE('',*,*,#14889,.T.);
#14891 = ORIENTED_EDGE('',*,*,#14818,.T.);
#14892 = ORIENTED_EDGE('',*,*,#14877,.F.);
#14893 = EDGE_LOOP('',(#14886,#14890,#14891,#14892));
#14894 = FACE_OUTER_BOUND('',#14893,.T.);
#14895 = ADVANCED_FACE('',(#14894),#14885,.T.);
#14896 = AXIS2_PLACEMENT_3D('',#14756,#506,#16);
#14897 = PLANE('',#14896);
#14898 = ORIENTED_EDGE('',*,*,#14759,.T.);
#14899 = VECTOR('',#16,1.);
#14900 = LINE('',#14750,#14899);
#14901 = EDGE_CURVE('',#14752,#14823,#14900,.T.);
#14902 = ORIENTED_EDGE('',*,*,#14901,.T.);
#14903 = ORIENTED_EDGE('',*,*,#14824,.F.);
#14904 = ORIENTED_EDGE('',*,*,#14889,.F.);
#14905 = EDGE_LOOP('',(#14898,#14902,#14903,#14904));
#14906 = FACE_OUTER_BOUND('',#14905,.T.);
#14907 = ADVANCED_FACE('',(#14906),#14897,.T.);
#14908 = AXIS2_PLACEMENT_3D('',#14750,#519,#20);
#14909 = PLANE('',#14908);
#14910 = ORIENTED_EDGE('',*,*,#14753,.T.);
#14911 = VECTOR('',#16,1.);
#14912 = LINE('',#14743,#14911);
#14913 = EDGE_CURVE('',#14745,#14829,#14912,.T.);
#14914 = ORIENTED_EDGE('',*,*,#14913,.T.);
#14915 = ORIENTED_EDGE('',*,*,#14830,.F.);
#14916 = ORIENTED_EDGE('',*,*,#14901,.F.);
#14917 = EDGE_LOOP('',(#14910,#14914,#14915,#14916));
#14918 = FACE_OUTER_BOUND('',#14917,.T.);
#14919 = ADVANCED_FACE('',(#14918),#14909,.T.);
#14920 = AXIS2_PLACEMENT_3D('',#14743,#361,#20);
#14921 = PLANE('',#14920);
#14922 = ORIENTED_EDGE('',*,*,#14747,.T.);
#14923 = VECTOR('',#16,1.);
#14924 = LINE('',#14739,#14923);
#14925 = EDGE_CURVE('',#14746,#14835,#14924,.T.);
#14926 = ORIENTED_EDGE('',*,*,#14925,.T.);
#14927 = ORIENTED_EDGE('',*,*,#14836,.F.);
#14928 = ORIENTED_EDGE('',*,*,#14913,.F.);
#14929 = EDGE_LOOP('',(#14922,#14926,#14927,#14928));
#14930 = FACE_OUTER_BOUND('',#14929,.T.);
#14931 = ADVANCED_FACE('',(#14930),#14921,.T.);
#14932 = AXIS2_PLACEMENT_3D('',#14739,#354,#20);
#14933 = PLANE('',#14932);
#14934 = ORIENTED_EDGE('',*,*,#14787,.T.);
#14935 = ORIENTED_EDGE('',*,*,#14855,.T.);
#14936 = ORIENTED_EDGE('',*,*,#14840,.F.);
#14937 = ORIENTED_EDGE('',*,*,#14925,.F.);
#14938 = EDGE_LOOP('',(#14934,#14935,#14936,#14937));
#14939 = FACE_OUTER_BOUND('',#14938,.T.);
#14940 = ADVANCED_FACE('',(#14939),#14933,.T.);
#14941 = CLOSED_SHELL('',(#14791,#14844,#14859,#14871,#14883,#14895,#14907,#14919,#14931,#14940));
#14942 = MANIFOLD_SOLID_BREP('lead',#14941);
#14943 = CARTESIAN_POINT('',(15.406170094,-30.646170094,0.007));
#14944 = AXIS2_PLACEMENT_3D('',#14943,#20,#21);
#14945 = PLANE('',#14944);
#14946 = VECTOR('',#134,1.);
#14947 = CARTESIAN_POINT('',(15.24,-30.715,0.007));
#14948 = LINE('',#14947,#14946);
#14949 = VERTEX_POINT('',#14947);
#14950 = VERTEX_POINT('',#14943);
#14951 = EDGE_CURVE('',#14949,#14950,#14948,.T.);
#14952 = ORIENTED_EDGE('',*,*,#14951,.F.);
#14953 = VECTOR('',#142,1.);
#14954 = CARTESIAN_POINT('',(15.073829906,-30.646170094,0.007));
#14955 = LINE('',#14954,#14953);
#14956 = VERTEX_POINT('',#14954);
#14957 = EDGE_CURVE('',#14956,#14949,#14955,.T.);
#14958 = ORIENTED_EDGE('',*,*,#14957,.F.);
#14959 = VECTOR('',#149,1.);
#14960 = CARTESIAN_POINT('',(15.005,-30.48,0.007));
#14961 = LINE('',#14960,#14959);
#14962 = VERTEX_POINT('',#14960);
#14963 = EDGE_CURVE('',#14962,#14956,#14961,.T.);
#14964 = ORIENTED_EDGE('',*,*,#14963,.F.);
#14965 = VECTOR('',#156,1.);
#14966 = LINE('',#14960,#14965);
#14967 = CARTESIAN_POINT('',(15.073829906,-30.313829906,0.007));
#14968 = VERTEX_POINT('',#14967);
#14969 = EDGE_CURVE('',#14962,#14968,#14966,.T.);
#14970 = ORIENTED_EDGE('',*,*,#14969,.T.);
#14971 = VECTOR('',#134,1.);
#14972 = LINE('',#14967,#14971);
#14973 = CARTESIAN_POINT('',(15.24,-30.245,0.007));
#14974 = VERTEX_POINT('',#14973);
#14975 = EDGE_CURVE('',#14968,#14974,#14972,.T.);
#14976 = ORIENTED_EDGE('',*,*,#14975,.T.);
#14977 = VECTOR('',#142,1.);
#14978 = LINE('',#14973,#14977);
#14979 = CARTESIAN_POINT('',(15.406170094,-30.313829906,0.007));
#14980 = VERTEX_POINT('',#14979);
#14981 = EDGE_CURVE('',#14974,#14980,#14978,.T.);
#14982 = ORIENTED_EDGE('',*,*,#14981,.T.);
#14983 = VECTOR('',#149,1.);
#14984 = LINE('',#14979,#14983);
#14985 = CARTESIAN_POINT('',(15.475,-30.48,0.007));
#14986 = VERTEX_POINT('',#14985);
#14987 = EDGE_CURVE('',#14980,#14986,#14984,.T.);
#14988 = ORIENTED_EDGE('',*,*,#14987,.T.);
#14989 = VECTOR('',#156,1.);
#14990 = LINE('',#14943,#14989);
#14991 = EDGE_CURVE('',#14950,#14986,#14990,.T.);
#14992 = ORIENTED_EDGE('',*,*,#14991,.F.);
#14993 = EDGE_LOOP('',(#14952,#14958,#14964,#14970,#14976,#14982,#14988,#14992));
#14994 = FACE_OUTER_BOUND('',#14993,.T.);
#14995 = ADVANCED_FACE('',(#14994),#14945,.T.);
#14996 = CARTESIAN_POINT('',(15.475,-30.48,4.007));
#14997 = AXIS2_PLACEMENT_3D('',#14996,#16,#51);
#14998 = PLANE('',#14997);
#14999 = VECTOR('',#149,1.);
#15000 = CARTESIAN_POINT('',(15.406170094,-30.313829906,4.007));
#15001 = LINE('',#15000,#14999);
#15002 = VERTEX_POINT('',#15000);
#15003 = VERTEX_POINT('',#14996);
#15004 = EDGE_CURVE('',#15002,#15003,#15001,.T.);
#15005 = ORIENTED_EDGE('',*,*,#15004,.F.);
#15006 = VECTOR('',#142,1.);
#15007 = CARTESIAN_POINT('',(15.24,-30.245,4.007));
#15008 = LINE('',#15007,#15006);
#15009 = VERTEX_POINT('',#15007);
#15010 = EDGE_CURVE('',#15009,#15002,#15008,.T.);
#15011 = ORIENTED_EDGE('',*,*,#15010,.F.);
#15012 = VECTOR('',#134,1.);
#15013 = CARTESIAN_POINT('',(15.073829906,-30.313829906,4.007));
#15014 = LINE('',#15013,#15012);
#15015 = VERTEX_POINT('',#15013);
#15016 = EDGE_CURVE('',#15015,#15009,#15014,.T.);
#15017 = ORIENTED_EDGE('',*,*,#15016,.F.);
#15018 = VECTOR('',#156,1.);
#15019 = CARTESIAN_POINT('',(15.005,-30.48,4.007));
#15020 = LINE('',#15019,#15018);
#15021 = VERTEX_POINT('',#15019);
#15022 = EDGE_CURVE('',#15021,#15015,#15020,.T.);
#15023 = ORIENTED_EDGE('',*,*,#15022,.F.);
#15024 = VECTOR('',#149,1.);
#15025 = LINE('',#15019,#15024);
#15026 = CARTESIAN_POINT('',(15.073829906,-30.646170094,4.007));
#15027 = VERTEX_POINT('',#15026);
#15028 = EDGE_CURVE('',#15021,#15027,#15025,.T.);
#15029 = ORIENTED_EDGE('',*,*,#15028,.T.);
#15030 = VECTOR('',#142,1.);
#15031 = LINE('',#15026,#15030);
#15032 = CARTESIAN_POINT('',(15.24,-30.715,4.007));
#15033 = VERTEX_POINT('',#15032);
#15034 = EDGE_CURVE('',#15027,#15033,#15031,.T.);
#15035 = ORIENTED_EDGE('',*,*,#15034,.T.);
#15036 = VECTOR('',#134,1.);
#15037 = LINE('',#15032,#15036);
#15038 = CARTESIAN_POINT('',(15.406170094,-30.646170094,4.007));
#15039 = VERTEX_POINT('',#15038);
#15040 = EDGE_CURVE('',#15033,#15039,#15037,.T.);
#15041 = ORIENTED_EDGE('',*,*,#15040,.T.);
#15042 = VECTOR('',#156,1.);
#15043 = LINE('',#15038,#15042);
#15044 = EDGE_CURVE('',#15039,#15003,#15043,.T.);
#15045 = ORIENTED_EDGE('',*,*,#15044,.T.);
#15046 = EDGE_LOOP('',(#15005,#15011,#15017,#15023,#15029,#15035,#15041,#15045));
#15047 = FACE_OUTER_BOUND('',#15046,.T.);
#15048 = ADVANCED_FACE('',(#15047),#14998,.T.);
#15049 = AXIS2_PLACEMENT_3D('',#14985,#134,#20);
#15050 = PLANE('',#15049);
#15051 = ORIENTED_EDGE('',*,*,#14987,.F.);
#15052 = VECTOR('',#16,1.);
#15053 = LINE('',#14979,#15052);
#15054 = EDGE_CURVE('',#14980,#15002,#15053,.T.);
#15055 = ORIENTED_EDGE('',*,*,#15054,.T.);
#15056 = ORIENTED_EDGE('',*,*,#15004,.T.);
#15057 = VECTOR('',#16,1.);
#15058 = LINE('',#14985,#15057);
#15059 = EDGE_CURVE('',#14986,#15003,#15058,.T.);
#15060 = ORIENTED_EDGE('',*,*,#15059,.F.);
#15061 = EDGE_LOOP('',(#15051,#15055,#15056,#15060));
#15062 = FACE_OUTER_BOUND('',#15061,.T.);
#15063 = ADVANCED_FACE('',(#15062),#15050,.T.);
#15064 = AXIS2_PLACEMENT_3D('',#14979,#156,#16);
#15065 = PLANE('',#15064);
#15066 = ORIENTED_EDGE('',*,*,#14981,.F.);
#15067 = VECTOR('',#16,1.);
#15068 = LINE('',#14973,#15067);
#15069 = EDGE_CURVE('',#14974,#15009,#15068,.T.);
#15070 = ORIENTED_EDGE('',*,*,#15069,.T.);
#15071 = ORIENTED_EDGE('',*,*,#15010,.T.);
#15072 = ORIENTED_EDGE('',*,*,#15054,.F.);
#15073 = EDGE_LOOP('',(#15066,#15070,#15071,#15072));
#15074 = FACE_OUTER_BOUND('',#15073,.T.);
#15075 = ADVANCED_FACE('',(#15074),#15065,.T.);
#15076 = AXIS2_PLACEMENT_3D('',#14973,#268,#16);
#15077 = PLANE('',#15076);
#15078 = ORIENTED_EDGE('',*,*,#14975,.F.);
#15079 = VECTOR('',#16,1.);
#15080 = LINE('',#14967,#15079);
#15081 = EDGE_CURVE('',#14968,#15015,#15080,.T.);
#15082 = ORIENTED_EDGE('',*,*,#15081,.T.);
#15083 = ORIENTED_EDGE('',*,*,#15016,.T.);
#15084 = ORIENTED_EDGE('',*,*,#15069,.F.);
#15085 = EDGE_LOOP('',(#15078,#15082,#15083,#15084));
#15086 = FACE_OUTER_BOUND('',#15085,.T.);
#15087 = ADVANCED_FACE('',(#15086),#15077,.T.);
#15088 = AXIS2_PLACEMENT_3D('',#14967,#281,#16);
#15089 = PLANE('',#15088);
#15090 = ORIENTED_EDGE('',*,*,#14969,.F.);
#15091 = VECTOR('',#16,1.);
#15092 = LINE('',#14960,#15091);
#15093 = EDGE_CURVE('',#14962,#15021,#15092,.T.);
#15094 = ORIENTED_EDGE('',*,*,#15093,.T.);
#15095 = ORIENTED_EDGE('',*,*,#15022,.T.);
#15096 = ORIENTED_EDGE('',*,*,#15081,.F.);
#15097 = EDGE_LOOP('',(#15090,#15094,#15095,#15096));
#15098 = FACE_OUTER_BOUND('',#15097,.T.);
#15099 = ADVANCED_FACE('',(#15098),#15089,.T.);
#15100 = AXIS2_PLACEMENT_3D('',#14960,#294,#16);
#15101 = PLANE('',#15100);
#15102 = ORIENTED_EDGE('',*,*,#14963,.T.);
#15103 = VECTOR('',#16,1.);
#15104 = LINE('',#14954,#15103);
#15105 = EDGE_CURVE('',#14956,#15027,#15104,.T.);
#15106 = ORIENTED_EDGE('',*,*,#15105,.T.);
#15107 = ORIENTED_EDGE('',*,*,#15028,.F.);
#15108 = ORIENTED_EDGE('',*,*,#15093,.F.);
#15109 = EDGE_LOOP('',(#15102,#15106,#15107,#15108));
#15110 = FACE_OUTER_BOUND('',#15109,.T.);
#15111 = ADVANCED_FACE('',(#15110),#15101,.T.);
#15112 = AXIS2_PLACEMENT_3D('',#14954,#307,#20);
#15113 = PLANE('',#15112);
#15114 = ORIENTED_EDGE('',*,*,#14957,.T.);
#15115 = VECTOR('',#16,1.);
#15116 = LINE('',#14947,#15115);
#15117 = EDGE_CURVE('',#14949,#15033,#15116,.T.);
#15118 = ORIENTED_EDGE('',*,*,#15117,.T.);
#15119 = ORIENTED_EDGE('',*,*,#15034,.F.);
#15120 = ORIENTED_EDGE('',*,*,#15105,.F.);
#15121 = EDGE_LOOP('',(#15114,#15118,#15119,#15120));
#15122 = FACE_OUTER_BOUND('',#15121,.T.);
#15123 = ADVANCED_FACE('',(#15122),#15113,.T.);
#15124 = AXIS2_PLACEMENT_3D('',#14947,#149,#20);
#15125 = PLANE('',#15124);
#15126 = ORIENTED_EDGE('',*,*,#14951,.T.);
#15127 = VECTOR('',#16,1.);
#15128 = LINE('',#14943,#15127);
#15129 = EDGE_CURVE('',#14950,#15039,#15128,.T.);
#15130 = ORIENTED_EDGE('',*,*,#15129,.T.);
#15131 = ORIENTED_EDGE('',*,*,#15040,.F.);
#15132 = ORIENTED_EDGE('',*,*,#15117,.F.);
#15133 = EDGE_LOOP('',(#15126,#15130,#15131,#15132));
#15134 = FACE_OUTER_BOUND('',#15133,.T.);
#15135 = ADVANCED_FACE('',(#15134),#15125,.T.);
#15136 = AXIS2_PLACEMENT_3D('',#14943,#142,#20);
#15137 = PLANE('',#15136);
#15138 = ORIENTED_EDGE('',*,*,#14991,.T.);
#15139 = ORIENTED_EDGE('',*,*,#15059,.T.);
#15140 = ORIENTED_EDGE('',*,*,#15044,.F.);
#15141 = ORIENTED_EDGE('',*,*,#15129,.F.);
#15142 = EDGE_LOOP('',(#15138,#15139,#15140,#15141));
#15143 = FACE_OUTER_BOUND('',#15142,.T.);
#15144 = ADVANCED_FACE('',(#15143),#15137,.T.);
#15145 = CLOSED_SHELL('',(#14995,#15048,#15063,#15075,#15087,#15099,#15111,#15123,#15135,#15144));
#15146 = MANIFOLD_SOLID_BREP('contact',#15145);
#15147 = CARTESIAN_POINT('',(15.469809704,-30.709809704,8.057));
#15148 = AXIS2_PLACEMENT_3D('',#15147,#20,#21);
#15149 = PLANE('',#15148);
#15150 = VECTOR('',#346,1.);
#15151 = CARTESIAN_POINT('',(15.24,-30.805,8.057));
#15152 = LINE('',#15151,#15150);
#15153 = VERTEX_POINT('',#15151);
#15154 = VERTEX_POINT('',#15147);
#15155 = EDGE_CURVE('',#15153,#15154,#15152,.T.);
#15156 = ORIENTED_EDGE('',*,*,#15155,.F.);
#15157 = VECTOR('',#354,1.);
#15158 = CARTESIAN_POINT('',(15.010190296,-30.709809704,8.057));
#15159 = LINE('',#15158,#15157);
#15160 = VERTEX_POINT('',#15158);
#15161 = EDGE_CURVE('',#15160,#15153,#15159,.T.);
#15162 = ORIENTED_EDGE('',*,*,#15161,.F.);
#15163 = VECTOR('',#361,1.);
#15164 = CARTESIAN_POINT('',(14.915,-30.48,8.057));
#15165 = LINE('',#15164,#15163);
#15166 = VERTEX_POINT('',#15164);
#15167 = EDGE_CURVE('',#15166,#15160,#15165,.T.);
#15168 = ORIENTED_EDGE('',*,*,#15167,.F.);
#15169 = VECTOR('',#368,1.);
#15170 = LINE('',#15164,#15169);
#15171 = CARTESIAN_POINT('',(15.010190296,-30.250190296,8.057));
#15172 = VERTEX_POINT('',#15171);
#15173 = EDGE_CURVE('',#15166,#15172,#15170,.T.);
#15174 = ORIENTED_EDGE('',*,*,#15173,.T.);
#15175 = VECTOR('',#346,1.);
#15176 = LINE('',#15171,#15175);
#15177 = CARTESIAN_POINT('',(15.24,-30.155,8.057));
#15178 = VERTEX_POINT('',#15177);
#15179 = EDGE_CURVE('',#15172,#15178,#15176,.T.);
#15180 = ORIENTED_EDGE('',*,*,#15179,.T.);
#15181 = VECTOR('',#354,1.);
#15182 = LINE('',#15177,#15181);
#15183 = CARTESIAN_POINT('',(15.469809704,-30.250190296,8.057));
#15184 = VERTEX_POINT('',#15183);
#15185 = EDGE_CURVE('',#15178,#15184,#15182,.T.);
#15186 = ORIENTED_EDGE('',*,*,#15185,.T.);
#15187 = VECTOR('',#361,1.);
#15188 = LINE('',#15183,#15187);
#15189 = CARTESIAN_POINT('',(15.565,-30.48,8.057));
#15190 = VERTEX_POINT('',#15189);
#15191 = EDGE_CURVE('',#15184,#15190,#15188,.T.);
#15192 = ORIENTED_EDGE('',*,*,#15191,.T.);
#15193 = VECTOR('',#368,1.);
#15194 = LINE('',#15147,#15193);
#15195 = EDGE_CURVE('',#15154,#15190,#15194,.T.);
#15196 = ORIENTED_EDGE('',*,*,#15195,.F.);
#15197 = EDGE_LOOP('',(#15156,#15162,#15168,#15174,#15180,#15186,#15192,#15196));
#15198 = FACE_OUTER_BOUND('',#15197,.T.);
#15199 = ADVANCED_FACE('',(#15198),#15149,.T.);
#15200 = CARTESIAN_POINT('',(15.565,-30.48,10.157));
#15201 = AXIS2_PLACEMENT_3D('',#15200,#16,#51);
#15202 = PLANE('',#15201);
#15203 = VECTOR('',#361,1.);
#15204 = CARTESIAN_POINT('',(15.469809704,-30.250190296,10.157));
#15205 = LINE('',#15204,#15203);
#15206 = VERTEX_POINT('',#15204);
#15207 = VERTEX_POINT('',#15200);
#15208 = EDGE_CURVE('',#15206,#15207,#15205,.T.);
#15209 = ORIENTED_EDGE('',*,*,#15208,.F.);
#15210 = VECTOR('',#354,1.);
#15211 = CARTESIAN_POINT('',(15.24,-30.155,10.157));
#15212 = LINE('',#15211,#15210);
#15213 = VERTEX_POINT('',#15211);
#15214 = EDGE_CURVE('',#15213,#15206,#15212,.T.);
#15215 = ORIENTED_EDGE('',*,*,#15214,.F.);
#15216 = VECTOR('',#346,1.);
#15217 = CARTESIAN_POINT('',(15.010190296,-30.250190296,10.157));
#15218 = LINE('',#15217,#15216);
#15219 = VERTEX_POINT('',#15217);
#15220 = EDGE_CURVE('',#15219,#15213,#15218,.T.);
#15221 = ORIENTED_EDGE('',*,*,#15220,.F.);
#15222 = VECTOR('',#368,1.);
#15223 = CARTESIAN_POINT('',(14.915,-30.48,10.157));
#15224 = LINE('',#15223,#15222);
#15225 = VERTEX_POINT('',#15223);
#15226 = EDGE_CURVE('',#15225,#15219,#15224,.T.);
#15227 = ORIENTED_EDGE('',*,*,#15226,.F.);
#15228 = VECTOR('',#361,1.);
#15229 = LINE('',#15223,#15228);
#15230 = CARTESIAN_POINT('',(15.010190296,-30.709809704,10.157));
#15231 = VERTEX_POINT('',#15230);
#15232 = EDGE_CURVE('',#15225,#15231,#15229,.T.);
#15233 = ORIENTED_EDGE('',*,*,#15232,.T.);
#15234 = VECTOR('',#354,1.);
#15235 = LINE('',#15230,#15234);
#15236 = CARTESIAN_POINT('',(15.24,-30.805,10.157));
#15237 = VERTEX_POINT('',#15236);
#15238 = EDGE_CURVE('',#15231,#15237,#15235,.T.);
#15239 = ORIENTED_EDGE('',*,*,#15238,.T.);
#15240 = VECTOR('',#346,1.);
#15241 = LINE('',#15236,#15240);
#15242 = CARTESIAN_POINT('',(15.469809704,-30.709809704,10.157));
#15243 = VERTEX_POINT('',#15242);
#15244 = EDGE_CURVE('',#15237,#15243,#15241,.T.);
#15245 = ORIENTED_EDGE('',*,*,#15244,.T.);
#15246 = VECTOR('',#368,1.);
#15247 = LINE('',#15242,#15246);
#15248 = EDGE_CURVE('',#15243,#15207,#15247,.T.);
#15249 = ORIENTED_EDGE('',*,*,#15248,.T.);
#15250 = EDGE_LOOP('',(#15209,#15215,#15221,#15227,#15233,#15239,#15245,#15249));
#15251 = FACE_OUTER_BOUND('',#15250,.T.);
#15252 = ADVANCED_FACE('',(#15251),#15202,.T.);
#15253 = AXIS2_PLACEMENT_3D('',#15189,#346,#20);
#15254 = PLANE('',#15253);
#15255 = ORIENTED_EDGE('',*,*,#15191,.F.);
#15256 = VECTOR('',#16,1.);
#15257 = LINE('',#15183,#15256);
#15258 = EDGE_CURVE('',#15184,#15206,#15257,.T.);
#15259 = ORIENTED_EDGE('',*,*,#15258,.T.);
#15260 = ORIENTED_EDGE('',*,*,#15208,.T.);
#15261 = VECTOR('',#16,1.);
#15262 = LINE('',#15189,#15261);
#15263 = EDGE_CURVE('',#15190,#15207,#15262,.T.);
#15264 = ORIENTED_EDGE('',*,*,#15263,.F.);
#15265 = EDGE_LOOP('',(#15255,#15259,#15260,#15264));
#15266 = FACE_OUTER_BOUND('',#15265,.T.);
#15267 = ADVANCED_FACE('',(#15266),#15254,.T.);
#15268 = AXIS2_PLACEMENT_3D('',#15183,#368,#16);
#15269 = PLANE('',#15268);
#15270 = ORIENTED_EDGE('',*,*,#15185,.F.);
#15271 = VECTOR('',#16,1.);
#15272 = LINE('',#15177,#15271);
#15273 = EDGE_CURVE('',#15178,#15213,#15272,.T.);
#15274 = ORIENTED_EDGE('',*,*,#15273,.T.);
#15275 = ORIENTED_EDGE('',*,*,#15214,.T.);
#15276 = ORIENTED_EDGE('',*,*,#15258,.F.);
#15277 = EDGE_LOOP('',(#15270,#15274,#15275,#15276));
#15278 = FACE_OUTER_BOUND('',#15277,.T.);
#15279 = ADVANCED_FACE('',(#15278),#15269,.T.);
#15280 = AXIS2_PLACEMENT_3D('',#15177,#480,#16);
#15281 = PLANE('',#15280);
#15282 = ORIENTED_EDGE('',*,*,#15179,.F.);
#15283 = VECTOR('',#16,1.);
#15284 = LINE('',#15171,#15283);
#15285 = EDGE_CURVE('',#15172,#15219,#15284,.T.);
#15286 = ORIENTED_EDGE('',*,*,#15285,.T.);
#15287 = ORIENTED_EDGE('',*,*,#15220,.T.);
#15288 = ORIENTED_EDGE('',*,*,#15273,.F.);
#15289 = EDGE_LOOP('',(#15282,#15286,#15287,#15288));
#15290 = FACE_OUTER_BOUND('',#15289,.T.);
#15291 = ADVANCED_FACE('',(#15290),#15281,.T.);
#15292 = AXIS2_PLACEMENT_3D('',#15171,#493,#16);
#15293 = PLANE('',#15292);
#15294 = ORIENTED_EDGE('',*,*,#15173,.F.);
#15295 = VECTOR('',#16,1.);
#15296 = LINE('',#15164,#15295);
#15297 = EDGE_CURVE('',#15166,#15225,#15296,.T.);
#15298 = ORIENTED_EDGE('',*,*,#15297,.T.);
#15299 = ORIENTED_EDGE('',*,*,#15226,.T.);
#15300 = ORIENTED_EDGE('',*,*,#15285,.F.);
#15301 = EDGE_LOOP('',(#15294,#15298,#15299,#15300));
#15302 = FACE_OUTER_BOUND('',#15301,.T.);
#15303 = ADVANCED_FACE('',(#15302),#15293,.T.);
#15304 = AXIS2_PLACEMENT_3D('',#15164,#506,#16);
#15305 = PLANE('',#15304);
#15306 = ORIENTED_EDGE('',*,*,#15167,.T.);
#15307 = VECTOR('',#16,1.);
#15308 = LINE('',#15158,#15307);
#15309 = EDGE_CURVE('',#15160,#15231,#15308,.T.);
#15310 = ORIENTED_EDGE('',*,*,#15309,.T.);
#15311 = ORIENTED_EDGE('',*,*,#15232,.F.);
#15312 = ORIENTED_EDGE('',*,*,#15297,.F.);
#15313 = EDGE_LOOP('',(#15306,#15310,#15311,#15312));
#15314 = FACE_OUTER_BOUND('',#15313,.T.);
#15315 = ADVANCED_FACE('',(#15314),#15305,.T.);
#15316 = AXIS2_PLACEMENT_3D('',#15158,#519,#20);
#15317 = PLANE('',#15316);
#15318 = ORIENTED_EDGE('',*,*,#15161,.T.);
#15319 = VECTOR('',#16,1.);
#15320 = LINE('',#15151,#15319);
#15321 = EDGE_CURVE('',#15153,#15237,#15320,.T.);
#15322 = ORIENTED_EDGE('',*,*,#15321,.T.);
#15323 = ORIENTED_EDGE('',*,*,#15238,.F.);
#15324 = ORIENTED_EDGE('',*,*,#15309,.F.);
#15325 = EDGE_LOOP('',(#15318,#15322,#15323,#15324));
#15326 = FACE_OUTER_BOUND('',#15325,.T.);
#15327 = ADVANCED_FACE('',(#15326),#15317,.T.);
#15328 = AXIS2_PLACEMENT_3D('',#15151,#361,#20);
#15329 = PLANE('',#15328);
#15330 = ORIENTED_EDGE('',*,*,#15155,.T.);
#15331 = VECTOR('',#16,1.);
#15332 = LINE('',#15147,#15331);
#15333 = EDGE_CURVE('',#15154,#15243,#15332,.T.);
#15334 = ORIENTED_EDGE('',*,*,#15333,.T.);
#15335 = ORIENTED_EDGE('',*,*,#15244,.F.);
#15336 = ORIENTED_EDGE('',*,*,#15321,.F.);
#15337 = EDGE_LOOP('',(#15330,#15334,#15335,#15336));
#15338 = FACE_OUTER_BOUND('',#15337,.T.);
#15339 = ADVANCED_FACE('',(#15338),#15329,.T.);
#15340 = AXIS2_PLACEMENT_3D('',#15147,#354,#20);
#15341 = PLANE('',#15340);
#15342 = ORIENTED_EDGE('',*,*,#15195,.T.);
#15343 = ORIENTED_EDGE('',*,*,#15263,.T.);
#15344 = ORIENTED_EDGE('',*,*,#15248,.F.);
#15345 = ORIENTED_EDGE('',*,*,#15333,.F.);
#15346 = EDGE_LOOP('',(#15342,#15343,#15344,#15345));
#15347 = FACE_OUTER_BOUND('',#15346,.T.);
#15348 = ADVANCED_FACE('',(#15347),#15341,.T.);
#15349 = CLOSED_SHELL('',(#15199,#15252,#15267,#15279,#15291,#15303,#15315,#15327,#15339,#15348));
#15350 = MANIFOLD_SOLID_BREP('lead',#15349);
#15351 = CARTESIAN_POINT('',(15.406170094,-33.186170094,0.007));
#15352 = AXIS2_PLACEMENT_3D('',#15351,#20,#21);
#15353 = PLANE('',#15352);
#15354 = VECTOR('',#134,1.);
#15355 = CARTESIAN_POINT('',(15.24,-33.255,0.007));
#15356 = LINE('',#15355,#15354);
#15357 = VERTEX_POINT('',#15355);
#15358 = VERTEX_POINT('',#15351);
#15359 = EDGE_CURVE('',#15357,#15358,#15356,.T.);
#15360 = ORIENTED_EDGE('',*,*,#15359,.F.);
#15361 = VECTOR('',#142,1.);
#15362 = CARTESIAN_POINT('',(15.073829906,-33.186170094,0.007));
#15363 = LINE('',#15362,#15361);
#15364 = VERTEX_POINT('',#15362);
#15365 = EDGE_CURVE('',#15364,#15357,#15363,.T.);
#15366 = ORIENTED_EDGE('',*,*,#15365,.F.);
#15367 = VECTOR('',#149,1.);
#15368 = CARTESIAN_POINT('',(15.005,-33.02,0.007));
#15369 = LINE('',#15368,#15367);
#15370 = VERTEX_POINT('',#15368);
#15371 = EDGE_CURVE('',#15370,#15364,#15369,.T.);
#15372 = ORIENTED_EDGE('',*,*,#15371,.F.);
#15373 = VECTOR('',#156,1.);
#15374 = LINE('',#15368,#15373);
#15375 = CARTESIAN_POINT('',(15.073829906,-32.853829906,0.007));
#15376 = VERTEX_POINT('',#15375);
#15377 = EDGE_CURVE('',#15370,#15376,#15374,.T.);
#15378 = ORIENTED_EDGE('',*,*,#15377,.T.);
#15379 = VECTOR('',#134,1.);
#15380 = LINE('',#15375,#15379);
#15381 = CARTESIAN_POINT('',(15.24,-32.785,0.007));
#15382 = VERTEX_POINT('',#15381);
#15383 = EDGE_CURVE('',#15376,#15382,#15380,.T.);
#15384 = ORIENTED_EDGE('',*,*,#15383,.T.);
#15385 = VECTOR('',#142,1.);
#15386 = LINE('',#15381,#15385);
#15387 = CARTESIAN_POINT('',(15.406170094,-32.853829906,0.007));
#15388 = VERTEX_POINT('',#15387);
#15389 = EDGE_CURVE('',#15382,#15388,#15386,.T.);
#15390 = ORIENTED_EDGE('',*,*,#15389,.T.);
#15391 = VECTOR('',#149,1.);
#15392 = LINE('',#15387,#15391);
#15393 = CARTESIAN_POINT('',(15.475,-33.02,0.007));
#15394 = VERTEX_POINT('',#15393);
#15395 = EDGE_CURVE('',#15388,#15394,#15392,.T.);
#15396 = ORIENTED_EDGE('',*,*,#15395,.T.);
#15397 = VECTOR('',#156,1.);
#15398 = LINE('',#15351,#15397);
#15399 = EDGE_CURVE('',#15358,#15394,#15398,.T.);
#15400 = ORIENTED_EDGE('',*,*,#15399,.F.);
#15401 = EDGE_LOOP('',(#15360,#15366,#15372,#15378,#15384,#15390,#15396,#15400));
#15402 = FACE_OUTER_BOUND('',#15401,.T.);
#15403 = ADVANCED_FACE('',(#15402),#15353,.T.);
#15404 = CARTESIAN_POINT('',(15.475,-33.02,4.007));
#15405 = AXIS2_PLACEMENT_3D('',#15404,#16,#51);
#15406 = PLANE('',#15405);
#15407 = VECTOR('',#149,1.);
#15408 = CARTESIAN_POINT('',(15.406170094,-32.853829906,4.007));
#15409 = LINE('',#15408,#15407);
#15410 = VERTEX_POINT('',#15408);
#15411 = VERTEX_POINT('',#15404);
#15412 = EDGE_CURVE('',#15410,#15411,#15409,.T.);
#15413 = ORIENTED_EDGE('',*,*,#15412,.F.);
#15414 = VECTOR('',#142,1.);
#15415 = CARTESIAN_POINT('',(15.24,-32.785,4.007));
#15416 = LINE('',#15415,#15414);
#15417 = VERTEX_POINT('',#15415);
#15418 = EDGE_CURVE('',#15417,#15410,#15416,.T.);
#15419 = ORIENTED_EDGE('',*,*,#15418,.F.);
#15420 = VECTOR('',#134,1.);
#15421 = CARTESIAN_POINT('',(15.073829906,-32.853829906,4.007));
#15422 = LINE('',#15421,#15420);
#15423 = VERTEX_POINT('',#15421);
#15424 = EDGE_CURVE('',#15423,#15417,#15422,.T.);
#15425 = ORIENTED_EDGE('',*,*,#15424,.F.);
#15426 = VECTOR('',#156,1.);
#15427 = CARTESIAN_POINT('',(15.005,-33.02,4.007));
#15428 = LINE('',#15427,#15426);
#15429 = VERTEX_POINT('',#15427);
#15430 = EDGE_CURVE('',#15429,#15423,#15428,.T.);
#15431 = ORIENTED_EDGE('',*,*,#15430,.F.);
#15432 = VECTOR('',#149,1.);
#15433 = LINE('',#15427,#15432);
#15434 = CARTESIAN_POINT('',(15.073829906,-33.186170094,4.007));
#15435 = VERTEX_POINT('',#15434);
#15436 = EDGE_CURVE('',#15429,#15435,#15433,.T.);
#15437 = ORIENTED_EDGE('',*,*,#15436,.T.);
#15438 = VECTOR('',#142,1.);
#15439 = LINE('',#15434,#15438);
#15440 = CARTESIAN_POINT('',(15.24,-33.255,4.007));
#15441 = VERTEX_POINT('',#15440);
#15442 = EDGE_CURVE('',#15435,#15441,#15439,.T.);
#15443 = ORIENTED_EDGE('',*,*,#15442,.T.);
#15444 = VECTOR('',#134,1.);
#15445 = LINE('',#15440,#15444);
#15446 = CARTESIAN_POINT('',(15.406170094,-33.186170094,4.007));
#15447 = VERTEX_POINT('',#15446);
#15448 = EDGE_CURVE('',#15441,#15447,#15445,.T.);
#15449 = ORIENTED_EDGE('',*,*,#15448,.T.);
#15450 = VECTOR('',#156,1.);
#15451 = LINE('',#15446,#15450);
#15452 = EDGE_CURVE('',#15447,#15411,#15451,.T.);
#15453 = ORIENTED_EDGE('',*,*,#15452,.T.);
#15454 = EDGE_LOOP('',(#15413,#15419,#15425,#15431,#15437,#15443,#15449,#15453));
#15455 = FACE_OUTER_BOUND('',#15454,.T.);
#15456 = ADVANCED_FACE('',(#15455),#15406,.T.);
#15457 = AXIS2_PLACEMENT_3D('',#15393,#134,#20);
#15458 = PLANE('',#15457);
#15459 = ORIENTED_EDGE('',*,*,#15395,.F.);
#15460 = VECTOR('',#16,1.);
#15461 = LINE('',#15387,#15460);
#15462 = EDGE_CURVE('',#15388,#15410,#15461,.T.);
#15463 = ORIENTED_EDGE('',*,*,#15462,.T.);
#15464 = ORIENTED_EDGE('',*,*,#15412,.T.);
#15465 = VECTOR('',#16,1.);
#15466 = LINE('',#15393,#15465);
#15467 = EDGE_CURVE('',#15394,#15411,#15466,.T.);
#15468 = ORIENTED_EDGE('',*,*,#15467,.F.);
#15469 = EDGE_LOOP('',(#15459,#15463,#15464,#15468));
#15470 = FACE_OUTER_BOUND('',#15469,.T.);
#15471 = ADVANCED_FACE('',(#15470),#15458,.T.);
#15472 = AXIS2_PLACEMENT_3D('',#15387,#156,#16);
#15473 = PLANE('',#15472);
#15474 = ORIENTED_EDGE('',*,*,#15389,.F.);
#15475 = VECTOR('',#16,1.);
#15476 = LINE('',#15381,#15475);
#15477 = EDGE_CURVE('',#15382,#15417,#15476,.T.);
#15478 = ORIENTED_EDGE('',*,*,#15477,.T.);
#15479 = ORIENTED_EDGE('',*,*,#15418,.T.);
#15480 = ORIENTED_EDGE('',*,*,#15462,.F.);
#15481 = EDGE_LOOP('',(#15474,#15478,#15479,#15480));
#15482 = FACE_OUTER_BOUND('',#15481,.T.);
#15483 = ADVANCED_FACE('',(#15482),#15473,.T.);
#15484 = AXIS2_PLACEMENT_3D('',#15381,#268,#16);
#15485 = PLANE('',#15484);
#15486 = ORIENTED_EDGE('',*,*,#15383,.F.);
#15487 = VECTOR('',#16,1.);
#15488 = LINE('',#15375,#15487);
#15489 = EDGE_CURVE('',#15376,#15423,#15488,.T.);
#15490 = ORIENTED_EDGE('',*,*,#15489,.T.);
#15491 = ORIENTED_EDGE('',*,*,#15424,.T.);
#15492 = ORIENTED_EDGE('',*,*,#15477,.F.);
#15493 = EDGE_LOOP('',(#15486,#15490,#15491,#15492));
#15494 = FACE_OUTER_BOUND('',#15493,.T.);
#15495 = ADVANCED_FACE('',(#15494),#15485,.T.);
#15496 = AXIS2_PLACEMENT_3D('',#15375,#281,#16);
#15497 = PLANE('',#15496);
#15498 = ORIENTED_EDGE('',*,*,#15377,.F.);
#15499 = VECTOR('',#16,1.);
#15500 = LINE('',#15368,#15499);
#15501 = EDGE_CURVE('',#15370,#15429,#15500,.T.);
#15502 = ORIENTED_EDGE('',*,*,#15501,.T.);
#15503 = ORIENTED_EDGE('',*,*,#15430,.T.);
#15504 = ORIENTED_EDGE('',*,*,#15489,.F.);
#15505 = EDGE_LOOP('',(#15498,#15502,#15503,#15504));
#15506 = FACE_OUTER_BOUND('',#15505,.T.);
#15507 = ADVANCED_FACE('',(#15506),#15497,.T.);
#15508 = AXIS2_PLACEMENT_3D('',#15368,#294,#16);
#15509 = PLANE('',#15508);
#15510 = ORIENTED_EDGE('',*,*,#15371,.T.);
#15511 = VECTOR('',#16,1.);
#15512 = LINE('',#15362,#15511);
#15513 = EDGE_CURVE('',#15364,#15435,#15512,.T.);
#15514 = ORIENTED_EDGE('',*,*,#15513,.T.);
#15515 = ORIENTED_EDGE('',*,*,#15436,.F.);
#15516 = ORIENTED_EDGE('',*,*,#15501,.F.);
#15517 = EDGE_LOOP('',(#15510,#15514,#15515,#15516));
#15518 = FACE_OUTER_BOUND('',#15517,.T.);
#15519 = ADVANCED_FACE('',(#15518),#15509,.T.);
#15520 = AXIS2_PLACEMENT_3D('',#15362,#307,#20);
#15521 = PLANE('',#15520);
#15522 = ORIENTED_EDGE('',*,*,#15365,.T.);
#15523 = VECTOR('',#16,1.);
#15524 = LINE('',#15355,#15523);
#15525 = EDGE_CURVE('',#15357,#15441,#15524,.T.);
#15526 = ORIENTED_EDGE('',*,*,#15525,.T.);
#15527 = ORIENTED_EDGE('',*,*,#15442,.F.);
#15528 = ORIENTED_EDGE('',*,*,#15513,.F.);
#15529 = EDGE_LOOP('',(#15522,#15526,#15527,#15528));
#15530 = FACE_OUTER_BOUND('',#15529,.T.);
#15531 = ADVANCED_FACE('',(#15530),#15521,.T.);
#15532 = AXIS2_PLACEMENT_3D('',#15355,#149,#20);
#15533 = PLANE('',#15532);
#15534 = ORIENTED_EDGE('',*,*,#15359,.T.);
#15535 = VECTOR('',#16,1.);
#15536 = LINE('',#15351,#15535);
#15537 = EDGE_CURVE('',#15358,#15447,#15536,.T.);
#15538 = ORIENTED_EDGE('',*,*,#15537,.T.);
#15539 = ORIENTED_EDGE('',*,*,#15448,.F.);
#15540 = ORIENTED_EDGE('',*,*,#15525,.F.);
#15541 = EDGE_LOOP('',(#15534,#15538,#15539,#15540));
#15542 = FACE_OUTER_BOUND('',#15541,.T.);
#15543 = ADVANCED_FACE('',(#15542),#15533,.T.);
#15544 = AXIS2_PLACEMENT_3D('',#15351,#142,#20);
#15545 = PLANE('',#15544);
#15546 = ORIENTED_EDGE('',*,*,#15399,.T.);
#15547 = ORIENTED_EDGE('',*,*,#15467,.T.);
#15548 = ORIENTED_EDGE('',*,*,#15452,.F.);
#15549 = ORIENTED_EDGE('',*,*,#15537,.F.);
#15550 = EDGE_LOOP('',(#15546,#15547,#15548,#15549));
#15551 = FACE_OUTER_BOUND('',#15550,.T.);
#15552 = ADVANCED_FACE('',(#15551),#15545,.T.);
#15553 = CLOSED_SHELL('',(#15403,#15456,#15471,#15483,#15495,#15507,#15519,#15531,#15543,#15552));
#15554 = MANIFOLD_SOLID_BREP('contact',#15553);
#15555 = CARTESIAN_POINT('',(15.469809704,-33.249809704,8.057));
#15556 = AXIS2_PLACEMENT_3D('',#15555,#20,#21);
#15557 = PLANE('',#15556);
#15558 = VECTOR('',#346,1.);
#15559 = CARTESIAN_POINT('',(15.24,-33.345,8.057));
#15560 = LINE('',#15559,#15558);
#15561 = VERTEX_POINT('',#15559);
#15562 = VERTEX_POINT('',#15555);
#15563 = EDGE_CURVE('',#15561,#15562,#15560,.T.);
#15564 = ORIENTED_EDGE('',*,*,#15563,.F.);
#15565 = VECTOR('',#354,1.);
#15566 = CARTESIAN_POINT('',(15.010190296,-33.249809704,8.057));
#15567 = LINE('',#15566,#15565);
#15568 = VERTEX_POINT('',#15566);
#15569 = EDGE_CURVE('',#15568,#15561,#15567,.T.);
#15570 = ORIENTED_EDGE('',*,*,#15569,.F.);
#15571 = VECTOR('',#361,1.);
#15572 = CARTESIAN_POINT('',(14.915,-33.02,8.057));
#15573 = LINE('',#15572,#15571);
#15574 = VERTEX_POINT('',#15572);
#15575 = EDGE_CURVE('',#15574,#15568,#15573,.T.);
#15576 = ORIENTED_EDGE('',*,*,#15575,.F.);
#15577 = VECTOR('',#368,1.);
#15578 = LINE('',#15572,#15577);
#15579 = CARTESIAN_POINT('',(15.010190296,-32.790190296,8.057));
#15580 = VERTEX_POINT('',#15579);
#15581 = EDGE_CURVE('',#15574,#15580,#15578,.T.);
#15582 = ORIENTED_EDGE('',*,*,#15581,.T.);
#15583 = VECTOR('',#346,1.);
#15584 = LINE('',#15579,#15583);
#15585 = CARTESIAN_POINT('',(15.24,-32.695,8.057));
#15586 = VERTEX_POINT('',#15585);
#15587 = EDGE_CURVE('',#15580,#15586,#15584,.T.);
#15588 = ORIENTED_EDGE('',*,*,#15587,.T.);
#15589 = VECTOR('',#354,1.);
#15590 = LINE('',#15585,#15589);
#15591 = CARTESIAN_POINT('',(15.469809704,-32.790190296,8.057));
#15592 = VERTEX_POINT('',#15591);
#15593 = EDGE_CURVE('',#15586,#15592,#15590,.T.);
#15594 = ORIENTED_EDGE('',*,*,#15593,.T.);
#15595 = VECTOR('',#361,1.);
#15596 = LINE('',#15591,#15595);
#15597 = CARTESIAN_POINT('',(15.565,-33.02,8.057));
#15598 = VERTEX_POINT('',#15597);
#15599 = EDGE_CURVE('',#15592,#15598,#15596,.T.);
#15600 = ORIENTED_EDGE('',*,*,#15599,.T.);
#15601 = VECTOR('',#368,1.);
#15602 = LINE('',#15555,#15601);
#15603 = EDGE_CURVE('',#15562,#15598,#15602,.T.);
#15604 = ORIENTED_EDGE('',*,*,#15603,.F.);
#15605 = EDGE_LOOP('',(#15564,#15570,#15576,#15582,#15588,#15594,#15600,#15604));
#15606 = FACE_OUTER_BOUND('',#15605,.T.);
#15607 = ADVANCED_FACE('',(#15606),#15557,.T.);
#15608 = CARTESIAN_POINT('',(15.565,-33.02,10.157));
#15609 = AXIS2_PLACEMENT_3D('',#15608,#16,#51);
#15610 = PLANE('',#15609);
#15611 = VECTOR('',#361,1.);
#15612 = CARTESIAN_POINT('',(15.469809704,-32.790190296,10.157));
#15613 = LINE('',#15612,#15611);
#15614 = VERTEX_POINT('',#15612);
#15615 = VERTEX_POINT('',#15608);
#15616 = EDGE_CURVE('',#15614,#15615,#15613,.T.);
#15617 = ORIENTED_EDGE('',*,*,#15616,.F.);
#15618 = VECTOR('',#354,1.);
#15619 = CARTESIAN_POINT('',(15.24,-32.695,10.157));
#15620 = LINE('',#15619,#15618);
#15621 = VERTEX_POINT('',#15619);
#15622 = EDGE_CURVE('',#15621,#15614,#15620,.T.);
#15623 = ORIENTED_EDGE('',*,*,#15622,.F.);
#15624 = VECTOR('',#346,1.);
#15625 = CARTESIAN_POINT('',(15.010190296,-32.790190296,10.157));
#15626 = LINE('',#15625,#15624);
#15627 = VERTEX_POINT('',#15625);
#15628 = EDGE_CURVE('',#15627,#15621,#15626,.T.);
#15629 = ORIENTED_EDGE('',*,*,#15628,.F.);
#15630 = VECTOR('',#368,1.);
#15631 = CARTESIAN_POINT('',(14.915,-33.02,10.157));
#15632 = LINE('',#15631,#15630);
#15633 = VERTEX_POINT('',#15631);
#15634 = EDGE_CURVE('',#15633,#15627,#15632,.T.);
#15635 = ORIENTED_EDGE('',*,*,#15634,.F.);
#15636 = VECTOR('',#361,1.);
#15637 = LINE('',#15631,#15636);
#15638 = CARTESIAN_POINT('',(15.010190296,-33.249809704,10.157));
#15639 = VERTEX_POINT('',#15638);
#15640 = EDGE_CURVE('',#15633,#15639,#15637,.T.);
#15641 = ORIENTED_EDGE('',*,*,#15640,.T.);
#15642 = VECTOR('',#354,1.);
#15643 = LINE('',#15638,#15642);
#15644 = CARTESIAN_POINT('',(15.24,-33.345,10.157));
#15645 = VERTEX_POINT('',#15644);
#15646 = EDGE_CURVE('',#15639,#15645,#15643,.T.);
#15647 = ORIENTED_EDGE('',*,*,#15646,.T.);
#15648 = VECTOR('',#346,1.);
#15649 = LINE('',#15644,#15648);
#15650 = CARTESIAN_POINT('',(15.469809704,-33.249809704,10.157));
#15651 = VERTEX_POINT('',#15650);
#15652 = EDGE_CURVE('',#15645,#15651,#15649,.T.);
#15653 = ORIENTED_EDGE('',*,*,#15652,.T.);
#15654 = VECTOR('',#368,1.);
#15655 = LINE('',#15650,#15654);
#15656 = EDGE_CURVE('',#15651,#15615,#15655,.T.);
#15657 = ORIENTED_EDGE('',*,*,#15656,.T.);
#15658 = EDGE_LOOP('',(#15617,#15623,#15629,#15635,#15641,#15647,#15653,#15657));
#15659 = FACE_OUTER_BOUND('',#15658,.T.);
#15660 = ADVANCED_FACE('',(#15659),#15610,.T.);
#15661 = AXIS2_PLACEMENT_3D('',#15597,#346,#20);
#15662 = PLANE('',#15661);
#15663 = ORIENTED_EDGE('',*,*,#15599,.F.);
#15664 = VECTOR('',#16,1.);
#15665 = LINE('',#15591,#15664);
#15666 = EDGE_CURVE('',#15592,#15614,#15665,.T.);
#15667 = ORIENTED_EDGE('',*,*,#15666,.T.);
#15668 = ORIENTED_EDGE('',*,*,#15616,.T.);
#15669 = VECTOR('',#16,1.);
#15670 = LINE('',#15597,#15669);
#15671 = EDGE_CURVE('',#15598,#15615,#15670,.T.);
#15672 = ORIENTED_EDGE('',*,*,#15671,.F.);
#15673 = EDGE_LOOP('',(#15663,#15667,#15668,#15672));
#15674 = FACE_OUTER_BOUND('',#15673,.T.);
#15675 = ADVANCED_FACE('',(#15674),#15662,.T.);
#15676 = AXIS2_PLACEMENT_3D('',#15591,#368,#16);
#15677 = PLANE('',#15676);
#15678 = ORIENTED_EDGE('',*,*,#15593,.F.);
#15679 = VECTOR('',#16,1.);
#15680 = LINE('',#15585,#15679);
#15681 = EDGE_CURVE('',#15586,#15621,#15680,.T.);
#15682 = ORIENTED_EDGE('',*,*,#15681,.T.);
#15683 = ORIENTED_EDGE('',*,*,#15622,.T.);
#15684 = ORIENTED_EDGE('',*,*,#15666,.F.);
#15685 = EDGE_LOOP('',(#15678,#15682,#15683,#15684));
#15686 = FACE_OUTER_BOUND('',#15685,.T.);
#15687 = ADVANCED_FACE('',(#15686),#15677,.T.);
#15688 = AXIS2_PLACEMENT_3D('',#15585,#480,#16);
#15689 = PLANE('',#15688);
#15690 = ORIENTED_EDGE('',*,*,#15587,.F.);
#15691 = VECTOR('',#16,1.);
#15692 = LINE('',#15579,#15691);
#15693 = EDGE_CURVE('',#15580,#15627,#15692,.T.);
#15694 = ORIENTED_EDGE('',*,*,#15693,.T.);
#15695 = ORIENTED_EDGE('',*,*,#15628,.T.);
#15696 = ORIENTED_EDGE('',*,*,#15681,.F.);
#15697 = EDGE_LOOP('',(#15690,#15694,#15695,#15696));
#15698 = FACE_OUTER_BOUND('',#15697,.T.);
#15699 = ADVANCED_FACE('',(#15698),#15689,.T.);
#15700 = AXIS2_PLACEMENT_3D('',#15579,#493,#16);
#15701 = PLANE('',#15700);
#15702 = ORIENTED_EDGE('',*,*,#15581,.F.);
#15703 = VECTOR('',#16,1.);
#15704 = LINE('',#15572,#15703);
#15705 = EDGE_CURVE('',#15574,#15633,#15704,.T.);
#15706 = ORIENTED_EDGE('',*,*,#15705,.T.);
#15707 = ORIENTED_EDGE('',*,*,#15634,.T.);
#15708 = ORIENTED_EDGE('',*,*,#15693,.F.);
#15709 = EDGE_LOOP('',(#15702,#15706,#15707,#15708));
#15710 = FACE_OUTER_BOUND('',#15709,.T.);
#15711 = ADVANCED_FACE('',(#15710),#15701,.T.);
#15712 = AXIS2_PLACEMENT_3D('',#15572,#506,#16);
#15713 = PLANE('',#15712);
#15714 = ORIENTED_EDGE('',*,*,#15575,.T.);
#15715 = VECTOR('',#16,1.);
#15716 = LINE('',#15566,#15715);
#15717 = EDGE_CURVE('',#15568,#15639,#15716,.T.);
#15718 = ORIENTED_EDGE('',*,*,#15717,.T.);
#15719 = ORIENTED_EDGE('',*,*,#15640,.F.);
#15720 = ORIENTED_EDGE('',*,*,#15705,.F.);
#15721 = EDGE_LOOP('',(#15714,#15718,#15719,#15720));
#15722 = FACE_OUTER_BOUND('',#15721,.T.);
#15723 = ADVANCED_FACE('',(#15722),#15713,.T.);
#15724 = AXIS2_PLACEMENT_3D('',#15566,#519,#20);
#15725 = PLANE('',#15724);
#15726 = ORIENTED_EDGE('',*,*,#15569,.T.);
#15727 = VECTOR('',#16,1.);
#15728 = LINE('',#15559,#15727);
#15729 = EDGE_CURVE('',#15561,#15645,#15728,.T.);
#15730 = ORIENTED_EDGE('',*,*,#15729,.T.);
#15731 = ORIENTED_EDGE('',*,*,#15646,.F.);
#15732 = ORIENTED_EDGE('',*,*,#15717,.F.);
#15733 = EDGE_LOOP('',(#15726,#15730,#15731,#15732));
#15734 = FACE_OUTER_BOUND('',#15733,.T.);
#15735 = ADVANCED_FACE('',(#15734),#15725,.T.);
#15736 = AXIS2_PLACEMENT_3D('',#15559,#361,#20);
#15737 = PLANE('',#15736);
#15738 = ORIENTED_EDGE('',*,*,#15563,.T.);
#15739 = VECTOR('',#16,1.);
#15740 = LINE('',#15555,#15739);
#15741 = EDGE_CURVE('',#15562,#15651,#15740,.T.);
#15742 = ORIENTED_EDGE('',*,*,#15741,.T.);
#15743 = ORIENTED_EDGE('',*,*,#15652,.F.);
#15744 = ORIENTED_EDGE('',*,*,#15729,.F.);
#15745 = EDGE_LOOP('',(#15738,#15742,#15743,#15744));
#15746 = FACE_OUTER_BOUND('',#15745,.T.);
#15747 = ADVANCED_FACE('',(#15746),#15737,.T.);
#15748 = AXIS2_PLACEMENT_3D('',#15555,#354,#20);
#15749 = PLANE('',#15748);
#15750 = ORIENTED_EDGE('',*,*,#15603,.T.);
#15751 = ORIENTED_EDGE('',*,*,#15671,.T.);
#15752 = ORIENTED_EDGE('',*,*,#15656,.F.);
#15753 = ORIENTED_EDGE('',*,*,#15741,.F.);
#15754 = EDGE_LOOP('',(#15750,#15751,#15752,#15753));
#15755 = FACE_OUTER_BOUND('',#15754,.T.);
#15756 = ADVANCED_FACE('',(#15755),#15749,.T.);
#15757 = CLOSED_SHELL('',(#15607,#15660,#15675,#15687,#15699,#15711,#15723,#15735,#15747,#15756));
#15758 = MANIFOLD_SOLID_BREP('lead',#15757);
#15759 = CARTESIAN_POINT('',(15.406170094,-35.726170094,0.007));
#15760 = AXIS2_PLACEMENT_3D('',#15759,#20,#21);
#15761 = PLANE('',#15760);
#15762 = VECTOR('',#134,1.);
#15763 = CARTESIAN_POINT('',(15.24,-35.795,0.007));
#15764 = LINE('',#15763,#15762);
#15765 = VERTEX_POINT('',#15763);
#15766 = VERTEX_POINT('',#15759);
#15767 = EDGE_CURVE('',#15765,#15766,#15764,.T.);
#15768 = ORIENTED_EDGE('',*,*,#15767,.F.);
#15769 = VECTOR('',#142,1.);
#15770 = CARTESIAN_POINT('',(15.073829906,-35.726170094,0.007));
#15771 = LINE('',#15770,#15769);
#15772 = VERTEX_POINT('',#15770);
#15773 = EDGE_CURVE('',#15772,#15765,#15771,.T.);
#15774 = ORIENTED_EDGE('',*,*,#15773,.F.);
#15775 = VECTOR('',#149,1.);
#15776 = CARTESIAN_POINT('',(15.005,-35.56,0.007));
#15777 = LINE('',#15776,#15775);
#15778 = VERTEX_POINT('',#15776);
#15779 = EDGE_CURVE('',#15778,#15772,#15777,.T.);
#15780 = ORIENTED_EDGE('',*,*,#15779,.F.);
#15781 = VECTOR('',#156,1.);
#15782 = LINE('',#15776,#15781);
#15783 = CARTESIAN_POINT('',(15.073829906,-35.393829906,0.007));
#15784 = VERTEX_POINT('',#15783);
#15785 = EDGE_CURVE('',#15778,#15784,#15782,.T.);
#15786 = ORIENTED_EDGE('',*,*,#15785,.T.);
#15787 = VECTOR('',#134,1.);
#15788 = LINE('',#15783,#15787);
#15789 = CARTESIAN_POINT('',(15.24,-35.325,0.007));
#15790 = VERTEX_POINT('',#15789);
#15791 = EDGE_CURVE('',#15784,#15790,#15788,.T.);
#15792 = ORIENTED_EDGE('',*,*,#15791,.T.);
#15793 = VECTOR('',#142,1.);
#15794 = LINE('',#15789,#15793);
#15795 = CARTESIAN_POINT('',(15.406170094,-35.393829906,0.007));
#15796 = VERTEX_POINT('',#15795);
#15797 = EDGE_CURVE('',#15790,#15796,#15794,.T.);
#15798 = ORIENTED_EDGE('',*,*,#15797,.T.);
#15799 = VECTOR('',#149,1.);
#15800 = LINE('',#15795,#15799);
#15801 = CARTESIAN_POINT('',(15.475,-35.56,0.007));
#15802 = VERTEX_POINT('',#15801);
#15803 = EDGE_CURVE('',#15796,#15802,#15800,.T.);
#15804 = ORIENTED_EDGE('',*,*,#15803,.T.);
#15805 = VECTOR('',#156,1.);
#15806 = LINE('',#15759,#15805);
#15807 = EDGE_CURVE('',#15766,#15802,#15806,.T.);
#15808 = ORIENTED_EDGE('',*,*,#15807,.F.);
#15809 = EDGE_LOOP('',(#15768,#15774,#15780,#15786,#15792,#15798,#15804,#15808));
#15810 = FACE_OUTER_BOUND('',#15809,.T.);
#15811 = ADVANCED_FACE('',(#15810),#15761,.T.);
#15812 = CARTESIAN_POINT('',(15.475,-35.56,4.007));
#15813 = AXIS2_PLACEMENT_3D('',#15812,#16,#51);
#15814 = PLANE('',#15813);
#15815 = VECTOR('',#149,1.);
#15816 = CARTESIAN_POINT('',(15.406170094,-35.393829906,4.007));
#15817 = LINE('',#15816,#15815);
#15818 = VERTEX_POINT('',#15816);
#15819 = VERTEX_POINT('',#15812);
#15820 = EDGE_CURVE('',#15818,#15819,#15817,.T.);
#15821 = ORIENTED_EDGE('',*,*,#15820,.F.);
#15822 = VECTOR('',#142,1.);
#15823 = CARTESIAN_POINT('',(15.24,-35.325,4.007));
#15824 = LINE('',#15823,#15822);
#15825 = VERTEX_POINT('',#15823);
#15826 = EDGE_CURVE('',#15825,#15818,#15824,.T.);
#15827 = ORIENTED_EDGE('',*,*,#15826,.F.);
#15828 = VECTOR('',#134,1.);
#15829 = CARTESIAN_POINT('',(15.073829906,-35.393829906,4.007));
#15830 = LINE('',#15829,#15828);
#15831 = VERTEX_POINT('',#15829);
#15832 = EDGE_CURVE('',#15831,#15825,#15830,.T.);
#15833 = ORIENTED_EDGE('',*,*,#15832,.F.);
#15834 = VECTOR('',#156,1.);
#15835 = CARTESIAN_POINT('',(15.005,-35.56,4.007));
#15836 = LINE('',#15835,#15834);
#15837 = VERTEX_POINT('',#15835);
#15838 = EDGE_CURVE('',#15837,#15831,#15836,.T.);
#15839 = ORIENTED_EDGE('',*,*,#15838,.F.);
#15840 = VECTOR('',#149,1.);
#15841 = LINE('',#15835,#15840);
#15842 = CARTESIAN_POINT('',(15.073829906,-35.726170094,4.007));
#15843 = VERTEX_POINT('',#15842);
#15844 = EDGE_CURVE('',#15837,#15843,#15841,.T.);
#15845 = ORIENTED_EDGE('',*,*,#15844,.T.);
#15846 = VECTOR('',#142,1.);
#15847 = LINE('',#15842,#15846);
#15848 = CARTESIAN_POINT('',(15.24,-35.795,4.007));
#15849 = VERTEX_POINT('',#15848);
#15850 = EDGE_CURVE('',#15843,#15849,#15847,.T.);
#15851 = ORIENTED_EDGE('',*,*,#15850,.T.);
#15852 = VECTOR('',#134,1.);
#15853 = LINE('',#15848,#15852);
#15854 = CARTESIAN_POINT('',(15.406170094,-35.726170094,4.007));
#15855 = VERTEX_POINT('',#15854);
#15856 = EDGE_CURVE('',#15849,#15855,#15853,.T.);
#15857 = ORIENTED_EDGE('',*,*,#15856,.T.);
#15858 = VECTOR('',#156,1.);
#15859 = LINE('',#15854,#15858);
#15860 = EDGE_CURVE('',#15855,#15819,#15859,.T.);
#15861 = ORIENTED_EDGE('',*,*,#15860,.T.);
#15862 = EDGE_LOOP('',(#15821,#15827,#15833,#15839,#15845,#15851,#15857,#15861));
#15863 = FACE_OUTER_BOUND('',#15862,.T.);
#15864 = ADVANCED_FACE('',(#15863),#15814,.T.);
#15865 = AXIS2_PLACEMENT_3D('',#15801,#134,#20);
#15866 = PLANE('',#15865);
#15867 = ORIENTED_EDGE('',*,*,#15803,.F.);
#15868 = VECTOR('',#16,1.);
#15869 = LINE('',#15795,#15868);
#15870 = EDGE_CURVE('',#15796,#15818,#15869,.T.);
#15871 = ORIENTED_EDGE('',*,*,#15870,.T.);
#15872 = ORIENTED_EDGE('',*,*,#15820,.T.);
#15873 = VECTOR('',#16,1.);
#15874 = LINE('',#15801,#15873);
#15875 = EDGE_CURVE('',#15802,#15819,#15874,.T.);
#15876 = ORIENTED_EDGE('',*,*,#15875,.F.);
#15877 = EDGE_LOOP('',(#15867,#15871,#15872,#15876));
#15878 = FACE_OUTER_BOUND('',#15877,.T.);
#15879 = ADVANCED_FACE('',(#15878),#15866,.T.);
#15880 = AXIS2_PLACEMENT_3D('',#15795,#156,#16);
#15881 = PLANE('',#15880);
#15882 = ORIENTED_EDGE('',*,*,#15797,.F.);
#15883 = VECTOR('',#16,1.);
#15884 = LINE('',#15789,#15883);
#15885 = EDGE_CURVE('',#15790,#15825,#15884,.T.);
#15886 = ORIENTED_EDGE('',*,*,#15885,.T.);
#15887 = ORIENTED_EDGE('',*,*,#15826,.T.);
#15888 = ORIENTED_EDGE('',*,*,#15870,.F.);
#15889 = EDGE_LOOP('',(#15882,#15886,#15887,#15888));
#15890 = FACE_OUTER_BOUND('',#15889,.T.);
#15891 = ADVANCED_FACE('',(#15890),#15881,.T.);
#15892 = AXIS2_PLACEMENT_3D('',#15789,#268,#16);
#15893 = PLANE('',#15892);
#15894 = ORIENTED_EDGE('',*,*,#15791,.F.);
#15895 = VECTOR('',#16,1.);
#15896 = LINE('',#15783,#15895);
#15897 = EDGE_CURVE('',#15784,#15831,#15896,.T.);
#15898 = ORIENTED_EDGE('',*,*,#15897,.T.);
#15899 = ORIENTED_EDGE('',*,*,#15832,.T.);
#15900 = ORIENTED_EDGE('',*,*,#15885,.F.);
#15901 = EDGE_LOOP('',(#15894,#15898,#15899,#15900));
#15902 = FACE_OUTER_BOUND('',#15901,.T.);
#15903 = ADVANCED_FACE('',(#15902),#15893,.T.);
#15904 = AXIS2_PLACEMENT_3D('',#15783,#281,#16);
#15905 = PLANE('',#15904);
#15906 = ORIENTED_EDGE('',*,*,#15785,.F.);
#15907 = VECTOR('',#16,1.);
#15908 = LINE('',#15776,#15907);
#15909 = EDGE_CURVE('',#15778,#15837,#15908,.T.);
#15910 = ORIENTED_EDGE('',*,*,#15909,.T.);
#15911 = ORIENTED_EDGE('',*,*,#15838,.T.);
#15912 = ORIENTED_EDGE('',*,*,#15897,.F.);
#15913 = EDGE_LOOP('',(#15906,#15910,#15911,#15912));
#15914 = FACE_OUTER_BOUND('',#15913,.T.);
#15915 = ADVANCED_FACE('',(#15914),#15905,.T.);
#15916 = AXIS2_PLACEMENT_3D('',#15776,#294,#16);
#15917 = PLANE('',#15916);
#15918 = ORIENTED_EDGE('',*,*,#15779,.T.);
#15919 = VECTOR('',#16,1.);
#15920 = LINE('',#15770,#15919);
#15921 = EDGE_CURVE('',#15772,#15843,#15920,.T.);
#15922 = ORIENTED_EDGE('',*,*,#15921,.T.);
#15923 = ORIENTED_EDGE('',*,*,#15844,.F.);
#15924 = ORIENTED_EDGE('',*,*,#15909,.F.);
#15925 = EDGE_LOOP('',(#15918,#15922,#15923,#15924));
#15926 = FACE_OUTER_BOUND('',#15925,.T.);
#15927 = ADVANCED_FACE('',(#15926),#15917,.T.);
#15928 = AXIS2_PLACEMENT_3D('',#15770,#307,#20);
#15929 = PLANE('',#15928);
#15930 = ORIENTED_EDGE('',*,*,#15773,.T.);
#15931 = VECTOR('',#16,1.);
#15932 = LINE('',#15763,#15931);
#15933 = EDGE_CURVE('',#15765,#15849,#15932,.T.);
#15934 = ORIENTED_EDGE('',*,*,#15933,.T.);
#15935 = ORIENTED_EDGE('',*,*,#15850,.F.);
#15936 = ORIENTED_EDGE('',*,*,#15921,.F.);
#15937 = EDGE_LOOP('',(#15930,#15934,#15935,#15936));
#15938 = FACE_OUTER_BOUND('',#15937,.T.);
#15939 = ADVANCED_FACE('',(#15938),#15929,.T.);
#15940 = AXIS2_PLACEMENT_3D('',#15763,#149,#20);
#15941 = PLANE('',#15940);
#15942 = ORIENTED_EDGE('',*,*,#15767,.T.);
#15943 = VECTOR('',#16,1.);
#15944 = LINE('',#15759,#15943);
#15945 = EDGE_CURVE('',#15766,#15855,#15944,.T.);
#15946 = ORIENTED_EDGE('',*,*,#15945,.T.);
#15947 = ORIENTED_EDGE('',*,*,#15856,.F.);
#15948 = ORIENTED_EDGE('',*,*,#15933,.F.);
#15949 = EDGE_LOOP('',(#15942,#15946,#15947,#15948));
#15950 = FACE_OUTER_BOUND('',#15949,.T.);
#15951 = ADVANCED_FACE('',(#15950),#15941,.T.);
#15952 = AXIS2_PLACEMENT_3D('',#15759,#142,#20);
#15953 = PLANE('',#15952);
#15954 = ORIENTED_EDGE('',*,*,#15807,.T.);
#15955 = ORIENTED_EDGE('',*,*,#15875,.T.);
#15956 = ORIENTED_EDGE('',*,*,#15860,.F.);
#15957 = ORIENTED_EDGE('',*,*,#15945,.F.);
#15958 = EDGE_LOOP('',(#15954,#15955,#15956,#15957));
#15959 = FACE_OUTER_BOUND('',#15958,.T.);
#15960 = ADVANCED_FACE('',(#15959),#15953,.T.);
#15961 = CLOSED_SHELL('',(#15811,#15864,#15879,#15891,#15903,#15915,#15927,#15939,#15951,#15960));
#15962 = MANIFOLD_SOLID_BREP('contact',#15961);
#15963 = CARTESIAN_POINT('',(15.469809704,-35.789809704,8.057));
#15964 = AXIS2_PLACEMENT_3D('',#15963,#20,#21);
#15965 = PLANE('',#15964);
#15966 = VECTOR('',#346,1.);
#15967 = CARTESIAN_POINT('',(15.24,-35.885,8.057));
#15968 = LINE('',#15967,#15966);
#15969 = VERTEX_POINT('',#15967);
#15970 = VERTEX_POINT('',#15963);
#15971 = EDGE_CURVE('',#15969,#15970,#15968,.T.);
#15972 = ORIENTED_EDGE('',*,*,#15971,.F.);
#15973 = VECTOR('',#354,1.);
#15974 = CARTESIAN_POINT('',(15.010190296,-35.789809704,8.057));
#15975 = LINE('',#15974,#15973);
#15976 = VERTEX_POINT('',#15974);
#15977 = EDGE_CURVE('',#15976,#15969,#15975,.T.);
#15978 = ORIENTED_EDGE('',*,*,#15977,.F.);
#15979 = VECTOR('',#361,1.);
#15980 = CARTESIAN_POINT('',(14.915,-35.56,8.057));
#15981 = LINE('',#15980,#15979);
#15982 = VERTEX_POINT('',#15980);
#15983 = EDGE_CURVE('',#15982,#15976,#15981,.T.);
#15984 = ORIENTED_EDGE('',*,*,#15983,.F.);
#15985 = VECTOR('',#368,1.);
#15986 = LINE('',#15980,#15985);
#15987 = CARTESIAN_POINT('',(15.010190296,-35.330190296,8.057));
#15988 = VERTEX_POINT('',#15987);
#15989 = EDGE_CURVE('',#15982,#15988,#15986,.T.);
#15990 = ORIENTED_EDGE('',*,*,#15989,.T.);
#15991 = VECTOR('',#346,1.);
#15992 = LINE('',#15987,#15991);
#15993 = CARTESIAN_POINT('',(15.24,-35.235,8.057));
#15994 = VERTEX_POINT('',#15993);
#15995 = EDGE_CURVE('',#15988,#15994,#15992,.T.);
#15996 = ORIENTED_EDGE('',*,*,#15995,.T.);
#15997 = VECTOR('',#354,1.);
#15998 = LINE('',#15993,#15997);
#15999 = CARTESIAN_POINT('',(15.469809704,-35.330190296,8.057));
#16000 = VERTEX_POINT('',#15999);
#16001 = EDGE_CURVE('',#15994,#16000,#15998,.T.);
#16002 = ORIENTED_EDGE('',*,*,#16001,.T.);
#16003 = VECTOR('',#361,1.);
#16004 = LINE('',#15999,#16003);
#16005 = CARTESIAN_POINT('',(15.565,-35.56,8.057));
#16006 = VERTEX_POINT('',#16005);
#16007 = EDGE_CURVE('',#16000,#16006,#16004,.T.);
#16008 = ORIENTED_EDGE('',*,*,#16007,.T.);
#16009 = VECTOR('',#368,1.);
#16010 = LINE('',#15963,#16009);
#16011 = EDGE_CURVE('',#15970,#16006,#16010,.T.);
#16012 = ORIENTED_EDGE('',*,*,#16011,.F.);
#16013 = EDGE_LOOP('',(#15972,#15978,#15984,#15990,#15996,#16002,#16008,#16012));
#16014 = FACE_OUTER_BOUND('',#16013,.T.);
#16015 = ADVANCED_FACE('',(#16014),#15965,.T.);
#16016 = CARTESIAN_POINT('',(15.565,-35.56,10.157));
#16017 = AXIS2_PLACEMENT_3D('',#16016,#16,#51);
#16018 = PLANE('',#16017);
#16019 = VECTOR('',#361,1.);
#16020 = CARTESIAN_POINT('',(15.469809704,-35.330190296,10.157));
#16021 = LINE('',#16020,#16019);
#16022 = VERTEX_POINT('',#16020);
#16023 = VERTEX_POINT('',#16016);
#16024 = EDGE_CURVE('',#16022,#16023,#16021,.T.);
#16025 = ORIENTED_EDGE('',*,*,#16024,.F.);
#16026 = VECTOR('',#354,1.);
#16027 = CARTESIAN_POINT('',(15.24,-35.235,10.157));
#16028 = LINE('',#16027,#16026);
#16029 = VERTEX_POINT('',#16027);
#16030 = EDGE_CURVE('',#16029,#16022,#16028,.T.);
#16031 = ORIENTED_EDGE('',*,*,#16030,.F.);
#16032 = VECTOR('',#346,1.);
#16033 = CARTESIAN_POINT('',(15.010190296,-35.330190296,10.157));
#16034 = LINE('',#16033,#16032);
#16035 = VERTEX_POINT('',#16033);
#16036 = EDGE_CURVE('',#16035,#16029,#16034,.T.);
#16037 = ORIENTED_EDGE('',*,*,#16036,.F.);
#16038 = VECTOR('',#368,1.);
#16039 = CARTESIAN_POINT('',(14.915,-35.56,10.157));
#16040 = LINE('',#16039,#16038);
#16041 = VERTEX_POINT('',#16039);
#16042 = EDGE_CURVE('',#16041,#16035,#16040,.T.);
#16043 = ORIENTED_EDGE('',*,*,#16042,.F.);
#16044 = VECTOR('',#361,1.);
#16045 = LINE('',#16039,#16044);
#16046 = CARTESIAN_POINT('',(15.010190296,-35.789809704,10.157));
#16047 = VERTEX_POINT('',#16046);
#16048 = EDGE_CURVE('',#16041,#16047,#16045,.T.);
#16049 = ORIENTED_EDGE('',*,*,#16048,.T.);
#16050 = VECTOR('',#354,1.);
#16051 = LINE('',#16046,#16050);
#16052 = CARTESIAN_POINT('',(15.24,-35.885,10.157));
#16053 = VERTEX_POINT('',#16052);
#16054 = EDGE_CURVE('',#16047,#16053,#16051,.T.);
#16055 = ORIENTED_EDGE('',*,*,#16054,.T.);
#16056 = VECTOR('',#346,1.);
#16057 = LINE('',#16052,#16056);
#16058 = CARTESIAN_POINT('',(15.469809704,-35.789809704,10.157));
#16059 = VERTEX_POINT('',#16058);
#16060 = EDGE_CURVE('',#16053,#16059,#16057,.T.);
#16061 = ORIENTED_EDGE('',*,*,#16060,.T.);
#16062 = VECTOR('',#368,1.);
#16063 = LINE('',#16058,#16062);
#16064 = EDGE_CURVE('',#16059,#16023,#16063,.T.);
#16065 = ORIENTED_EDGE('',*,*,#16064,.T.);
#16066 = EDGE_LOOP('',(#16025,#16031,#16037,#16043,#16049,#16055,#16061,#16065));
#16067 = FACE_OUTER_BOUND('',#16066,.T.);
#16068 = ADVANCED_FACE('',(#16067),#16018,.T.);
#16069 = AXIS2_PLACEMENT_3D('',#16005,#346,#20);
#16070 = PLANE('',#16069);
#16071 = ORIENTED_EDGE('',*,*,#16007,.F.);
#16072 = VECTOR('',#16,1.);
#16073 = LINE('',#15999,#16072);
#16074 = EDGE_CURVE('',#16000,#16022,#16073,.T.);
#16075 = ORIENTED_EDGE('',*,*,#16074,.T.);
#16076 = ORIENTED_EDGE('',*,*,#16024,.T.);
#16077 = VECTOR('',#16,1.);
#16078 = LINE('',#16005,#16077);
#16079 = EDGE_CURVE('',#16006,#16023,#16078,.T.);
#16080 = ORIENTED_EDGE('',*,*,#16079,.F.);
#16081 = EDGE_LOOP('',(#16071,#16075,#16076,#16080));
#16082 = FACE_OUTER_BOUND('',#16081,.T.);
#16083 = ADVANCED_FACE('',(#16082),#16070,.T.);
#16084 = AXIS2_PLACEMENT_3D('',#15999,#368,#16);
#16085 = PLANE('',#16084);
#16086 = ORIENTED_EDGE('',*,*,#16001,.F.);
#16087 = VECTOR('',#16,1.);
#16088 = LINE('',#15993,#16087);
#16089 = EDGE_CURVE('',#15994,#16029,#16088,.T.);
#16090 = ORIENTED_EDGE('',*,*,#16089,.T.);
#16091 = ORIENTED_EDGE('',*,*,#16030,.T.);
#16092 = ORIENTED_EDGE('',*,*,#16074,.F.);
#16093 = EDGE_LOOP('',(#16086,#16090,#16091,#16092));
#16094 = FACE_OUTER_BOUND('',#16093,.T.);
#16095 = ADVANCED_FACE('',(#16094),#16085,.T.);
#16096 = AXIS2_PLACEMENT_3D('',#15993,#480,#16);
#16097 = PLANE('',#16096);
#16098 = ORIENTED_EDGE('',*,*,#15995,.F.);
#16099 = VECTOR('',#16,1.);
#16100 = LINE('',#15987,#16099);
#16101 = EDGE_CURVE('',#15988,#16035,#16100,.T.);
#16102 = ORIENTED_EDGE('',*,*,#16101,.T.);
#16103 = ORIENTED_EDGE('',*,*,#16036,.T.);
#16104 = ORIENTED_EDGE('',*,*,#16089,.F.);
#16105 = EDGE_LOOP('',(#16098,#16102,#16103,#16104));
#16106 = FACE_OUTER_BOUND('',#16105,.T.);
#16107 = ADVANCED_FACE('',(#16106),#16097,.T.);
#16108 = AXIS2_PLACEMENT_3D('',#15987,#493,#16);
#16109 = PLANE('',#16108);
#16110 = ORIENTED_EDGE('',*,*,#15989,.F.);
#16111 = VECTOR('',#16,1.);
#16112 = LINE('',#15980,#16111);
#16113 = EDGE_CURVE('',#15982,#16041,#16112,.T.);
#16114 = ORIENTED_EDGE('',*,*,#16113,.T.);
#16115 = ORIENTED_EDGE('',*,*,#16042,.T.);
#16116 = ORIENTED_EDGE('',*,*,#16101,.F.);
#16117 = EDGE_LOOP('',(#16110,#16114,#16115,#16116));
#16118 = FACE_OUTER_BOUND('',#16117,.T.);
#16119 = ADVANCED_FACE('',(#16118),#16109,.T.);
#16120 = AXIS2_PLACEMENT_3D('',#15980,#506,#16);
#16121 = PLANE('',#16120);
#16122 = ORIENTED_EDGE('',*,*,#15983,.T.);
#16123 = VECTOR('',#16,1.);
#16124 = LINE('',#15974,#16123);
#16125 = EDGE_CURVE('',#15976,#16047,#16124,.T.);
#16126 = ORIENTED_EDGE('',*,*,#16125,.T.);
#16127 = ORIENTED_EDGE('',*,*,#16048,.F.);
#16128 = ORIENTED_EDGE('',*,*,#16113,.F.);
#16129 = EDGE_LOOP('',(#16122,#16126,#16127,#16128));
#16130 = FACE_OUTER_BOUND('',#16129,.T.);
#16131 = ADVANCED_FACE('',(#16130),#16121,.T.);
#16132 = AXIS2_PLACEMENT_3D('',#15974,#519,#20);
#16133 = PLANE('',#16132);
#16134 = ORIENTED_EDGE('',*,*,#15977,.T.);
#16135 = VECTOR('',#16,1.);
#16136 = LINE('',#15967,#16135);
#16137 = EDGE_CURVE('',#15969,#16053,#16136,.T.);
#16138 = ORIENTED_EDGE('',*,*,#16137,.T.);
#16139 = ORIENTED_EDGE('',*,*,#16054,.F.);
#16140 = ORIENTED_EDGE('',*,*,#16125,.F.);
#16141 = EDGE_LOOP('',(#16134,#16138,#16139,#16140));
#16142 = FACE_OUTER_BOUND('',#16141,.T.);
#16143 = ADVANCED_FACE('',(#16142),#16133,.T.);
#16144 = AXIS2_PLACEMENT_3D('',#15967,#361,#20);
#16145 = PLANE('',#16144);
#16146 = ORIENTED_EDGE('',*,*,#15971,.T.);
#16147 = VECTOR('',#16,1.);
#16148 = LINE('',#15963,#16147);
#16149 = EDGE_CURVE('',#15970,#16059,#16148,.T.);
#16150 = ORIENTED_EDGE('',*,*,#16149,.T.);
#16151 = ORIENTED_EDGE('',*,*,#16060,.F.);
#16152 = ORIENTED_EDGE('',*,*,#16137,.F.);
#16153 = EDGE_LOOP('',(#16146,#16150,#16151,#16152));
#16154 = FACE_OUTER_BOUND('',#16153,.T.);
#16155 = ADVANCED_FACE('',(#16154),#16145,.T.);
#16156 = AXIS2_PLACEMENT_3D('',#15963,#354,#20);
#16157 = PLANE('',#16156);
#16158 = ORIENTED_EDGE('',*,*,#16011,.T.);
#16159 = ORIENTED_EDGE('',*,*,#16079,.T.);
#16160 = ORIENTED_EDGE('',*,*,#16064,.F.);
#16161 = ORIENTED_EDGE('',*,*,#16149,.F.);
#16162 = EDGE_LOOP('',(#16158,#16159,#16160,#16161));
#16163 = FACE_OUTER_BOUND('',#16162,.T.);
#16164 = ADVANCED_FACE('',(#16163),#16157,.T.);
#16165 = CLOSED_SHELL('',(#16015,#16068,#16083,#16095,#16107,#16119,#16131,#16143,#16155,#16164));
#16166 = MANIFOLD_SOLID_BREP('lead',#16165);
#16167 = CARTESIAN_POINT('',(15.406170094,-38.266170094,0.007));
#16168 = AXIS2_PLACEMENT_3D('',#16167,#20,#21);
#16169 = PLANE('',#16168);
#16170 = VECTOR('',#134,1.);
#16171 = CARTESIAN_POINT('',(15.24,-38.335,0.007));
#16172 = LINE('',#16171,#16170);
#16173 = VERTEX_POINT('',#16171);
#16174 = VERTEX_POINT('',#16167);
#16175 = EDGE_CURVE('',#16173,#16174,#16172,.T.);
#16176 = ORIENTED_EDGE('',*,*,#16175,.F.);
#16177 = VECTOR('',#142,1.);
#16178 = CARTESIAN_POINT('',(15.073829906,-38.266170094,0.007));
#16179 = LINE('',#16178,#16177);
#16180 = VERTEX_POINT('',#16178);
#16181 = EDGE_CURVE('',#16180,#16173,#16179,.T.);
#16182 = ORIENTED_EDGE('',*,*,#16181,.F.);
#16183 = VECTOR('',#149,1.);
#16184 = CARTESIAN_POINT('',(15.005,-38.1,0.007));
#16185 = LINE('',#16184,#16183);
#16186 = VERTEX_POINT('',#16184);
#16187 = EDGE_CURVE('',#16186,#16180,#16185,.T.);
#16188 = ORIENTED_EDGE('',*,*,#16187,.F.);
#16189 = VECTOR('',#156,1.);
#16190 = LINE('',#16184,#16189);
#16191 = CARTESIAN_POINT('',(15.073829906,-37.933829906,0.007));
#16192 = VERTEX_POINT('',#16191);
#16193 = EDGE_CURVE('',#16186,#16192,#16190,.T.);
#16194 = ORIENTED_EDGE('',*,*,#16193,.T.);
#16195 = VECTOR('',#134,1.);
#16196 = LINE('',#16191,#16195);
#16197 = CARTESIAN_POINT('',(15.24,-37.865,0.007));
#16198 = VERTEX_POINT('',#16197);
#16199 = EDGE_CURVE('',#16192,#16198,#16196,.T.);
#16200 = ORIENTED_EDGE('',*,*,#16199,.T.);
#16201 = VECTOR('',#142,1.);
#16202 = LINE('',#16197,#16201);
#16203 = CARTESIAN_POINT('',(15.406170094,-37.933829906,0.007));
#16204 = VERTEX_POINT('',#16203);
#16205 = EDGE_CURVE('',#16198,#16204,#16202,.T.);
#16206 = ORIENTED_EDGE('',*,*,#16205,.T.);
#16207 = VECTOR('',#149,1.);
#16208 = LINE('',#16203,#16207);
#16209 = CARTESIAN_POINT('',(15.475,-38.1,0.007));
#16210 = VERTEX_POINT('',#16209);
#16211 = EDGE_CURVE('',#16204,#16210,#16208,.T.);
#16212 = ORIENTED_EDGE('',*,*,#16211,.T.);
#16213 = VECTOR('',#156,1.);
#16214 = LINE('',#16167,#16213);
#16215 = EDGE_CURVE('',#16174,#16210,#16214,.T.);
#16216 = ORIENTED_EDGE('',*,*,#16215,.F.);
#16217 = EDGE_LOOP('',(#16176,#16182,#16188,#16194,#16200,#16206,#16212,#16216));
#16218 = FACE_OUTER_BOUND('',#16217,.T.);
#16219 = ADVANCED_FACE('',(#16218),#16169,.T.);
#16220 = CARTESIAN_POINT('',(15.475,-38.1,4.007));
#16221 = AXIS2_PLACEMENT_3D('',#16220,#16,#51);
#16222 = PLANE('',#16221);
#16223 = VECTOR('',#149,1.);
#16224 = CARTESIAN_POINT('',(15.406170094,-37.933829906,4.007));
#16225 = LINE('',#16224,#16223);
#16226 = VERTEX_POINT('',#16224);
#16227 = VERTEX_POINT('',#16220);
#16228 = EDGE_CURVE('',#16226,#16227,#16225,.T.);
#16229 = ORIENTED_EDGE('',*,*,#16228,.F.);
#16230 = VECTOR('',#142,1.);
#16231 = CARTESIAN_POINT('',(15.24,-37.865,4.007));
#16232 = LINE('',#16231,#16230);
#16233 = VERTEX_POINT('',#16231);
#16234 = EDGE_CURVE('',#16233,#16226,#16232,.T.);
#16235 = ORIENTED_EDGE('',*,*,#16234,.F.);
#16236 = VECTOR('',#134,1.);
#16237 = CARTESIAN_POINT('',(15.073829906,-37.933829906,4.007));
#16238 = LINE('',#16237,#16236);
#16239 = VERTEX_POINT('',#16237);
#16240 = EDGE_CURVE('',#16239,#16233,#16238,.T.);
#16241 = ORIENTED_EDGE('',*,*,#16240,.F.);
#16242 = VECTOR('',#156,1.);
#16243 = CARTESIAN_POINT('',(15.005,-38.1,4.007));
#16244 = LINE('',#16243,#16242);
#16245 = VERTEX_POINT('',#16243);
#16246 = EDGE_CURVE('',#16245,#16239,#16244,.T.);
#16247 = ORIENTED_EDGE('',*,*,#16246,.F.);
#16248 = VECTOR('',#149,1.);
#16249 = LINE('',#16243,#16248);
#16250 = CARTESIAN_POINT('',(15.073829906,-38.266170094,4.007));
#16251 = VERTEX_POINT('',#16250);
#16252 = EDGE_CURVE('',#16245,#16251,#16249,.T.);
#16253 = ORIENTED_EDGE('',*,*,#16252,.T.);
#16254 = VECTOR('',#142,1.);
#16255 = LINE('',#16250,#16254);
#16256 = CARTESIAN_POINT('',(15.24,-38.335,4.007));
#16257 = VERTEX_POINT('',#16256);
#16258 = EDGE_CURVE('',#16251,#16257,#16255,.T.);
#16259 = ORIENTED_EDGE('',*,*,#16258,.T.);
#16260 = VECTOR('',#134,1.);
#16261 = LINE('',#16256,#16260);
#16262 = CARTESIAN_POINT('',(15.406170094,-38.266170094,4.007));
#16263 = VERTEX_POINT('',#16262);
#16264 = EDGE_CURVE('',#16257,#16263,#16261,.T.);
#16265 = ORIENTED_EDGE('',*,*,#16264,.T.);
#16266 = VECTOR('',#156,1.);
#16267 = LINE('',#16262,#16266);
#16268 = EDGE_CURVE('',#16263,#16227,#16267,.T.);
#16269 = ORIENTED_EDGE('',*,*,#16268,.T.);
#16270 = EDGE_LOOP('',(#16229,#16235,#16241,#16247,#16253,#16259,#16265,#16269));
#16271 = FACE_OUTER_BOUND('',#16270,.T.);
#16272 = ADVANCED_FACE('',(#16271),#16222,.T.);
#16273 = AXIS2_PLACEMENT_3D('',#16209,#134,#20);
#16274 = PLANE('',#16273);
#16275 = ORIENTED_EDGE('',*,*,#16211,.F.);
#16276 = VECTOR('',#16,1.);
#16277 = LINE('',#16203,#16276);
#16278 = EDGE_CURVE('',#16204,#16226,#16277,.T.);
#16279 = ORIENTED_EDGE('',*,*,#16278,.T.);
#16280 = ORIENTED_EDGE('',*,*,#16228,.T.);
#16281 = VECTOR('',#16,1.);
#16282 = LINE('',#16209,#16281);
#16283 = EDGE_CURVE('',#16210,#16227,#16282,.T.);
#16284 = ORIENTED_EDGE('',*,*,#16283,.F.);
#16285 = EDGE_LOOP('',(#16275,#16279,#16280,#16284));
#16286 = FACE_OUTER_BOUND('',#16285,.T.);
#16287 = ADVANCED_FACE('',(#16286),#16274,.T.);
#16288 = AXIS2_PLACEMENT_3D('',#16203,#156,#16);
#16289 = PLANE('',#16288);
#16290 = ORIENTED_EDGE('',*,*,#16205,.F.);
#16291 = VECTOR('',#16,1.);
#16292 = LINE('',#16197,#16291);
#16293 = EDGE_CURVE('',#16198,#16233,#16292,.T.);
#16294 = ORIENTED_EDGE('',*,*,#16293,.T.);
#16295 = ORIENTED_EDGE('',*,*,#16234,.T.);
#16296 = ORIENTED_EDGE('',*,*,#16278,.F.);
#16297 = EDGE_LOOP('',(#16290,#16294,#16295,#16296));
#16298 = FACE_OUTER_BOUND('',#16297,.T.);
#16299 = ADVANCED_FACE('',(#16298),#16289,.T.);
#16300 = AXIS2_PLACEMENT_3D('',#16197,#268,#16);
#16301 = PLANE('',#16300);
#16302 = ORIENTED_EDGE('',*,*,#16199,.F.);
#16303 = VECTOR('',#16,1.);
#16304 = LINE('',#16191,#16303);
#16305 = EDGE_CURVE('',#16192,#16239,#16304,.T.);
#16306 = ORIENTED_EDGE('',*,*,#16305,.T.);
#16307 = ORIENTED_EDGE('',*,*,#16240,.T.);
#16308 = ORIENTED_EDGE('',*,*,#16293,.F.);
#16309 = EDGE_LOOP('',(#16302,#16306,#16307,#16308));
#16310 = FACE_OUTER_BOUND('',#16309,.T.);
#16311 = ADVANCED_FACE('',(#16310),#16301,.T.);
#16312 = AXIS2_PLACEMENT_3D('',#16191,#281,#16);
#16313 = PLANE('',#16312);
#16314 = ORIENTED_EDGE('',*,*,#16193,.F.);
#16315 = VECTOR('',#16,1.);
#16316 = LINE('',#16184,#16315);
#16317 = EDGE_CURVE('',#16186,#16245,#16316,.T.);
#16318 = ORIENTED_EDGE('',*,*,#16317,.T.);
#16319 = ORIENTED_EDGE('',*,*,#16246,.T.);
#16320 = ORIENTED_EDGE('',*,*,#16305,.F.);
#16321 = EDGE_LOOP('',(#16314,#16318,#16319,#16320));
#16322 = FACE_OUTER_BOUND('',#16321,.T.);
#16323 = ADVANCED_FACE('',(#16322),#16313,.T.);
#16324 = AXIS2_PLACEMENT_3D('',#16184,#294,#16);
#16325 = PLANE('',#16324);
#16326 = ORIENTED_EDGE('',*,*,#16187,.T.);
#16327 = VECTOR('',#16,1.);
#16328 = LINE('',#16178,#16327);
#16329 = EDGE_CURVE('',#16180,#16251,#16328,.T.);
#16330 = ORIENTED_EDGE('',*,*,#16329,.T.);
#16331 = ORIENTED_EDGE('',*,*,#16252,.F.);
#16332 = ORIENTED_EDGE('',*,*,#16317,.F.);
#16333 = EDGE_LOOP('',(#16326,#16330,#16331,#16332));
#16334 = FACE_OUTER_BOUND('',#16333,.T.);
#16335 = ADVANCED_FACE('',(#16334),#16325,.T.);
#16336 = AXIS2_PLACEMENT_3D('',#16178,#307,#20);
#16337 = PLANE('',#16336);
#16338 = ORIENTED_EDGE('',*,*,#16181,.T.);
#16339 = VECTOR('',#16,1.);
#16340 = LINE('',#16171,#16339);
#16341 = EDGE_CURVE('',#16173,#16257,#16340,.T.);
#16342 = ORIENTED_EDGE('',*,*,#16341,.T.);
#16343 = ORIENTED_EDGE('',*,*,#16258,.F.);
#16344 = ORIENTED_EDGE('',*,*,#16329,.F.);
#16345 = EDGE_LOOP('',(#16338,#16342,#16343,#16344));
#16346 = FACE_OUTER_BOUND('',#16345,.T.);
#16347 = ADVANCED_FACE('',(#16346),#16337,.T.);
#16348 = AXIS2_PLACEMENT_3D('',#16171,#149,#20);
#16349 = PLANE('',#16348);
#16350 = ORIENTED_EDGE('',*,*,#16175,.T.);
#16351 = VECTOR('',#16,1.);
#16352 = LINE('',#16167,#16351);
#16353 = EDGE_CURVE('',#16174,#16263,#16352,.T.);
#16354 = ORIENTED_EDGE('',*,*,#16353,.T.);
#16355 = ORIENTED_EDGE('',*,*,#16264,.F.);
#16356 = ORIENTED_EDGE('',*,*,#16341,.F.);
#16357 = EDGE_LOOP('',(#16350,#16354,#16355,#16356));
#16358 = FACE_OUTER_BOUND('',#16357,.T.);
#16359 = ADVANCED_FACE('',(#16358),#16349,.T.);
#16360 = AXIS2_PLACEMENT_3D('',#16167,#142,#20);
#16361 = PLANE('',#16360);
#16362 = ORIENTED_EDGE('',*,*,#16215,.T.);
#16363 = ORIENTED_EDGE('',*,*,#16283,.T.);
#16364 = ORIENTED_EDGE('',*,*,#16268,.F.);
#16365 = ORIENTED_EDGE('',*,*,#16353,.F.);
#16366 = EDGE_LOOP('',(#16362,#16363,#16364,#16365));
#16367 = FACE_OUTER_BOUND('',#16366,.T.);
#16368 = ADVANCED_FACE('',(#16367),#16361,.T.);
#16369 = CLOSED_SHELL('',(#16219,#16272,#16287,#16299,#16311,#16323,#16335,#16347,#16359,#16368));
#16370 = MANIFOLD_SOLID_BREP('contact',#16369);
#16371 = CARTESIAN_POINT('',(15.469809704,-38.329809704,8.057));
#16372 = AXIS2_PLACEMENT_3D('',#16371,#20,#21);
#16373 = PLANE('',#16372);
#16374 = VECTOR('',#346,1.);
#16375 = CARTESIAN_POINT('',(15.24,-38.425,8.057));
#16376 = LINE('',#16375,#16374);
#16377 = VERTEX_POINT('',#16375);
#16378 = VERTEX_POINT('',#16371);
#16379 = EDGE_CURVE('',#16377,#16378,#16376,.T.);
#16380 = ORIENTED_EDGE('',*,*,#16379,.F.);
#16381 = VECTOR('',#354,1.);
#16382 = CARTESIAN_POINT('',(15.010190296,-38.329809704,8.057));
#16383 = LINE('',#16382,#16381);
#16384 = VERTEX_POINT('',#16382);
#16385 = EDGE_CURVE('',#16384,#16377,#16383,.T.);
#16386 = ORIENTED_EDGE('',*,*,#16385,.F.);
#16387 = VECTOR('',#361,1.);
#16388 = CARTESIAN_POINT('',(14.915,-38.1,8.057));
#16389 = LINE('',#16388,#16387);
#16390 = VERTEX_POINT('',#16388);
#16391 = EDGE_CURVE('',#16390,#16384,#16389,.T.);
#16392 = ORIENTED_EDGE('',*,*,#16391,.F.);
#16393 = VECTOR('',#368,1.);
#16394 = LINE('',#16388,#16393);
#16395 = CARTESIAN_POINT('',(15.010190296,-37.870190296,8.057));
#16396 = VERTEX_POINT('',#16395);
#16397 = EDGE_CURVE('',#16390,#16396,#16394,.T.);
#16398 = ORIENTED_EDGE('',*,*,#16397,.T.);
#16399 = VECTOR('',#346,1.);
#16400 = LINE('',#16395,#16399);
#16401 = CARTESIAN_POINT('',(15.24,-37.775,8.057));
#16402 = VERTEX_POINT('',#16401);
#16403 = EDGE_CURVE('',#16396,#16402,#16400,.T.);
#16404 = ORIENTED_EDGE('',*,*,#16403,.T.);
#16405 = VECTOR('',#354,1.);
#16406 = LINE('',#16401,#16405);
#16407 = CARTESIAN_POINT('',(15.469809704,-37.870190296,8.057));
#16408 = VERTEX_POINT('',#16407);
#16409 = EDGE_CURVE('',#16402,#16408,#16406,.T.);
#16410 = ORIENTED_EDGE('',*,*,#16409,.T.);
#16411 = VECTOR('',#361,1.);
#16412 = LINE('',#16407,#16411);
#16413 = CARTESIAN_POINT('',(15.565,-38.1,8.057));
#16414 = VERTEX_POINT('',#16413);
#16415 = EDGE_CURVE('',#16408,#16414,#16412,.T.);
#16416 = ORIENTED_EDGE('',*,*,#16415,.T.);
#16417 = VECTOR('',#368,1.);
#16418 = LINE('',#16371,#16417);
#16419 = EDGE_CURVE('',#16378,#16414,#16418,.T.);
#16420 = ORIENTED_EDGE('',*,*,#16419,.F.);
#16421 = EDGE_LOOP('',(#16380,#16386,#16392,#16398,#16404,#16410,#16416,#16420));
#16422 = FACE_OUTER_BOUND('',#16421,.T.);
#16423 = ADVANCED_FACE('',(#16422),#16373,.T.);
#16424 = CARTESIAN_POINT('',(15.565,-38.1,10.157));
#16425 = AXIS2_PLACEMENT_3D('',#16424,#16,#51);
#16426 = PLANE('',#16425);
#16427 = VECTOR('',#361,1.);
#16428 = CARTESIAN_POINT('',(15.469809704,-37.870190296,10.157));
#16429 = LINE('',#16428,#16427);
#16430 = VERTEX_POINT('',#16428);
#16431 = VERTEX_POINT('',#16424);
#16432 = EDGE_CURVE('',#16430,#16431,#16429,.T.);
#16433 = ORIENTED_EDGE('',*,*,#16432,.F.);
#16434 = VECTOR('',#354,1.);
#16435 = CARTESIAN_POINT('',(15.24,-37.775,10.157));
#16436 = LINE('',#16435,#16434);
#16437 = VERTEX_POINT('',#16435);
#16438 = EDGE_CURVE('',#16437,#16430,#16436,.T.);
#16439 = ORIENTED_EDGE('',*,*,#16438,.F.);
#16440 = VECTOR('',#346,1.);
#16441 = CARTESIAN_POINT('',(15.010190296,-37.870190296,10.157));
#16442 = LINE('',#16441,#16440);
#16443 = VERTEX_POINT('',#16441);
#16444 = EDGE_CURVE('',#16443,#16437,#16442,.T.);
#16445 = ORIENTED_EDGE('',*,*,#16444,.F.);
#16446 = VECTOR('',#368,1.);
#16447 = CARTESIAN_POINT('',(14.915,-38.1,10.157));
#16448 = LINE('',#16447,#16446);
#16449 = VERTEX_POINT('',#16447);
#16450 = EDGE_CURVE('',#16449,#16443,#16448,.T.);
#16451 = ORIENTED_EDGE('',*,*,#16450,.F.);
#16452 = VECTOR('',#361,1.);
#16453 = LINE('',#16447,#16452);
#16454 = CARTESIAN_POINT('',(15.010190296,-38.329809704,10.157));
#16455 = VERTEX_POINT('',#16454);
#16456 = EDGE_CURVE('',#16449,#16455,#16453,.T.);
#16457 = ORIENTED_EDGE('',*,*,#16456,.T.);
#16458 = VECTOR('',#354,1.);
#16459 = LINE('',#16454,#16458);
#16460 = CARTESIAN_POINT('',(15.24,-38.425,10.157));
#16461 = VERTEX_POINT('',#16460);
#16462 = EDGE_CURVE('',#16455,#16461,#16459,.T.);
#16463 = ORIENTED_EDGE('',*,*,#16462,.T.);
#16464 = VECTOR('',#346,1.);
#16465 = LINE('',#16460,#16464);
#16466 = CARTESIAN_POINT('',(15.469809704,-38.329809704,10.157));
#16467 = VERTEX_POINT('',#16466);
#16468 = EDGE_CURVE('',#16461,#16467,#16465,.T.);
#16469 = ORIENTED_EDGE('',*,*,#16468,.T.);
#16470 = VECTOR('',#368,1.);
#16471 = LINE('',#16466,#16470);
#16472 = EDGE_CURVE('',#16467,#16431,#16471,.T.);
#16473 = ORIENTED_EDGE('',*,*,#16472,.T.);
#16474 = EDGE_LOOP('',(#16433,#16439,#16445,#16451,#16457,#16463,#16469,#16473));
#16475 = FACE_OUTER_BOUND('',#16474,.T.);
#16476 = ADVANCED_FACE('',(#16475),#16426,.T.);
#16477 = AXIS2_PLACEMENT_3D('',#16413,#346,#20);
#16478 = PLANE('',#16477);
#16479 = ORIENTED_EDGE('',*,*,#16415,.F.);
#16480 = VECTOR('',#16,1.);
#16481 = LINE('',#16407,#16480);
#16482 = EDGE_CURVE('',#16408,#16430,#16481,.T.);
#16483 = ORIENTED_EDGE('',*,*,#16482,.T.);
#16484 = ORIENTED_EDGE('',*,*,#16432,.T.);
#16485 = VECTOR('',#16,1.);
#16486 = LINE('',#16413,#16485);
#16487 = EDGE_CURVE('',#16414,#16431,#16486,.T.);
#16488 = ORIENTED_EDGE('',*,*,#16487,.F.);
#16489 = EDGE_LOOP('',(#16479,#16483,#16484,#16488));
#16490 = FACE_OUTER_BOUND('',#16489,.T.);
#16491 = ADVANCED_FACE('',(#16490),#16478,.T.);
#16492 = AXIS2_PLACEMENT_3D('',#16407,#368,#16);
#16493 = PLANE('',#16492);
#16494 = ORIENTED_EDGE('',*,*,#16409,.F.);
#16495 = VECTOR('',#16,1.);
#16496 = LINE('',#16401,#16495);
#16497 = EDGE_CURVE('',#16402,#16437,#16496,.T.);
#16498 = ORIENTED_EDGE('',*,*,#16497,.T.);
#16499 = ORIENTED_EDGE('',*,*,#16438,.T.);
#16500 = ORIENTED_EDGE('',*,*,#16482,.F.);
#16501 = EDGE_LOOP('',(#16494,#16498,#16499,#16500));
#16502 = FACE_OUTER_BOUND('',#16501,.T.);
#16503 = ADVANCED_FACE('',(#16502),#16493,.T.);
#16504 = AXIS2_PLACEMENT_3D('',#16401,#480,#16);
#16505 = PLANE('',#16504);
#16506 = ORIENTED_EDGE('',*,*,#16403,.F.);
#16507 = VECTOR('',#16,1.);
#16508 = LINE('',#16395,#16507);
#16509 = EDGE_CURVE('',#16396,#16443,#16508,.T.);
#16510 = ORIENTED_EDGE('',*,*,#16509,.T.);
#16511 = ORIENTED_EDGE('',*,*,#16444,.T.);
#16512 = ORIENTED_EDGE('',*,*,#16497,.F.);
#16513 = EDGE_LOOP('',(#16506,#16510,#16511,#16512));
#16514 = FACE_OUTER_BOUND('',#16513,.T.);
#16515 = ADVANCED_FACE('',(#16514),#16505,.T.);
#16516 = AXIS2_PLACEMENT_3D('',#16395,#493,#16);
#16517 = PLANE('',#16516);
#16518 = ORIENTED_EDGE('',*,*,#16397,.F.);
#16519 = VECTOR('',#16,1.);
#16520 = LINE('',#16388,#16519);
#16521 = EDGE_CURVE('',#16390,#16449,#16520,.T.);
#16522 = ORIENTED_EDGE('',*,*,#16521,.T.);
#16523 = ORIENTED_EDGE('',*,*,#16450,.T.);
#16524 = ORIENTED_EDGE('',*,*,#16509,.F.);
#16525 = EDGE_LOOP('',(#16518,#16522,#16523,#16524));
#16526 = FACE_OUTER_BOUND('',#16525,.T.);
#16527 = ADVANCED_FACE('',(#16526),#16517,.T.);
#16528 = AXIS2_PLACEMENT_3D('',#16388,#506,#16);
#16529 = PLANE('',#16528);
#16530 = ORIENTED_EDGE('',*,*,#16391,.T.);
#16531 = VECTOR('',#16,1.);
#16532 = LINE('',#16382,#16531);
#16533 = EDGE_CURVE('',#16384,#16455,#16532,.T.);
#16534 = ORIENTED_EDGE('',*,*,#16533,.T.);
#16535 = ORIENTED_EDGE('',*,*,#16456,.F.);
#16536 = ORIENTED_EDGE('',*,*,#16521,.F.);
#16537 = EDGE_LOOP('',(#16530,#16534,#16535,#16536));
#16538 = FACE_OUTER_BOUND('',#16537,.T.);
#16539 = ADVANCED_FACE('',(#16538),#16529,.T.);
#16540 = AXIS2_PLACEMENT_3D('',#16382,#519,#20);
#16541 = PLANE('',#16540);
#16542 = ORIENTED_EDGE('',*,*,#16385,.T.);
#16543 = VECTOR('',#16,1.);
#16544 = LINE('',#16375,#16543);
#16545 = EDGE_CURVE('',#16377,#16461,#16544,.T.);
#16546 = ORIENTED_EDGE('',*,*,#16545,.T.);
#16547 = ORIENTED_EDGE('',*,*,#16462,.F.);
#16548 = ORIENTED_EDGE('',*,*,#16533,.F.);
#16549 = EDGE_LOOP('',(#16542,#16546,#16547,#16548));
#16550 = FACE_OUTER_BOUND('',#16549,.T.);
#16551 = ADVANCED_FACE('',(#16550),#16541,.T.);
#16552 = AXIS2_PLACEMENT_3D('',#16375,#361,#20);
#16553 = PLANE('',#16552);
#16554 = ORIENTED_EDGE('',*,*,#16379,.T.);
#16555 = VECTOR('',#16,1.);
#16556 = LINE('',#16371,#16555);
#16557 = EDGE_CURVE('',#16378,#16467,#16556,.T.);
#16558 = ORIENTED_EDGE('',*,*,#16557,.T.);
#16559 = ORIENTED_EDGE('',*,*,#16468,.F.);
#16560 = ORIENTED_EDGE('',*,*,#16545,.F.);
#16561 = EDGE_LOOP('',(#16554,#16558,#16559,#16560));
#16562 = FACE_OUTER_BOUND('',#16561,.T.);
#16563 = ADVANCED_FACE('',(#16562),#16553,.T.);
#16564 = AXIS2_PLACEMENT_3D('',#16371,#354,#20);
#16565 = PLANE('',#16564);
#16566 = ORIENTED_EDGE('',*,*,#16419,.T.);
#16567 = ORIENTED_EDGE('',*,*,#16487,.T.);
#16568 = ORIENTED_EDGE('',*,*,#16472,.F.);
#16569 = ORIENTED_EDGE('',*,*,#16557,.F.);
#16570 = EDGE_LOOP('',(#16566,#16567,#16568,#16569));
#16571 = FACE_OUTER_BOUND('',#16570,.T.);
#16572 = ADVANCED_FACE('',(#16571),#16565,.T.);
#16573 = CLOSED_SHELL('',(#16423,#16476,#16491,#16503,#16515,#16527,#16539,#16551,#16563,#16572));
#16574 = MANIFOLD_SOLID_BREP('lead',#16573);
#16575 = CARTESIAN_POINT('',(15.406170094,-40.806170094,0.007));
#16576 = AXIS2_PLACEMENT_3D('',#16575,#20,#21);
#16577 = PLANE('',#16576);
#16578 = VECTOR('',#134,1.);
#16579 = CARTESIAN_POINT('',(15.24,-40.875,0.007));
#16580 = LINE('',#16579,#16578);
#16581 = VERTEX_POINT('',#16579);
#16582 = VERTEX_POINT('',#16575);
#16583 = EDGE_CURVE('',#16581,#16582,#16580,.T.);
#16584 = ORIENTED_EDGE('',*,*,#16583,.F.);
#16585 = VECTOR('',#142,1.);
#16586 = CARTESIAN_POINT('',(15.073829906,-40.806170094,0.007));
#16587 = LINE('',#16586,#16585);
#16588 = VERTEX_POINT('',#16586);
#16589 = EDGE_CURVE('',#16588,#16581,#16587,.T.);
#16590 = ORIENTED_EDGE('',*,*,#16589,.F.);
#16591 = VECTOR('',#149,1.);
#16592 = CARTESIAN_POINT('',(15.005,-40.64,0.007));
#16593 = LINE('',#16592,#16591);
#16594 = VERTEX_POINT('',#16592);
#16595 = EDGE_CURVE('',#16594,#16588,#16593,.T.);
#16596 = ORIENTED_EDGE('',*,*,#16595,.F.);
#16597 = VECTOR('',#156,1.);
#16598 = LINE('',#16592,#16597);
#16599 = CARTESIAN_POINT('',(15.073829906,-40.473829906,0.007));
#16600 = VERTEX_POINT('',#16599);
#16601 = EDGE_CURVE('',#16594,#16600,#16598,.T.);
#16602 = ORIENTED_EDGE('',*,*,#16601,.T.);
#16603 = VECTOR('',#134,1.);
#16604 = LINE('',#16599,#16603);
#16605 = CARTESIAN_POINT('',(15.24,-40.405,0.007));
#16606 = VERTEX_POINT('',#16605);
#16607 = EDGE_CURVE('',#16600,#16606,#16604,.T.);
#16608 = ORIENTED_EDGE('',*,*,#16607,.T.);
#16609 = VECTOR('',#142,1.);
#16610 = LINE('',#16605,#16609);
#16611 = CARTESIAN_POINT('',(15.406170094,-40.473829906,0.007));
#16612 = VERTEX_POINT('',#16611);
#16613 = EDGE_CURVE('',#16606,#16612,#16610,.T.);
#16614 = ORIENTED_EDGE('',*,*,#16613,.T.);
#16615 = VECTOR('',#149,1.);
#16616 = LINE('',#16611,#16615);
#16617 = CARTESIAN_POINT('',(15.475,-40.64,0.007));
#16618 = VERTEX_POINT('',#16617);
#16619 = EDGE_CURVE('',#16612,#16618,#16616,.T.);
#16620 = ORIENTED_EDGE('',*,*,#16619,.T.);
#16621 = VECTOR('',#156,1.);
#16622 = LINE('',#16575,#16621);
#16623 = EDGE_CURVE('',#16582,#16618,#16622,.T.);
#16624 = ORIENTED_EDGE('',*,*,#16623,.F.);
#16625 = EDGE_LOOP('',(#16584,#16590,#16596,#16602,#16608,#16614,#16620,#16624));
#16626 = FACE_OUTER_BOUND('',#16625,.T.);
#16627 = ADVANCED_FACE('',(#16626),#16577,.T.);
#16628 = CARTESIAN_POINT('',(15.475,-40.64,4.007));
#16629 = AXIS2_PLACEMENT_3D('',#16628,#16,#51);
#16630 = PLANE('',#16629);
#16631 = VECTOR('',#149,1.);
#16632 = CARTESIAN_POINT('',(15.406170094,-40.473829906,4.007));
#16633 = LINE('',#16632,#16631);
#16634 = VERTEX_POINT('',#16632);
#16635 = VERTEX_POINT('',#16628);
#16636 = EDGE_CURVE('',#16634,#16635,#16633,.T.);
#16637 = ORIENTED_EDGE('',*,*,#16636,.F.);
#16638 = VECTOR('',#142,1.);
#16639 = CARTESIAN_POINT('',(15.24,-40.405,4.007));
#16640 = LINE('',#16639,#16638);
#16641 = VERTEX_POINT('',#16639);
#16642 = EDGE_CURVE('',#16641,#16634,#16640,.T.);
#16643 = ORIENTED_EDGE('',*,*,#16642,.F.);
#16644 = VECTOR('',#134,1.);
#16645 = CARTESIAN_POINT('',(15.073829906,-40.473829906,4.007));
#16646 = LINE('',#16645,#16644);
#16647 = VERTEX_POINT('',#16645);
#16648 = EDGE_CURVE('',#16647,#16641,#16646,.T.);
#16649 = ORIENTED_EDGE('',*,*,#16648,.F.);
#16650 = VECTOR('',#156,1.);
#16651 = CARTESIAN_POINT('',(15.005,-40.64,4.007));
#16652 = LINE('',#16651,#16650);
#16653 = VERTEX_POINT('',#16651);
#16654 = EDGE_CURVE('',#16653,#16647,#16652,.T.);
#16655 = ORIENTED_EDGE('',*,*,#16654,.F.);
#16656 = VECTOR('',#149,1.);
#16657 = LINE('',#16651,#16656);
#16658 = CARTESIAN_POINT('',(15.073829906,-40.806170094,4.007));
#16659 = VERTEX_POINT('',#16658);
#16660 = EDGE_CURVE('',#16653,#16659,#16657,.T.);
#16661 = ORIENTED_EDGE('',*,*,#16660,.T.);
#16662 = VECTOR('',#142,1.);
#16663 = LINE('',#16658,#16662);
#16664 = CARTESIAN_POINT('',(15.24,-40.875,4.007));
#16665 = VERTEX_POINT('',#16664);
#16666 = EDGE_CURVE('',#16659,#16665,#16663,.T.);
#16667 = ORIENTED_EDGE('',*,*,#16666,.T.);
#16668 = VECTOR('',#134,1.);
#16669 = LINE('',#16664,#16668);
#16670 = CARTESIAN_POINT('',(15.406170094,-40.806170094,4.007));
#16671 = VERTEX_POINT('',#16670);
#16672 = EDGE_CURVE('',#16665,#16671,#16669,.T.);
#16673 = ORIENTED_EDGE('',*,*,#16672,.T.);
#16674 = VECTOR('',#156,1.);
#16675 = LINE('',#16670,#16674);
#16676 = EDGE_CURVE('',#16671,#16635,#16675,.T.);
#16677 = ORIENTED_EDGE('',*,*,#16676,.T.);
#16678 = EDGE_LOOP('',(#16637,#16643,#16649,#16655,#16661,#16667,#16673,#16677));
#16679 = FACE_OUTER_BOUND('',#16678,.T.);
#16680 = ADVANCED_FACE('',(#16679),#16630,.T.);
#16681 = AXIS2_PLACEMENT_3D('',#16617,#134,#20);
#16682 = PLANE('',#16681);
#16683 = ORIENTED_EDGE('',*,*,#16619,.F.);
#16684 = VECTOR('',#16,1.);
#16685 = LINE('',#16611,#16684);
#16686 = EDGE_CURVE('',#16612,#16634,#16685,.T.);
#16687 = ORIENTED_EDGE('',*,*,#16686,.T.);
#16688 = ORIENTED_EDGE('',*,*,#16636,.T.);
#16689 = VECTOR('',#16,1.);
#16690 = LINE('',#16617,#16689);
#16691 = EDGE_CURVE('',#16618,#16635,#16690,.T.);
#16692 = ORIENTED_EDGE('',*,*,#16691,.F.);
#16693 = EDGE_LOOP('',(#16683,#16687,#16688,#16692));
#16694 = FACE_OUTER_BOUND('',#16693,.T.);
#16695 = ADVANCED_FACE('',(#16694),#16682,.T.);
#16696 = AXIS2_PLACEMENT_3D('',#16611,#156,#16);
#16697 = PLANE('',#16696);
#16698 = ORIENTED_EDGE('',*,*,#16613,.F.);
#16699 = VECTOR('',#16,1.);
#16700 = LINE('',#16605,#16699);
#16701 = EDGE_CURVE('',#16606,#16641,#16700,.T.);
#16702 = ORIENTED_EDGE('',*,*,#16701,.T.);
#16703 = ORIENTED_EDGE('',*,*,#16642,.T.);
#16704 = ORIENTED_EDGE('',*,*,#16686,.F.);
#16705 = EDGE_LOOP('',(#16698,#16702,#16703,#16704));
#16706 = FACE_OUTER_BOUND('',#16705,.T.);
#16707 = ADVANCED_FACE('',(#16706),#16697,.T.);
#16708 = AXIS2_PLACEMENT_3D('',#16605,#268,#16);
#16709 = PLANE('',#16708);
#16710 = ORIENTED_EDGE('',*,*,#16607,.F.);
#16711 = VECTOR('',#16,1.);
#16712 = LINE('',#16599,#16711);
#16713 = EDGE_CURVE('',#16600,#16647,#16712,.T.);
#16714 = ORIENTED_EDGE('',*,*,#16713,.T.);
#16715 = ORIENTED_EDGE('',*,*,#16648,.T.);
#16716 = ORIENTED_EDGE('',*,*,#16701,.F.);
#16717 = EDGE_LOOP('',(#16710,#16714,#16715,#16716));
#16718 = FACE_OUTER_BOUND('',#16717,.T.);
#16719 = ADVANCED_FACE('',(#16718),#16709,.T.);
#16720 = AXIS2_PLACEMENT_3D('',#16599,#281,#16);
#16721 = PLANE('',#16720);
#16722 = ORIENTED_EDGE('',*,*,#16601,.F.);
#16723 = VECTOR('',#16,1.);
#16724 = LINE('',#16592,#16723);
#16725 = EDGE_CURVE('',#16594,#16653,#16724,.T.);
#16726 = ORIENTED_EDGE('',*,*,#16725,.T.);
#16727 = ORIENTED_EDGE('',*,*,#16654,.T.);
#16728 = ORIENTED_EDGE('',*,*,#16713,.F.);
#16729 = EDGE_LOOP('',(#16722,#16726,#16727,#16728));
#16730 = FACE_OUTER_BOUND('',#16729,.T.);
#16731 = ADVANCED_FACE('',(#16730),#16721,.T.);
#16732 = AXIS2_PLACEMENT_3D('',#16592,#294,#16);
#16733 = PLANE('',#16732);
#16734 = ORIENTED_EDGE('',*,*,#16595,.T.);
#16735 = VECTOR('',#16,1.);
#16736 = LINE('',#16586,#16735);
#16737 = EDGE_CURVE('',#16588,#16659,#16736,.T.);
#16738 = ORIENTED_EDGE('',*,*,#16737,.T.);
#16739 = ORIENTED_EDGE('',*,*,#16660,.F.);
#16740 = ORIENTED_EDGE('',*,*,#16725,.F.);
#16741 = EDGE_LOOP('',(#16734,#16738,#16739,#16740));
#16742 = FACE_OUTER_BOUND('',#16741,.T.);
#16743 = ADVANCED_FACE('',(#16742),#16733,.T.);
#16744 = AXIS2_PLACEMENT_3D('',#16586,#307,#20);
#16745 = PLANE('',#16744);
#16746 = ORIENTED_EDGE('',*,*,#16589,.T.);
#16747 = VECTOR('',#16,1.);
#16748 = LINE('',#16579,#16747);
#16749 = EDGE_CURVE('',#16581,#16665,#16748,.T.);
#16750 = ORIENTED_EDGE('',*,*,#16749,.T.);
#16751 = ORIENTED_EDGE('',*,*,#16666,.F.);
#16752 = ORIENTED_EDGE('',*,*,#16737,.F.);
#16753 = EDGE_LOOP('',(#16746,#16750,#16751,#16752));
#16754 = FACE_OUTER_BOUND('',#16753,.T.);
#16755 = ADVANCED_FACE('',(#16754),#16745,.T.);
#16756 = AXIS2_PLACEMENT_3D('',#16579,#149,#20);
#16757 = PLANE('',#16756);
#16758 = ORIENTED_EDGE('',*,*,#16583,.T.);
#16759 = VECTOR('',#16,1.);
#16760 = LINE('',#16575,#16759);
#16761 = EDGE_CURVE('',#16582,#16671,#16760,.T.);
#16762 = ORIENTED_EDGE('',*,*,#16761,.T.);
#16763 = ORIENTED_EDGE('',*,*,#16672,.F.);
#16764 = ORIENTED_EDGE('',*,*,#16749,.F.);
#16765 = EDGE_LOOP('',(#16758,#16762,#16763,#16764));
#16766 = FACE_OUTER_BOUND('',#16765,.T.);
#16767 = ADVANCED_FACE('',(#16766),#16757,.T.);
#16768 = AXIS2_PLACEMENT_3D('',#16575,#142,#20);
#16769 = PLANE('',#16768);
#16770 = ORIENTED_EDGE('',*,*,#16623,.T.);
#16771 = ORIENTED_EDGE('',*,*,#16691,.T.);
#16772 = ORIENTED_EDGE('',*,*,#16676,.F.);
#16773 = ORIENTED_EDGE('',*,*,#16761,.F.);
#16774 = EDGE_LOOP('',(#16770,#16771,#16772,#16773));
#16775 = FACE_OUTER_BOUND('',#16774,.T.);
#16776 = ADVANCED_FACE('',(#16775),#16769,.T.);
#16777 = CLOSED_SHELL('',(#16627,#16680,#16695,#16707,#16719,#16731,#16743,#16755,#16767,#16776));
#16778 = MANIFOLD_SOLID_BREP('contact',#16777);
#16779 = CARTESIAN_POINT('',(15.469809704,-40.869809704,8.057));
#16780 = AXIS2_PLACEMENT_3D('',#16779,#20,#21);
#16781 = PLANE('',#16780);
#16782 = VECTOR('',#346,1.);
#16783 = CARTESIAN_POINT('',(15.24,-40.965,8.057));
#16784 = LINE('',#16783,#16782);
#16785 = VERTEX_POINT('',#16783);
#16786 = VERTEX_POINT('',#16779);
#16787 = EDGE_CURVE('',#16785,#16786,#16784,.T.);
#16788 = ORIENTED_EDGE('',*,*,#16787,.F.);
#16789 = VECTOR('',#354,1.);
#16790 = CARTESIAN_POINT('',(15.010190296,-40.869809704,8.057));
#16791 = LINE('',#16790,#16789);
#16792 = VERTEX_POINT('',#16790);
#16793 = EDGE_CURVE('',#16792,#16785,#16791,.T.);
#16794 = ORIENTED_EDGE('',*,*,#16793,.F.);
#16795 = VECTOR('',#361,1.);
#16796 = CARTESIAN_POINT('',(14.915,-40.64,8.057));
#16797 = LINE('',#16796,#16795);
#16798 = VERTEX_POINT('',#16796);
#16799 = EDGE_CURVE('',#16798,#16792,#16797,.T.);
#16800 = ORIENTED_EDGE('',*,*,#16799,.F.);
#16801 = VECTOR('',#368,1.);
#16802 = LINE('',#16796,#16801);
#16803 = CARTESIAN_POINT('',(15.010190296,-40.410190296,8.057));
#16804 = VERTEX_POINT('',#16803);
#16805 = EDGE_CURVE('',#16798,#16804,#16802,.T.);
#16806 = ORIENTED_EDGE('',*,*,#16805,.T.);
#16807 = VECTOR('',#346,1.);
#16808 = LINE('',#16803,#16807);
#16809 = CARTESIAN_POINT('',(15.24,-40.315,8.057));
#16810 = VERTEX_POINT('',#16809);
#16811 = EDGE_CURVE('',#16804,#16810,#16808,.T.);
#16812 = ORIENTED_EDGE('',*,*,#16811,.T.);
#16813 = VECTOR('',#354,1.);
#16814 = LINE('',#16809,#16813);
#16815 = CARTESIAN_POINT('',(15.469809704,-40.410190296,8.057));
#16816 = VERTEX_POINT('',#16815);
#16817 = EDGE_CURVE('',#16810,#16816,#16814,.T.);
#16818 = ORIENTED_EDGE('',*,*,#16817,.T.);
#16819 = VECTOR('',#361,1.);
#16820 = LINE('',#16815,#16819);
#16821 = CARTESIAN_POINT('',(15.565,-40.64,8.057));
#16822 = VERTEX_POINT('',#16821);
#16823 = EDGE_CURVE('',#16816,#16822,#16820,.T.);
#16824 = ORIENTED_EDGE('',*,*,#16823,.T.);
#16825 = VECTOR('',#368,1.);
#16826 = LINE('',#16779,#16825);
#16827 = EDGE_CURVE('',#16786,#16822,#16826,.T.);
#16828 = ORIENTED_EDGE('',*,*,#16827,.F.);
#16829 = EDGE_LOOP('',(#16788,#16794,#16800,#16806,#16812,#16818,#16824,#16828));
#16830 = FACE_OUTER_BOUND('',#16829,.T.);
#16831 = ADVANCED_FACE('',(#16830),#16781,.T.);
#16832 = CARTESIAN_POINT('',(15.565,-40.64,10.157));
#16833 = AXIS2_PLACEMENT_3D('',#16832,#16,#51);
#16834 = PLANE('',#16833);
#16835 = VECTOR('',#361,1.);
#16836 = CARTESIAN_POINT('',(15.469809704,-40.410190296,10.157));
#16837 = LINE('',#16836,#16835);
#16838 = VERTEX_POINT('',#16836);
#16839 = VERTEX_POINT('',#16832);
#16840 = EDGE_CURVE('',#16838,#16839,#16837,.T.);
#16841 = ORIENTED_EDGE('',*,*,#16840,.F.);
#16842 = VECTOR('',#354,1.);
#16843 = CARTESIAN_POINT('',(15.24,-40.315,10.157));
#16844 = LINE('',#16843,#16842);
#16845 = VERTEX_POINT('',#16843);
#16846 = EDGE_CURVE('',#16845,#16838,#16844,.T.);
#16847 = ORIENTED_EDGE('',*,*,#16846,.F.);
#16848 = VECTOR('',#346,1.);
#16849 = CARTESIAN_POINT('',(15.010190296,-40.410190296,10.157));
#16850 = LINE('',#16849,#16848);
#16851 = VERTEX_POINT('',#16849);
#16852 = EDGE_CURVE('',#16851,#16845,#16850,.T.);
#16853 = ORIENTED_EDGE('',*,*,#16852,.F.);
#16854 = VECTOR('',#368,1.);
#16855 = CARTESIAN_POINT('',(14.915,-40.64,10.157));
#16856 = LINE('',#16855,#16854);
#16857 = VERTEX_POINT('',#16855);
#16858 = EDGE_CURVE('',#16857,#16851,#16856,.T.);
#16859 = ORIENTED_EDGE('',*,*,#16858,.F.);
#16860 = VECTOR('',#361,1.);
#16861 = LINE('',#16855,#16860);
#16862 = CARTESIAN_POINT('',(15.010190296,-40.869809704,10.157));
#16863 = VERTEX_POINT('',#16862);
#16864 = EDGE_CURVE('',#16857,#16863,#16861,.T.);
#16865 = ORIENTED_EDGE('',*,*,#16864,.T.);
#16866 = VECTOR('',#354,1.);
#16867 = LINE('',#16862,#16866);
#16868 = CARTESIAN_POINT('',(15.24,-40.965,10.157));
#16869 = VERTEX_POINT('',#16868);
#16870 = EDGE_CURVE('',#16863,#16869,#16867,.T.);
#16871 = ORIENTED_EDGE('',*,*,#16870,.T.);
#16872 = VECTOR('',#346,1.);
#16873 = LINE('',#16868,#16872);
#16874 = CARTESIAN_POINT('',(15.469809704,-40.869809704,10.157));
#16875 = VERTEX_POINT('',#16874);
#16876 = EDGE_CURVE('',#16869,#16875,#16873,.T.);
#16877 = ORIENTED_EDGE('',*,*,#16876,.T.);
#16878 = VECTOR('',#368,1.);
#16879 = LINE('',#16874,#16878);
#16880 = EDGE_CURVE('',#16875,#16839,#16879,.T.);
#16881 = ORIENTED_EDGE('',*,*,#16880,.T.);
#16882 = EDGE_LOOP('',(#16841,#16847,#16853,#16859,#16865,#16871,#16877,#16881));
#16883 = FACE_OUTER_BOUND('',#16882,.T.);
#16884 = ADVANCED_FACE('',(#16883),#16834,.T.);
#16885 = AXIS2_PLACEMENT_3D('',#16821,#346,#20);
#16886 = PLANE('',#16885);
#16887 = ORIENTED_EDGE('',*,*,#16823,.F.);
#16888 = VECTOR('',#16,1.);
#16889 = LINE('',#16815,#16888);
#16890 = EDGE_CURVE('',#16816,#16838,#16889,.T.);
#16891 = ORIENTED_EDGE('',*,*,#16890,.T.);
#16892 = ORIENTED_EDGE('',*,*,#16840,.T.);
#16893 = VECTOR('',#16,1.);
#16894 = LINE('',#16821,#16893);
#16895 = EDGE_CURVE('',#16822,#16839,#16894,.T.);
#16896 = ORIENTED_EDGE('',*,*,#16895,.F.);
#16897 = EDGE_LOOP('',(#16887,#16891,#16892,#16896));
#16898 = FACE_OUTER_BOUND('',#16897,.T.);
#16899 = ADVANCED_FACE('',(#16898),#16886,.T.);
#16900 = AXIS2_PLACEMENT_3D('',#16815,#368,#16);
#16901 = PLANE('',#16900);
#16902 = ORIENTED_EDGE('',*,*,#16817,.F.);
#16903 = VECTOR('',#16,1.);
#16904 = LINE('',#16809,#16903);
#16905 = EDGE_CURVE('',#16810,#16845,#16904,.T.);
#16906 = ORIENTED_EDGE('',*,*,#16905,.T.);
#16907 = ORIENTED_EDGE('',*,*,#16846,.T.);
#16908 = ORIENTED_EDGE('',*,*,#16890,.F.);
#16909 = EDGE_LOOP('',(#16902,#16906,#16907,#16908));
#16910 = FACE_OUTER_BOUND('',#16909,.T.);
#16911 = ADVANCED_FACE('',(#16910),#16901,.T.);
#16912 = AXIS2_PLACEMENT_3D('',#16809,#480,#16);
#16913 = PLANE('',#16912);
#16914 = ORIENTED_EDGE('',*,*,#16811,.F.);
#16915 = VECTOR('',#16,1.);
#16916 = LINE('',#16803,#16915);
#16917 = EDGE_CURVE('',#16804,#16851,#16916,.T.);
#16918 = ORIENTED_EDGE('',*,*,#16917,.T.);
#16919 = ORIENTED_EDGE('',*,*,#16852,.T.);
#16920 = ORIENTED_EDGE('',*,*,#16905,.F.);
#16921 = EDGE_LOOP('',(#16914,#16918,#16919,#16920));
#16922 = FACE_OUTER_BOUND('',#16921,.T.);
#16923 = ADVANCED_FACE('',(#16922),#16913,.T.);
#16924 = AXIS2_PLACEMENT_3D('',#16803,#493,#16);
#16925 = PLANE('',#16924);
#16926 = ORIENTED_EDGE('',*,*,#16805,.F.);
#16927 = VECTOR('',#16,1.);
#16928 = LINE('',#16796,#16927);
#16929 = EDGE_CURVE('',#16798,#16857,#16928,.T.);
#16930 = ORIENTED_EDGE('',*,*,#16929,.T.);
#16931 = ORIENTED_EDGE('',*,*,#16858,.T.);
#16932 = ORIENTED_EDGE('',*,*,#16917,.F.);
#16933 = EDGE_LOOP('',(#16926,#16930,#16931,#16932));
#16934 = FACE_OUTER_BOUND('',#16933,.T.);
#16935 = ADVANCED_FACE('',(#16934),#16925,.T.);
#16936 = AXIS2_PLACEMENT_3D('',#16796,#506,#16);
#16937 = PLANE('',#16936);
#16938 = ORIENTED_EDGE('',*,*,#16799,.T.);
#16939 = VECTOR('',#16,1.);
#16940 = LINE('',#16790,#16939);
#16941 = EDGE_CURVE('',#16792,#16863,#16940,.T.);
#16942 = ORIENTED_EDGE('',*,*,#16941,.T.);
#16943 = ORIENTED_EDGE('',*,*,#16864,.F.);
#16944 = ORIENTED_EDGE('',*,*,#16929,.F.);
#16945 = EDGE_LOOP('',(#16938,#16942,#16943,#16944));
#16946 = FACE_OUTER_BOUND('',#16945,.T.);
#16947 = ADVANCED_FACE('',(#16946),#16937,.T.);
#16948 = AXIS2_PLACEMENT_3D('',#16790,#519,#20);
#16949 = PLANE('',#16948);
#16950 = ORIENTED_EDGE('',*,*,#16793,.T.);
#16951 = VECTOR('',#16,1.);
#16952 = LINE('',#16783,#16951);
#16953 = EDGE_CURVE('',#16785,#16869,#16952,.T.);
#16954 = ORIENTED_EDGE('',*,*,#16953,.T.);
#16955 = ORIENTED_EDGE('',*,*,#16870,.F.);
#16956 = ORIENTED_EDGE('',*,*,#16941,.F.);
#16957 = EDGE_LOOP('',(#16950,#16954,#16955,#16956));
#16958 = FACE_OUTER_BOUND('',#16957,.T.);
#16959 = ADVANCED_FACE('',(#16958),#16949,.T.);
#16960 = AXIS2_PLACEMENT_3D('',#16783,#361,#20);
#16961 = PLANE('',#16960);
#16962 = ORIENTED_EDGE('',*,*,#16787,.T.);
#16963 = VECTOR('',#16,1.);
#16964 = LINE('',#16779,#16963);
#16965 = EDGE_CURVE('',#16786,#16875,#16964,.T.);
#16966 = ORIENTED_EDGE('',*,*,#16965,.T.);
#16967 = ORIENTED_EDGE('',*,*,#16876,.F.);
#16968 = ORIENTED_EDGE('',*,*,#16953,.F.);
#16969 = EDGE_LOOP('',(#16962,#16966,#16967,#16968));
#16970 = FACE_OUTER_BOUND('',#16969,.T.);
#16971 = ADVANCED_FACE('',(#16970),#16961,.T.);
#16972 = AXIS2_PLACEMENT_3D('',#16779,#354,#20);
#16973 = PLANE('',#16972);
#16974 = ORIENTED_EDGE('',*,*,#16827,.T.);
#16975 = ORIENTED_EDGE('',*,*,#16895,.T.);
#16976 = ORIENTED_EDGE('',*,*,#16880,.F.);
#16977 = ORIENTED_EDGE('',*,*,#16965,.F.);
#16978 = EDGE_LOOP('',(#16974,#16975,#16976,#16977));
#16979 = FACE_OUTER_BOUND('',#16978,.T.);
#16980 = ADVANCED_FACE('',(#16979),#16973,.T.);
#16981 = CLOSED_SHELL('',(#16831,#16884,#16899,#16911,#16923,#16935,#16947,#16959,#16971,#16980));
#16982 = MANIFOLD_SOLID_BREP('lead',#16981);
#16983 = CARTESIAN_POINT('',(15.406170094,-43.346170094,0.007));
#16984 = AXIS2_PLACEMENT_3D('',#16983,#20,#21);
#16985 = PLANE('',#16984);
#16986 = VECTOR('',#134,1.);
#16987 = CARTESIAN_POINT('',(15.24,-43.415,0.007));
#16988 = LINE('',#16987,#16986);
#16989 = VERTEX_POINT('',#16987);
#16990 = VERTEX_POINT('',#16983);
#16991 = EDGE_CURVE('',#16989,#16990,#16988,.T.);
#16992 = ORIENTED_EDGE('',*,*,#16991,.F.);
#16993 = VECTOR('',#142,1.);
#16994 = CARTESIAN_POINT('',(15.073829906,-43.346170094,0.007));
#16995 = LINE('',#16994,#16993);
#16996 = VERTEX_POINT('',#16994);
#16997 = EDGE_CURVE('',#16996,#16989,#16995,.T.);
#16998 = ORIENTED_EDGE('',*,*,#16997,.F.);
#16999 = VECTOR('',#149,1.);
#17000 = CARTESIAN_POINT('',(15.005,-43.18,0.007));
#17001 = LINE('',#17000,#16999);
#17002 = VERTEX_POINT('',#17000);
#17003 = EDGE_CURVE('',#17002,#16996,#17001,.T.);
#17004 = ORIENTED_EDGE('',*,*,#17003,.F.);
#17005 = VECTOR('',#156,1.);
#17006 = LINE('',#17000,#17005);
#17007 = CARTESIAN_POINT('',(15.073829906,-43.013829906,0.007));
#17008 = VERTEX_POINT('',#17007);
#17009 = EDGE_CURVE('',#17002,#17008,#17006,.T.);
#17010 = ORIENTED_EDGE('',*,*,#17009,.T.);
#17011 = VECTOR('',#134,1.);
#17012 = LINE('',#17007,#17011);
#17013 = CARTESIAN_POINT('',(15.24,-42.945,0.007));
#17014 = VERTEX_POINT('',#17013);
#17015 = EDGE_CURVE('',#17008,#17014,#17012,.T.);
#17016 = ORIENTED_EDGE('',*,*,#17015,.T.);
#17017 = VECTOR('',#142,1.);
#17018 = LINE('',#17013,#17017);
#17019 = CARTESIAN_POINT('',(15.406170094,-43.013829906,0.007));
#17020 = VERTEX_POINT('',#17019);
#17021 = EDGE_CURVE('',#17014,#17020,#17018,.T.);
#17022 = ORIENTED_EDGE('',*,*,#17021,.T.);
#17023 = VECTOR('',#149,1.);
#17024 = LINE('',#17019,#17023);
#17025 = CARTESIAN_POINT('',(15.475,-43.18,0.007));
#17026 = VERTEX_POINT('',#17025);
#17027 = EDGE_CURVE('',#17020,#17026,#17024,.T.);
#17028 = ORIENTED_EDGE('',*,*,#17027,.T.);
#17029 = VECTOR('',#156,1.);
#17030 = LINE('',#16983,#17029);
#17031 = EDGE_CURVE('',#16990,#17026,#17030,.T.);
#17032 = ORIENTED_EDGE('',*,*,#17031,.F.);
#17033 = EDGE_LOOP('',(#16992,#16998,#17004,#17010,#17016,#17022,#17028,#17032));
#17034 = FACE_OUTER_BOUND('',#17033,.T.);
#17035 = ADVANCED_FACE('',(#17034),#16985,.T.);
#17036 = CARTESIAN_POINT('',(15.475,-43.18,4.007));
#17037 = AXIS2_PLACEMENT_3D('',#17036,#16,#51);
#17038 = PLANE('',#17037);
#17039 = VECTOR('',#149,1.);
#17040 = CARTESIAN_POINT('',(15.406170094,-43.013829906,4.007));
#17041 = LINE('',#17040,#17039);
#17042 = VERTEX_POINT('',#17040);
#17043 = VERTEX_POINT('',#17036);
#17044 = EDGE_CURVE('',#17042,#17043,#17041,.T.);
#17045 = ORIENTED_EDGE('',*,*,#17044,.F.);
#17046 = VECTOR('',#142,1.);
#17047 = CARTESIAN_POINT('',(15.24,-42.945,4.007));
#17048 = LINE('',#17047,#17046);
#17049 = VERTEX_POINT('',#17047);
#17050 = EDGE_CURVE('',#17049,#17042,#17048,.T.);
#17051 = ORIENTED_EDGE('',*,*,#17050,.F.);
#17052 = VECTOR('',#134,1.);
#17053 = CARTESIAN_POINT('',(15.073829906,-43.013829906,4.007));
#17054 = LINE('',#17053,#17052);
#17055 = VERTEX_POINT('',#17053);
#17056 = EDGE_CURVE('',#17055,#17049,#17054,.T.);
#17057 = ORIENTED_EDGE('',*,*,#17056,.F.);
#17058 = VECTOR('',#156,1.);
#17059 = CARTESIAN_POINT('',(15.005,-43.18,4.007));
#17060 = LINE('',#17059,#17058);
#17061 = VERTEX_POINT('',#17059);
#17062 = EDGE_CURVE('',#17061,#17055,#17060,.T.);
#17063 = ORIENTED_EDGE('',*,*,#17062,.F.);
#17064 = VECTOR('',#149,1.);
#17065 = LINE('',#17059,#17064);
#17066 = CARTESIAN_POINT('',(15.073829906,-43.346170094,4.007));
#17067 = VERTEX_POINT('',#17066);
#17068 = EDGE_CURVE('',#17061,#17067,#17065,.T.);
#17069 = ORIENTED_EDGE('',*,*,#17068,.T.);
#17070 = VECTOR('',#142,1.);
#17071 = LINE('',#17066,#17070);
#17072 = CARTESIAN_POINT('',(15.24,-43.415,4.007));
#17073 = VERTEX_POINT('',#17072);
#17074 = EDGE_CURVE('',#17067,#17073,#17071,.T.);
#17075 = ORIENTED_EDGE('',*,*,#17074,.T.);
#17076 = VECTOR('',#134,1.);
#17077 = LINE('',#17072,#17076);
#17078 = CARTESIAN_POINT('',(15.406170094,-43.346170094,4.007));
#17079 = VERTEX_POINT('',#17078);
#17080 = EDGE_CURVE('',#17073,#17079,#17077,.T.);
#17081 = ORIENTED_EDGE('',*,*,#17080,.T.);
#17082 = VECTOR('',#156,1.);
#17083 = LINE('',#17078,#17082);
#17084 = EDGE_CURVE('',#17079,#17043,#17083,.T.);
#17085 = ORIENTED_EDGE('',*,*,#17084,.T.);
#17086 = EDGE_LOOP('',(#17045,#17051,#17057,#17063,#17069,#17075,#17081,#17085));
#17087 = FACE_OUTER_BOUND('',#17086,.T.);
#17088 = ADVANCED_FACE('',(#17087),#17038,.T.);
#17089 = AXIS2_PLACEMENT_3D('',#17025,#134,#20);
#17090 = PLANE('',#17089);
#17091 = ORIENTED_EDGE('',*,*,#17027,.F.);
#17092 = VECTOR('',#16,1.);
#17093 = LINE('',#17019,#17092);
#17094 = EDGE_CURVE('',#17020,#17042,#17093,.T.);
#17095 = ORIENTED_EDGE('',*,*,#17094,.T.);
#17096 = ORIENTED_EDGE('',*,*,#17044,.T.);
#17097 = VECTOR('',#16,1.);
#17098 = LINE('',#17025,#17097);
#17099 = EDGE_CURVE('',#17026,#17043,#17098,.T.);
#17100 = ORIENTED_EDGE('',*,*,#17099,.F.);
#17101 = EDGE_LOOP('',(#17091,#17095,#17096,#17100));
#17102 = FACE_OUTER_BOUND('',#17101,.T.);
#17103 = ADVANCED_FACE('',(#17102),#17090,.T.);
#17104 = AXIS2_PLACEMENT_3D('',#17019,#156,#16);
#17105 = PLANE('',#17104);
#17106 = ORIENTED_EDGE('',*,*,#17021,.F.);
#17107 = VECTOR('',#16,1.);
#17108 = LINE('',#17013,#17107);
#17109 = EDGE_CURVE('',#17014,#17049,#17108,.T.);
#17110 = ORIENTED_EDGE('',*,*,#17109,.T.);
#17111 = ORIENTED_EDGE('',*,*,#17050,.T.);
#17112 = ORIENTED_EDGE('',*,*,#17094,.F.);
#17113 = EDGE_LOOP('',(#17106,#17110,#17111,#17112));
#17114 = FACE_OUTER_BOUND('',#17113,.T.);
#17115 = ADVANCED_FACE('',(#17114),#17105,.T.);
#17116 = AXIS2_PLACEMENT_3D('',#17013,#268,#16);
#17117 = PLANE('',#17116);
#17118 = ORIENTED_EDGE('',*,*,#17015,.F.);
#17119 = VECTOR('',#16,1.);
#17120 = LINE('',#17007,#17119);
#17121 = EDGE_CURVE('',#17008,#17055,#17120,.T.);
#17122 = ORIENTED_EDGE('',*,*,#17121,.T.);
#17123 = ORIENTED_EDGE('',*,*,#17056,.T.);
#17124 = ORIENTED_EDGE('',*,*,#17109,.F.);
#17125 = EDGE_LOOP('',(#17118,#17122,#17123,#17124));
#17126 = FACE_OUTER_BOUND('',#17125,.T.);
#17127 = ADVANCED_FACE('',(#17126),#17117,.T.);
#17128 = AXIS2_PLACEMENT_3D('',#17007,#281,#16);
#17129 = PLANE('',#17128);
#17130 = ORIENTED_EDGE('',*,*,#17009,.F.);
#17131 = VECTOR('',#16,1.);
#17132 = LINE('',#17000,#17131);
#17133 = EDGE_CURVE('',#17002,#17061,#17132,.T.);
#17134 = ORIENTED_EDGE('',*,*,#17133,.T.);
#17135 = ORIENTED_EDGE('',*,*,#17062,.T.);
#17136 = ORIENTED_EDGE('',*,*,#17121,.F.);
#17137 = EDGE_LOOP('',(#17130,#17134,#17135,#17136));
#17138 = FACE_OUTER_BOUND('',#17137,.T.);
#17139 = ADVANCED_FACE('',(#17138),#17129,.T.);
#17140 = AXIS2_PLACEMENT_3D('',#17000,#294,#16);
#17141 = PLANE('',#17140);
#17142 = ORIENTED_EDGE('',*,*,#17003,.T.);
#17143 = VECTOR('',#16,1.);
#17144 = LINE('',#16994,#17143);
#17145 = EDGE_CURVE('',#16996,#17067,#17144,.T.);
#17146 = ORIENTED_EDGE('',*,*,#17145,.T.);
#17147 = ORIENTED_EDGE('',*,*,#17068,.F.);
#17148 = ORIENTED_EDGE('',*,*,#17133,.F.);
#17149 = EDGE_LOOP('',(#17142,#17146,#17147,#17148));
#17150 = FACE_OUTER_BOUND('',#17149,.T.);
#17151 = ADVANCED_FACE('',(#17150),#17141,.T.);
#17152 = AXIS2_PLACEMENT_3D('',#16994,#307,#20);
#17153 = PLANE('',#17152);
#17154 = ORIENTED_EDGE('',*,*,#16997,.T.);
#17155 = VECTOR('',#16,1.);
#17156 = LINE('',#16987,#17155);
#17157 = EDGE_CURVE('',#16989,#17073,#17156,.T.);
#17158 = ORIENTED_EDGE('',*,*,#17157,.T.);
#17159 = ORIENTED_EDGE('',*,*,#17074,.F.);
#17160 = ORIENTED_EDGE('',*,*,#17145,.F.);
#17161 = EDGE_LOOP('',(#17154,#17158,#17159,#17160));
#17162 = FACE_OUTER_BOUND('',#17161,.T.);
#17163 = ADVANCED_FACE('',(#17162),#17153,.T.);
#17164 = AXIS2_PLACEMENT_3D('',#16987,#149,#20);
#17165 = PLANE('',#17164);
#17166 = ORIENTED_EDGE('',*,*,#16991,.T.);
#17167 = VECTOR('',#16,1.);
#17168 = LINE('',#16983,#17167);
#17169 = EDGE_CURVE('',#16990,#17079,#17168,.T.);
#17170 = ORIENTED_EDGE('',*,*,#17169,.T.);
#17171 = ORIENTED_EDGE('',*,*,#17080,.F.);
#17172 = ORIENTED_EDGE('',*,*,#17157,.F.);
#17173 = EDGE_LOOP('',(#17166,#17170,#17171,#17172));
#17174 = FACE_OUTER_BOUND('',#17173,.T.);
#17175 = ADVANCED_FACE('',(#17174),#17165,.T.);
#17176 = AXIS2_PLACEMENT_3D('',#16983,#142,#20);
#17177 = PLANE('',#17176);
#17178 = ORIENTED_EDGE('',*,*,#17031,.T.);
#17179 = ORIENTED_EDGE('',*,*,#17099,.T.);
#17180 = ORIENTED_EDGE('',*,*,#17084,.F.);
#17181 = ORIENTED_EDGE('',*,*,#17169,.F.);
#17182 = EDGE_LOOP('',(#17178,#17179,#17180,#17181));
#17183 = FACE_OUTER_BOUND('',#17182,.T.);
#17184 = ADVANCED_FACE('',(#17183),#17177,.T.);
#17185 = CLOSED_SHELL('',(#17035,#17088,#17103,#17115,#17127,#17139,#17151,#17163,#17175,#17184));
#17186 = MANIFOLD_SOLID_BREP('contact',#17185);
#17187 = CARTESIAN_POINT('',(15.469809704,-43.409809704,8.057));
#17188 = AXIS2_PLACEMENT_3D('',#17187,#20,#21);
#17189 = PLANE('',#17188);
#17190 = VECTOR('',#346,1.);
#17191 = CARTESIAN_POINT('',(15.24,-43.505,8.057));
#17192 = LINE('',#17191,#17190);
#17193 = VERTEX_POINT('',#17191);
#17194 = VERTEX_POINT('',#17187);
#17195 = EDGE_CURVE('',#17193,#17194,#17192,.T.);
#17196 = ORIENTED_EDGE('',*,*,#17195,.F.);
#17197 = VECTOR('',#354,1.);
#17198 = CARTESIAN_POINT('',(15.010190296,-43.409809704,8.057));
#17199 = LINE('',#17198,#17197);
#17200 = VERTEX_POINT('',#17198);
#17201 = EDGE_CURVE('',#17200,#17193,#17199,.T.);
#17202 = ORIENTED_EDGE('',*,*,#17201,.F.);
#17203 = VECTOR('',#361,1.);
#17204 = CARTESIAN_POINT('',(14.915,-43.18,8.057));
#17205 = LINE('',#17204,#17203);
#17206 = VERTEX_POINT('',#17204);
#17207 = EDGE_CURVE('',#17206,#17200,#17205,.T.);
#17208 = ORIENTED_EDGE('',*,*,#17207,.F.);
#17209 = VECTOR('',#368,1.);
#17210 = LINE('',#17204,#17209);
#17211 = CARTESIAN_POINT('',(15.010190296,-42.950190296,8.057));
#17212 = VERTEX_POINT('',#17211);
#17213 = EDGE_CURVE('',#17206,#17212,#17210,.T.);
#17214 = ORIENTED_EDGE('',*,*,#17213,.T.);
#17215 = VECTOR('',#346,1.);
#17216 = LINE('',#17211,#17215);
#17217 = CARTESIAN_POINT('',(15.24,-42.855,8.057));
#17218 = VERTEX_POINT('',#17217);
#17219 = EDGE_CURVE('',#17212,#17218,#17216,.T.);
#17220 = ORIENTED_EDGE('',*,*,#17219,.T.);
#17221 = VECTOR('',#354,1.);
#17222 = LINE('',#17217,#17221);
#17223 = CARTESIAN_POINT('',(15.469809704,-42.950190296,8.057));
#17224 = VERTEX_POINT('',#17223);
#17225 = EDGE_CURVE('',#17218,#17224,#17222,.T.);
#17226 = ORIENTED_EDGE('',*,*,#17225,.T.);
#17227 = VECTOR('',#361,1.);
#17228 = LINE('',#17223,#17227);
#17229 = CARTESIAN_POINT('',(15.565,-43.18,8.057));
#17230 = VERTEX_POINT('',#17229);
#17231 = EDGE_CURVE('',#17224,#17230,#17228,.T.);
#17232 = ORIENTED_EDGE('',*,*,#17231,.T.);
#17233 = VECTOR('',#368,1.);
#17234 = LINE('',#17187,#17233);
#17235 = EDGE_CURVE('',#17194,#17230,#17234,.T.);
#17236 = ORIENTED_EDGE('',*,*,#17235,.F.);
#17237 = EDGE_LOOP('',(#17196,#17202,#17208,#17214,#17220,#17226,#17232,#17236));
#17238 = FACE_OUTER_BOUND('',#17237,.T.);
#17239 = ADVANCED_FACE('',(#17238),#17189,.T.);
#17240 = CARTESIAN_POINT('',(15.565,-43.18,10.157));
#17241 = AXIS2_PLACEMENT_3D('',#17240,#16,#51);
#17242 = PLANE('',#17241);
#17243 = VECTOR('',#361,1.);
#17244 = CARTESIAN_POINT('',(15.469809704,-42.950190296,10.157));
#17245 = LINE('',#17244,#17243);
#17246 = VERTEX_POINT('',#17244);
#17247 = VERTEX_POINT('',#17240);
#17248 = EDGE_CURVE('',#17246,#17247,#17245,.T.);
#17249 = ORIENTED_EDGE('',*,*,#17248,.F.);
#17250 = VECTOR('',#354,1.);
#17251 = CARTESIAN_POINT('',(15.24,-42.855,10.157));
#17252 = LINE('',#17251,#17250);
#17253 = VERTEX_POINT('',#17251);
#17254 = EDGE_CURVE('',#17253,#17246,#17252,.T.);
#17255 = ORIENTED_EDGE('',*,*,#17254,.F.);
#17256 = VECTOR('',#346,1.);
#17257 = CARTESIAN_POINT('',(15.010190296,-42.950190296,10.157));
#17258 = LINE('',#17257,#17256);
#17259 = VERTEX_POINT('',#17257);
#17260 = EDGE_CURVE('',#17259,#17253,#17258,.T.);
#17261 = ORIENTED_EDGE('',*,*,#17260,.F.);
#17262 = VECTOR('',#368,1.);
#17263 = CARTESIAN_POINT('',(14.915,-43.18,10.157));
#17264 = LINE('',#17263,#17262);
#17265 = VERTEX_POINT('',#17263);
#17266 = EDGE_CURVE('',#17265,#17259,#17264,.T.);
#17267 = ORIENTED_EDGE('',*,*,#17266,.F.);
#17268 = VECTOR('',#361,1.);
#17269 = LINE('',#17263,#17268);
#17270 = CARTESIAN_POINT('',(15.010190296,-43.409809704,10.157));
#17271 = VERTEX_POINT('',#17270);
#17272 = EDGE_CURVE('',#17265,#17271,#17269,.T.);
#17273 = ORIENTED_EDGE('',*,*,#17272,.T.);
#17274 = VECTOR('',#354,1.);
#17275 = LINE('',#17270,#17274);
#17276 = CARTESIAN_POINT('',(15.24,-43.505,10.157));
#17277 = VERTEX_POINT('',#17276);
#17278 = EDGE_CURVE('',#17271,#17277,#17275,.T.);
#17279 = ORIENTED_EDGE('',*,*,#17278,.T.);
#17280 = VECTOR('',#346,1.);
#17281 = LINE('',#17276,#17280);
#17282 = CARTESIAN_POINT('',(15.469809704,-43.409809704,10.157));
#17283 = VERTEX_POINT('',#17282);
#17284 = EDGE_CURVE('',#17277,#17283,#17281,.T.);
#17285 = ORIENTED_EDGE('',*,*,#17284,.T.);
#17286 = VECTOR('',#368,1.);
#17287 = LINE('',#17282,#17286);
#17288 = EDGE_CURVE('',#17283,#17247,#17287,.T.);
#17289 = ORIENTED_EDGE('',*,*,#17288,.T.);
#17290 = EDGE_LOOP('',(#17249,#17255,#17261,#17267,#17273,#17279,#17285,#17289));
#17291 = FACE_OUTER_BOUND('',#17290,.T.);
#17292 = ADVANCED_FACE('',(#17291),#17242,.T.);
#17293 = AXIS2_PLACEMENT_3D('',#17229,#346,#20);
#17294 = PLANE('',#17293);
#17295 = ORIENTED_EDGE('',*,*,#17231,.F.);
#17296 = VECTOR('',#16,1.);
#17297 = LINE('',#17223,#17296);
#17298 = EDGE_CURVE('',#17224,#17246,#17297,.T.);
#17299 = ORIENTED_EDGE('',*,*,#17298,.T.);
#17300 = ORIENTED_EDGE('',*,*,#17248,.T.);
#17301 = VECTOR('',#16,1.);
#17302 = LINE('',#17229,#17301);
#17303 = EDGE_CURVE('',#17230,#17247,#17302,.T.);
#17304 = ORIENTED_EDGE('',*,*,#17303,.F.);
#17305 = EDGE_LOOP('',(#17295,#17299,#17300,#17304));
#17306 = FACE_OUTER_BOUND('',#17305,.T.);
#17307 = ADVANCED_FACE('',(#17306),#17294,.T.);
#17308 = AXIS2_PLACEMENT_3D('',#17223,#368,#16);
#17309 = PLANE('',#17308);
#17310 = ORIENTED_EDGE('',*,*,#17225,.F.);
#17311 = VECTOR('',#16,1.);
#17312 = LINE('',#17217,#17311);
#17313 = EDGE_CURVE('',#17218,#17253,#17312,.T.);
#17314 = ORIENTED_EDGE('',*,*,#17313,.T.);
#17315 = ORIENTED_EDGE('',*,*,#17254,.T.);
#17316 = ORIENTED_EDGE('',*,*,#17298,.F.);
#17317 = EDGE_LOOP('',(#17310,#17314,#17315,#17316));
#17318 = FACE_OUTER_BOUND('',#17317,.T.);
#17319 = ADVANCED_FACE('',(#17318),#17309,.T.);
#17320 = AXIS2_PLACEMENT_3D('',#17217,#480,#16);
#17321 = PLANE('',#17320);
#17322 = ORIENTED_EDGE('',*,*,#17219,.F.);
#17323 = VECTOR('',#16,1.);
#17324 = LINE('',#17211,#17323);
#17325 = EDGE_CURVE('',#17212,#17259,#17324,.T.);
#17326 = ORIENTED_EDGE('',*,*,#17325,.T.);
#17327 = ORIENTED_EDGE('',*,*,#17260,.T.);
#17328 = ORIENTED_EDGE('',*,*,#17313,.F.);
#17329 = EDGE_LOOP('',(#17322,#17326,#17327,#17328));
#17330 = FACE_OUTER_BOUND('',#17329,.T.);
#17331 = ADVANCED_FACE('',(#17330),#17321,.T.);
#17332 = AXIS2_PLACEMENT_3D('',#17211,#493,#16);
#17333 = PLANE('',#17332);
#17334 = ORIENTED_EDGE('',*,*,#17213,.F.);
#17335 = VECTOR('',#16,1.);
#17336 = LINE('',#17204,#17335);
#17337 = EDGE_CURVE('',#17206,#17265,#17336,.T.);
#17338 = ORIENTED_EDGE('',*,*,#17337,.T.);
#17339 = ORIENTED_EDGE('',*,*,#17266,.T.);
#17340 = ORIENTED_EDGE('',*,*,#17325,.F.);
#17341 = EDGE_LOOP('',(#17334,#17338,#17339,#17340));
#17342 = FACE_OUTER_BOUND('',#17341,.T.);
#17343 = ADVANCED_FACE('',(#17342),#17333,.T.);
#17344 = AXIS2_PLACEMENT_3D('',#17204,#506,#16);
#17345 = PLANE('',#17344);
#17346 = ORIENTED_EDGE('',*,*,#17207,.T.);
#17347 = VECTOR('',#16,1.);
#17348 = LINE('',#17198,#17347);
#17349 = EDGE_CURVE('',#17200,#17271,#17348,.T.);
#17350 = ORIENTED_EDGE('',*,*,#17349,.T.);
#17351 = ORIENTED_EDGE('',*,*,#17272,.F.);
#17352 = ORIENTED_EDGE('',*,*,#17337,.F.);
#17353 = EDGE_LOOP('',(#17346,#17350,#17351,#17352));
#17354 = FACE_OUTER_BOUND('',#17353,.T.);
#17355 = ADVANCED_FACE('',(#17354),#17345,.T.);
#17356 = AXIS2_PLACEMENT_3D('',#17198,#519,#20);
#17357 = PLANE('',#17356);
#17358 = ORIENTED_EDGE('',*,*,#17201,.T.);
#17359 = VECTOR('',#16,1.);
#17360 = LINE('',#17191,#17359);
#17361 = EDGE_CURVE('',#17193,#17277,#17360,.T.);
#17362 = ORIENTED_EDGE('',*,*,#17361,.T.);
#17363 = ORIENTED_EDGE('',*,*,#17278,.F.);
#17364 = ORIENTED_EDGE('',*,*,#17349,.F.);
#17365 = EDGE_LOOP('',(#17358,#17362,#17363,#17364));
#17366 = FACE_OUTER_BOUND('',#17365,.T.);
#17367 = ADVANCED_FACE('',(#17366),#17357,.T.);
#17368 = AXIS2_PLACEMENT_3D('',#17191,#361,#20);
#17369 = PLANE('',#17368);
#17370 = ORIENTED_EDGE('',*,*,#17195,.T.);
#17371 = VECTOR('',#16,1.);
#17372 = LINE('',#17187,#17371);
#17373 = EDGE_CURVE('',#17194,#17283,#17372,.T.);
#17374 = ORIENTED_EDGE('',*,*,#17373,.T.);
#17375 = ORIENTED_EDGE('',*,*,#17284,.F.);
#17376 = ORIENTED_EDGE('',*,*,#17361,.F.);
#17377 = EDGE_LOOP('',(#17370,#17374,#17375,#17376));
#17378 = FACE_OUTER_BOUND('',#17377,.T.);
#17379 = ADVANCED_FACE('',(#17378),#17369,.T.);
#17380 = AXIS2_PLACEMENT_3D('',#17187,#354,#20);
#17381 = PLANE('',#17380);
#17382 = ORIENTED_EDGE('',*,*,#17235,.T.);
#17383 = ORIENTED_EDGE('',*,*,#17303,.T.);
#17384 = ORIENTED_EDGE('',*,*,#17288,.F.);
#17385 = ORIENTED_EDGE('',*,*,#17373,.F.);
#17386 = EDGE_LOOP('',(#17382,#17383,#17384,#17385));
#17387 = FACE_OUTER_BOUND('',#17386,.T.);
#17388 = ADVANCED_FACE('',(#17387),#17381,.T.);
#17389 = CLOSED_SHELL('',(#17239,#17292,#17307,#17319,#17331,#17343,#17355,#17367,#17379,#17388));
#17390 = MANIFOLD_SOLID_BREP('lead',#17389);
#17391 = CARTESIAN_POINT('',(15.406170094,-45.886170094,0.007));
#17392 = AXIS2_PLACEMENT_3D('',#17391,#20,#21);
#17393 = PLANE('',#17392);
#17394 = VECTOR('',#134,1.);
#17395 = CARTESIAN_POINT('',(15.24,-45.955,0.007));
#17396 = LINE('',#17395,#17394);
#17397 = VERTEX_POINT('',#17395);
#17398 = VERTEX_POINT('',#17391);
#17399 = EDGE_CURVE('',#17397,#17398,#17396,.T.);
#17400 = ORIENTED_EDGE('',*,*,#17399,.F.);
#17401 = VECTOR('',#142,1.);
#17402 = CARTESIAN_POINT('',(15.073829906,-45.886170094,0.007));
#17403 = LINE('',#17402,#17401);
#17404 = VERTEX_POINT('',#17402);
#17405 = EDGE_CURVE('',#17404,#17397,#17403,.T.);
#17406 = ORIENTED_EDGE('',*,*,#17405,.F.);
#17407 = VECTOR('',#149,1.);
#17408 = CARTESIAN_POINT('',(15.005,-45.72,0.007));
#17409 = LINE('',#17408,#17407);
#17410 = VERTEX_POINT('',#17408);
#17411 = EDGE_CURVE('',#17410,#17404,#17409,.T.);
#17412 = ORIENTED_EDGE('',*,*,#17411,.F.);
#17413 = VECTOR('',#156,1.);
#17414 = LINE('',#17408,#17413);
#17415 = CARTESIAN_POINT('',(15.073829906,-45.553829906,0.007));
#17416 = VERTEX_POINT('',#17415);
#17417 = EDGE_CURVE('',#17410,#17416,#17414,.T.);
#17418 = ORIENTED_EDGE('',*,*,#17417,.T.);
#17419 = VECTOR('',#134,1.);
#17420 = LINE('',#17415,#17419);
#17421 = CARTESIAN_POINT('',(15.24,-45.485,0.007));
#17422 = VERTEX_POINT('',#17421);
#17423 = EDGE_CURVE('',#17416,#17422,#17420,.T.);
#17424 = ORIENTED_EDGE('',*,*,#17423,.T.);
#17425 = VECTOR('',#142,1.);
#17426 = LINE('',#17421,#17425);
#17427 = CARTESIAN_POINT('',(15.406170094,-45.553829906,0.007));
#17428 = VERTEX_POINT('',#17427);
#17429 = EDGE_CURVE('',#17422,#17428,#17426,.T.);
#17430 = ORIENTED_EDGE('',*,*,#17429,.T.);
#17431 = VECTOR('',#149,1.);
#17432 = LINE('',#17427,#17431);
#17433 = CARTESIAN_POINT('',(15.475,-45.72,0.007));
#17434 = VERTEX_POINT('',#17433);
#17435 = EDGE_CURVE('',#17428,#17434,#17432,.T.);
#17436 = ORIENTED_EDGE('',*,*,#17435,.T.);
#17437 = VECTOR('',#156,1.);
#17438 = LINE('',#17391,#17437);
#17439 = EDGE_CURVE('',#17398,#17434,#17438,.T.);
#17440 = ORIENTED_EDGE('',*,*,#17439,.F.);
#17441 = EDGE_LOOP('',(#17400,#17406,#17412,#17418,#17424,#17430,#17436,#17440));
#17442 = FACE_OUTER_BOUND('',#17441,.T.);
#17443 = ADVANCED_FACE('',(#17442),#17393,.T.);
#17444 = CARTESIAN_POINT('',(15.475,-45.72,4.007));
#17445 = AXIS2_PLACEMENT_3D('',#17444,#16,#51);
#17446 = PLANE('',#17445);
#17447 = VECTOR('',#149,1.);
#17448 = CARTESIAN_POINT('',(15.406170094,-45.553829906,4.007));
#17449 = LINE('',#17448,#17447);
#17450 = VERTEX_POINT('',#17448);
#17451 = VERTEX_POINT('',#17444);
#17452 = EDGE_CURVE('',#17450,#17451,#17449,.T.);
#17453 = ORIENTED_EDGE('',*,*,#17452,.F.);
#17454 = VECTOR('',#142,1.);
#17455 = CARTESIAN_POINT('',(15.24,-45.485,4.007));
#17456 = LINE('',#17455,#17454);
#17457 = VERTEX_POINT('',#17455);
#17458 = EDGE_CURVE('',#17457,#17450,#17456,.T.);
#17459 = ORIENTED_EDGE('',*,*,#17458,.F.);
#17460 = VECTOR('',#134,1.);
#17461 = CARTESIAN_POINT('',(15.073829906,-45.553829906,4.007));
#17462 = LINE('',#17461,#17460);
#17463 = VERTEX_POINT('',#17461);
#17464 = EDGE_CURVE('',#17463,#17457,#17462,.T.);
#17465 = ORIENTED_EDGE('',*,*,#17464,.F.);
#17466 = VECTOR('',#156,1.);
#17467 = CARTESIAN_POINT('',(15.005,-45.72,4.007));
#17468 = LINE('',#17467,#17466);
#17469 = VERTEX_POINT('',#17467);
#17470 = EDGE_CURVE('',#17469,#17463,#17468,.T.);
#17471 = ORIENTED_EDGE('',*,*,#17470,.F.);
#17472 = VECTOR('',#149,1.);
#17473 = LINE('',#17467,#17472);
#17474 = CARTESIAN_POINT('',(15.073829906,-45.886170094,4.007));
#17475 = VERTEX_POINT('',#17474);
#17476 = EDGE_CURVE('',#17469,#17475,#17473,.T.);
#17477 = ORIENTED_EDGE('',*,*,#17476,.T.);
#17478 = VECTOR('',#142,1.);
#17479 = LINE('',#17474,#17478);
#17480 = CARTESIAN_POINT('',(15.24,-45.955,4.007));
#17481 = VERTEX_POINT('',#17480);
#17482 = EDGE_CURVE('',#17475,#17481,#17479,.T.);
#17483 = ORIENTED_EDGE('',*,*,#17482,.T.);
#17484 = VECTOR('',#134,1.);
#17485 = LINE('',#17480,#17484);
#17486 = CARTESIAN_POINT('',(15.406170094,-45.886170094,4.007));
#17487 = VERTEX_POINT('',#17486);
#17488 = EDGE_CURVE('',#17481,#17487,#17485,.T.);
#17489 = ORIENTED_EDGE('',*,*,#17488,.T.);
#17490 = VECTOR('',#156,1.);
#17491 = LINE('',#17486,#17490);
#17492 = EDGE_CURVE('',#17487,#17451,#17491,.T.);
#17493 = ORIENTED_EDGE('',*,*,#17492,.T.);
#17494 = EDGE_LOOP('',(#17453,#17459,#17465,#17471,#17477,#17483,#17489,#17493));
#17495 = FACE_OUTER_BOUND('',#17494,.T.);
#17496 = ADVANCED_FACE('',(#17495),#17446,.T.);
#17497 = AXIS2_PLACEMENT_3D('',#17433,#134,#20);
#17498 = PLANE('',#17497);
#17499 = ORIENTED_EDGE('',*,*,#17435,.F.);
#17500 = VECTOR('',#16,1.);
#17501 = LINE('',#17427,#17500);
#17502 = EDGE_CURVE('',#17428,#17450,#17501,.T.);
#17503 = ORIENTED_EDGE('',*,*,#17502,.T.);
#17504 = ORIENTED_EDGE('',*,*,#17452,.T.);
#17505 = VECTOR('',#16,1.);
#17506 = LINE('',#17433,#17505);
#17507 = EDGE_CURVE('',#17434,#17451,#17506,.T.);
#17508 = ORIENTED_EDGE('',*,*,#17507,.F.);
#17509 = EDGE_LOOP('',(#17499,#17503,#17504,#17508));
#17510 = FACE_OUTER_BOUND('',#17509,.T.);
#17511 = ADVANCED_FACE('',(#17510),#17498,.T.);
#17512 = AXIS2_PLACEMENT_3D('',#17427,#156,#16);
#17513 = PLANE('',#17512);
#17514 = ORIENTED_EDGE('',*,*,#17429,.F.);
#17515 = VECTOR('',#16,1.);
#17516 = LINE('',#17421,#17515);
#17517 = EDGE_CURVE('',#17422,#17457,#17516,.T.);
#17518 = ORIENTED_EDGE('',*,*,#17517,.T.);
#17519 = ORIENTED_EDGE('',*,*,#17458,.T.);
#17520 = ORIENTED_EDGE('',*,*,#17502,.F.);
#17521 = EDGE_LOOP('',(#17514,#17518,#17519,#17520));
#17522 = FACE_OUTER_BOUND('',#17521,.T.);
#17523 = ADVANCED_FACE('',(#17522),#17513,.T.);
#17524 = AXIS2_PLACEMENT_3D('',#17421,#268,#16);
#17525 = PLANE('',#17524);
#17526 = ORIENTED_EDGE('',*,*,#17423,.F.);
#17527 = VECTOR('',#16,1.);
#17528 = LINE('',#17415,#17527);
#17529 = EDGE_CURVE('',#17416,#17463,#17528,.T.);
#17530 = ORIENTED_EDGE('',*,*,#17529,.T.);
#17531 = ORIENTED_EDGE('',*,*,#17464,.T.);
#17532 = ORIENTED_EDGE('',*,*,#17517,.F.);
#17533 = EDGE_LOOP('',(#17526,#17530,#17531,#17532));
#17534 = FACE_OUTER_BOUND('',#17533,.T.);
#17535 = ADVANCED_FACE('',(#17534),#17525,.T.);
#17536 = AXIS2_PLACEMENT_3D('',#17415,#281,#16);
#17537 = PLANE('',#17536);
#17538 = ORIENTED_EDGE('',*,*,#17417,.F.);
#17539 = VECTOR('',#16,1.);
#17540 = LINE('',#17408,#17539);
#17541 = EDGE_CURVE('',#17410,#17469,#17540,.T.);
#17542 = ORIENTED_EDGE('',*,*,#17541,.T.);
#17543 = ORIENTED_EDGE('',*,*,#17470,.T.);
#17544 = ORIENTED_EDGE('',*,*,#17529,.F.);
#17545 = EDGE_LOOP('',(#17538,#17542,#17543,#17544));
#17546 = FACE_OUTER_BOUND('',#17545,.T.);
#17547 = ADVANCED_FACE('',(#17546),#17537,.T.);
#17548 = AXIS2_PLACEMENT_3D('',#17408,#294,#16);
#17549 = PLANE('',#17548);
#17550 = ORIENTED_EDGE('',*,*,#17411,.T.);
#17551 = VECTOR('',#16,1.);
#17552 = LINE('',#17402,#17551);
#17553 = EDGE_CURVE('',#17404,#17475,#17552,.T.);
#17554 = ORIENTED_EDGE('',*,*,#17553,.T.);
#17555 = ORIENTED_EDGE('',*,*,#17476,.F.);
#17556 = ORIENTED_EDGE('',*,*,#17541,.F.);
#17557 = EDGE_LOOP('',(#17550,#17554,#17555,#17556));
#17558 = FACE_OUTER_BOUND('',#17557,.T.);
#17559 = ADVANCED_FACE('',(#17558),#17549,.T.);
#17560 = AXIS2_PLACEMENT_3D('',#17402,#307,#20);
#17561 = PLANE('',#17560);
#17562 = ORIENTED_EDGE('',*,*,#17405,.T.);
#17563 = VECTOR('',#16,1.);
#17564 = LINE('',#17395,#17563);
#17565 = EDGE_CURVE('',#17397,#17481,#17564,.T.);
#17566 = ORIENTED_EDGE('',*,*,#17565,.T.);
#17567 = ORIENTED_EDGE('',*,*,#17482,.F.);
#17568 = ORIENTED_EDGE('',*,*,#17553,.F.);
#17569 = EDGE_LOOP('',(#17562,#17566,#17567,#17568));
#17570 = FACE_OUTER_BOUND('',#17569,.T.);
#17571 = ADVANCED_FACE('',(#17570),#17561,.T.);
#17572 = AXIS2_PLACEMENT_3D('',#17395,#149,#20);
#17573 = PLANE('',#17572);
#17574 = ORIENTED_EDGE('',*,*,#17399,.T.);
#17575 = VECTOR('',#16,1.);
#17576 = LINE('',#17391,#17575);
#17577 = EDGE_CURVE('',#17398,#17487,#17576,.T.);
#17578 = ORIENTED_EDGE('',*,*,#17577,.T.);
#17579 = ORIENTED_EDGE('',*,*,#17488,.F.);
#17580 = ORIENTED_EDGE('',*,*,#17565,.F.);
#17581 = EDGE_LOOP('',(#17574,#17578,#17579,#17580));
#17582 = FACE_OUTER_BOUND('',#17581,.T.);
#17583 = ADVANCED_FACE('',(#17582),#17573,.T.);
#17584 = AXIS2_PLACEMENT_3D('',#17391,#142,#20);
#17585 = PLANE('',#17584);
#17586 = ORIENTED_EDGE('',*,*,#17439,.T.);
#17587 = ORIENTED_EDGE('',*,*,#17507,.T.);
#17588 = ORIENTED_EDGE('',*,*,#17492,.F.);
#17589 = ORIENTED_EDGE('',*,*,#17577,.F.);
#17590 = EDGE_LOOP('',(#17586,#17587,#17588,#17589));
#17591 = FACE_OUTER_BOUND('',#17590,.T.);
#17592 = ADVANCED_FACE('',(#17591),#17585,.T.);
#17593 = CLOSED_SHELL('',(#17443,#17496,#17511,#17523,#17535,#17547,#17559,#17571,#17583,#17592));
#17594 = MANIFOLD_SOLID_BREP('contact',#17593);
#17595 = CARTESIAN_POINT('',(15.469809704,-45.949809704,8.057));
#17596 = AXIS2_PLACEMENT_3D('',#17595,#20,#21);
#17597 = PLANE('',#17596);
#17598 = VECTOR('',#346,1.);
#17599 = CARTESIAN_POINT('',(15.24,-46.045,8.057));
#17600 = LINE('',#17599,#17598);
#17601 = VERTEX_POINT('',#17599);
#17602 = VERTEX_POINT('',#17595);
#17603 = EDGE_CURVE('',#17601,#17602,#17600,.T.);
#17604 = ORIENTED_EDGE('',*,*,#17603,.F.);
#17605 = VECTOR('',#354,1.);
#17606 = CARTESIAN_POINT('',(15.010190296,-45.949809704,8.057));
#17607 = LINE('',#17606,#17605);
#17608 = VERTEX_POINT('',#17606);
#17609 = EDGE_CURVE('',#17608,#17601,#17607,.T.);
#17610 = ORIENTED_EDGE('',*,*,#17609,.F.);
#17611 = VECTOR('',#361,1.);
#17612 = CARTESIAN_POINT('',(14.915,-45.72,8.057));
#17613 = LINE('',#17612,#17611);
#17614 = VERTEX_POINT('',#17612);
#17615 = EDGE_CURVE('',#17614,#17608,#17613,.T.);
#17616 = ORIENTED_EDGE('',*,*,#17615,.F.);
#17617 = VECTOR('',#368,1.);
#17618 = LINE('',#17612,#17617);
#17619 = CARTESIAN_POINT('',(15.010190296,-45.490190296,8.057));
#17620 = VERTEX_POINT('',#17619);
#17621 = EDGE_CURVE('',#17614,#17620,#17618,.T.);
#17622 = ORIENTED_EDGE('',*,*,#17621,.T.);
#17623 = VECTOR('',#346,1.);
#17624 = LINE('',#17619,#17623);
#17625 = CARTESIAN_POINT('',(15.24,-45.395,8.057));
#17626 = VERTEX_POINT('',#17625);
#17627 = EDGE_CURVE('',#17620,#17626,#17624,.T.);
#17628 = ORIENTED_EDGE('',*,*,#17627,.T.);
#17629 = VECTOR('',#354,1.);
#17630 = LINE('',#17625,#17629);
#17631 = CARTESIAN_POINT('',(15.469809704,-45.490190296,8.057));
#17632 = VERTEX_POINT('',#17631);
#17633 = EDGE_CURVE('',#17626,#17632,#17630,.T.);
#17634 = ORIENTED_EDGE('',*,*,#17633,.T.);
#17635 = VECTOR('',#361,1.);
#17636 = LINE('',#17631,#17635);
#17637 = CARTESIAN_POINT('',(15.565,-45.72,8.057));
#17638 = VERTEX_POINT('',#17637);
#17639 = EDGE_CURVE('',#17632,#17638,#17636,.T.);
#17640 = ORIENTED_EDGE('',*,*,#17639,.T.);
#17641 = VECTOR('',#368,1.);
#17642 = LINE('',#17595,#17641);
#17643 = EDGE_CURVE('',#17602,#17638,#17642,.T.);
#17644 = ORIENTED_EDGE('',*,*,#17643,.F.);
#17645 = EDGE_LOOP('',(#17604,#17610,#17616,#17622,#17628,#17634,#17640,#17644));
#17646 = FACE_OUTER_BOUND('',#17645,.T.);
#17647 = ADVANCED_FACE('',(#17646),#17597,.T.);
#17648 = CARTESIAN_POINT('',(15.565,-45.72,10.157));
#17649 = AXIS2_PLACEMENT_3D('',#17648,#16,#51);
#17650 = PLANE('',#17649);
#17651 = VECTOR('',#361,1.);
#17652 = CARTESIAN_POINT('',(15.469809704,-45.490190296,10.157));
#17653 = LINE('',#17652,#17651);
#17654 = VERTEX_POINT('',#17652);
#17655 = VERTEX_POINT('',#17648);
#17656 = EDGE_CURVE('',#17654,#17655,#17653,.T.);
#17657 = ORIENTED_EDGE('',*,*,#17656,.F.);
#17658 = VECTOR('',#354,1.);
#17659 = CARTESIAN_POINT('',(15.24,-45.395,10.157));
#17660 = LINE('',#17659,#17658);
#17661 = VERTEX_POINT('',#17659);
#17662 = EDGE_CURVE('',#17661,#17654,#17660,.T.);
#17663 = ORIENTED_EDGE('',*,*,#17662,.F.);
#17664 = VECTOR('',#346,1.);
#17665 = CARTESIAN_POINT('',(15.010190296,-45.490190296,10.157));
#17666 = LINE('',#17665,#17664);
#17667 = VERTEX_POINT('',#17665);
#17668 = EDGE_CURVE('',#17667,#17661,#17666,.T.);
#17669 = ORIENTED_EDGE('',*,*,#17668,.F.);
#17670 = VECTOR('',#368,1.);
#17671 = CARTESIAN_POINT('',(14.915,-45.72,10.157));
#17672 = LINE('',#17671,#17670);
#17673 = VERTEX_POINT('',#17671);
#17674 = EDGE_CURVE('',#17673,#17667,#17672,.T.);
#17675 = ORIENTED_EDGE('',*,*,#17674,.F.);
#17676 = VECTOR('',#361,1.);
#17677 = LINE('',#17671,#17676);
#17678 = CARTESIAN_POINT('',(15.010190296,-45.949809704,10.157));
#17679 = VERTEX_POINT('',#17678);
#17680 = EDGE_CURVE('',#17673,#17679,#17677,.T.);
#17681 = ORIENTED_EDGE('',*,*,#17680,.T.);
#17682 = VECTOR('',#354,1.);
#17683 = LINE('',#17678,#17682);
#17684 = CARTESIAN_POINT('',(15.24,-46.045,10.157));
#17685 = VERTEX_POINT('',#17684);
#17686 = EDGE_CURVE('',#17679,#17685,#17683,.T.);
#17687 = ORIENTED_EDGE('',*,*,#17686,.T.);
#17688 = VECTOR('',#346,1.);
#17689 = LINE('',#17684,#17688);
#17690 = CARTESIAN_POINT('',(15.469809704,-45.949809704,10.157));
#17691 = VERTEX_POINT('',#17690);
#17692 = EDGE_CURVE('',#17685,#17691,#17689,.T.);
#17693 = ORIENTED_EDGE('',*,*,#17692,.T.);
#17694 = VECTOR('',#368,1.);
#17695 = LINE('',#17690,#17694);
#17696 = EDGE_CURVE('',#17691,#17655,#17695,.T.);
#17697 = ORIENTED_EDGE('',*,*,#17696,.T.);
#17698 = EDGE_LOOP('',(#17657,#17663,#17669,#17675,#17681,#17687,#17693,#17697));
#17699 = FACE_OUTER_BOUND('',#17698,.T.);
#17700 = ADVANCED_FACE('',(#17699),#17650,.T.);
#17701 = AXIS2_PLACEMENT_3D('',#17637,#346,#20);
#17702 = PLANE('',#17701);
#17703 = ORIENTED_EDGE('',*,*,#17639,.F.);
#17704 = VECTOR('',#16,1.);
#17705 = LINE('',#17631,#17704);
#17706 = EDGE_CURVE('',#17632,#17654,#17705,.T.);
#17707 = ORIENTED_EDGE('',*,*,#17706,.T.);
#17708 = ORIENTED_EDGE('',*,*,#17656,.T.);
#17709 = VECTOR('',#16,1.);
#17710 = LINE('',#17637,#17709);
#17711 = EDGE_CURVE('',#17638,#17655,#17710,.T.);
#17712 = ORIENTED_EDGE('',*,*,#17711,.F.);
#17713 = EDGE_LOOP('',(#17703,#17707,#17708,#17712));
#17714 = FACE_OUTER_BOUND('',#17713,.T.);
#17715 = ADVANCED_FACE('',(#17714),#17702,.T.);
#17716 = AXIS2_PLACEMENT_3D('',#17631,#368,#16);
#17717 = PLANE('',#17716);
#17718 = ORIENTED_EDGE('',*,*,#17633,.F.);
#17719 = VECTOR('',#16,1.);
#17720 = LINE('',#17625,#17719);
#17721 = EDGE_CURVE('',#17626,#17661,#17720,.T.);
#17722 = ORIENTED_EDGE('',*,*,#17721,.T.);
#17723 = ORIENTED_EDGE('',*,*,#17662,.T.);
#17724 = ORIENTED_EDGE('',*,*,#17706,.F.);
#17725 = EDGE_LOOP('',(#17718,#17722,#17723,#17724));
#17726 = FACE_OUTER_BOUND('',#17725,.T.);
#17727 = ADVANCED_FACE('',(#17726),#17717,.T.);
#17728 = AXIS2_PLACEMENT_3D('',#17625,#480,#16);
#17729 = PLANE('',#17728);
#17730 = ORIENTED_EDGE('',*,*,#17627,.F.);
#17731 = VECTOR('',#16,1.);
#17732 = LINE('',#17619,#17731);
#17733 = EDGE_CURVE('',#17620,#17667,#17732,.T.);
#17734 = ORIENTED_EDGE('',*,*,#17733,.T.);
#17735 = ORIENTED_EDGE('',*,*,#17668,.T.);
#17736 = ORIENTED_EDGE('',*,*,#17721,.F.);
#17737 = EDGE_LOOP('',(#17730,#17734,#17735,#17736));
#17738 = FACE_OUTER_BOUND('',#17737,.T.);
#17739 = ADVANCED_FACE('',(#17738),#17729,.T.);
#17740 = AXIS2_PLACEMENT_3D('',#17619,#493,#16);
#17741 = PLANE('',#17740);
#17742 = ORIENTED_EDGE('',*,*,#17621,.F.);
#17743 = VECTOR('',#16,1.);
#17744 = LINE('',#17612,#17743);
#17745 = EDGE_CURVE('',#17614,#17673,#17744,.T.);
#17746 = ORIENTED_EDGE('',*,*,#17745,.T.);
#17747 = ORIENTED_EDGE('',*,*,#17674,.T.);
#17748 = ORIENTED_EDGE('',*,*,#17733,.F.);
#17749 = EDGE_LOOP('',(#17742,#17746,#17747,#17748));
#17750 = FACE_OUTER_BOUND('',#17749,.T.);
#17751 = ADVANCED_FACE('',(#17750),#17741,.T.);
#17752 = AXIS2_PLACEMENT_3D('',#17612,#506,#16);
#17753 = PLANE('',#17752);
#17754 = ORIENTED_EDGE('',*,*,#17615,.T.);
#17755 = VECTOR('',#16,1.);
#17756 = LINE('',#17606,#17755);
#17757 = EDGE_CURVE('',#17608,#17679,#17756,.T.);
#17758 = ORIENTED_EDGE('',*,*,#17757,.T.);
#17759 = ORIENTED_EDGE('',*,*,#17680,.F.);
#17760 = ORIENTED_EDGE('',*,*,#17745,.F.);
#17761 = EDGE_LOOP('',(#17754,#17758,#17759,#17760));
#17762 = FACE_OUTER_BOUND('',#17761,.T.);
#17763 = ADVANCED_FACE('',(#17762),#17753,.T.);
#17764 = AXIS2_PLACEMENT_3D('',#17606,#519,#20);
#17765 = PLANE('',#17764);
#17766 = ORIENTED_EDGE('',*,*,#17609,.T.);
#17767 = VECTOR('',#16,1.);
#17768 = LINE('',#17599,#17767);
#17769 = EDGE_CURVE('',#17601,#17685,#17768,.T.);
#17770 = ORIENTED_EDGE('',*,*,#17769,.T.);
#17771 = ORIENTED_EDGE('',*,*,#17686,.F.);
#17772 = ORIENTED_EDGE('',*,*,#17757,.F.);
#17773 = EDGE_LOOP('',(#17766,#17770,#17771,#17772));
#17774 = FACE_OUTER_BOUND('',#17773,.T.);
#17775 = ADVANCED_FACE('',(#17774),#17765,.T.);
#17776 = AXIS2_PLACEMENT_3D('',#17599,#361,#20);
#17777 = PLANE('',#17776);
#17778 = ORIENTED_EDGE('',*,*,#17603,.T.);
#17779 = VECTOR('',#16,1.);
#17780 = LINE('',#17595,#17779);
#17781 = EDGE_CURVE('',#17602,#17691,#17780,.T.);
#17782 = ORIENTED_EDGE('',*,*,#17781,.T.);
#17783 = ORIENTED_EDGE('',*,*,#17692,.F.);
#17784 = ORIENTED_EDGE('',*,*,#17769,.F.);
#17785 = EDGE_LOOP('',(#17778,#17782,#17783,#17784));
#17786 = FACE_OUTER_BOUND('',#17785,.T.);
#17787 = ADVANCED_FACE('',(#17786),#17777,.T.);
#17788 = AXIS2_PLACEMENT_3D('',#17595,#354,#20);
#17789 = PLANE('',#17788);
#17790 = ORIENTED_EDGE('',*,*,#17643,.T.);
#17791 = ORIENTED_EDGE('',*,*,#17711,.T.);
#17792 = ORIENTED_EDGE('',*,*,#17696,.F.);
#17793 = ORIENTED_EDGE('',*,*,#17781,.F.);
#17794 = EDGE_LOOP('',(#17790,#17791,#17792,#17793));
#17795 = FACE_OUTER_BOUND('',#17794,.T.);
#17796 = ADVANCED_FACE('',(#17795),#17789,.T.);
#17797 = CLOSED_SHELL('',(#17647,#17700,#17715,#17727,#17739,#17751,#17763,#17775,#17787,#17796));
#17798 = MANIFOLD_SOLID_BREP('lead',#17797);
#17799 = CARTESIAN_POINT('',(15.406170094,-48.426170094,0.007));
#17800 = AXIS2_PLACEMENT_3D('',#17799,#20,#21);
#17801 = PLANE('',#17800);
#17802 = VECTOR('',#134,1.);
#17803 = CARTESIAN_POINT('',(15.24,-48.495,0.007));
#17804 = LINE('',#17803,#17802);
#17805 = VERTEX_POINT('',#17803);
#17806 = VERTEX_POINT('',#17799);
#17807 = EDGE_CURVE('',#17805,#17806,#17804,.T.);
#17808 = ORIENTED_EDGE('',*,*,#17807,.F.);
#17809 = VECTOR('',#142,1.);
#17810 = CARTESIAN_POINT('',(15.073829906,-48.426170094,0.007));
#17811 = LINE('',#17810,#17809);
#17812 = VERTEX_POINT('',#17810);
#17813 = EDGE_CURVE('',#17812,#17805,#17811,.T.);
#17814 = ORIENTED_EDGE('',*,*,#17813,.F.);
#17815 = VECTOR('',#149,1.);
#17816 = CARTESIAN_POINT('',(15.005,-48.26,0.007));
#17817 = LINE('',#17816,#17815);
#17818 = VERTEX_POINT('',#17816);
#17819 = EDGE_CURVE('',#17818,#17812,#17817,.T.);
#17820 = ORIENTED_EDGE('',*,*,#17819,.F.);
#17821 = VECTOR('',#156,1.);
#17822 = LINE('',#17816,#17821);
#17823 = CARTESIAN_POINT('',(15.073829906,-48.093829906,0.007));
#17824 = VERTEX_POINT('',#17823);
#17825 = EDGE_CURVE('',#17818,#17824,#17822,.T.);
#17826 = ORIENTED_EDGE('',*,*,#17825,.T.);
#17827 = VECTOR('',#134,1.);
#17828 = LINE('',#17823,#17827);
#17829 = CARTESIAN_POINT('',(15.24,-48.025,0.007));
#17830 = VERTEX_POINT('',#17829);
#17831 = EDGE_CURVE('',#17824,#17830,#17828,.T.);
#17832 = ORIENTED_EDGE('',*,*,#17831,.T.);
#17833 = VECTOR('',#142,1.);
#17834 = LINE('',#17829,#17833);
#17835 = CARTESIAN_POINT('',(15.406170094,-48.093829906,0.007));
#17836 = VERTEX_POINT('',#17835);
#17837 = EDGE_CURVE('',#17830,#17836,#17834,.T.);
#17838 = ORIENTED_EDGE('',*,*,#17837,.T.);
#17839 = VECTOR('',#149,1.);
#17840 = LINE('',#17835,#17839);
#17841 = CARTESIAN_POINT('',(15.475,-48.26,0.007));
#17842 = VERTEX_POINT('',#17841);
#17843 = EDGE_CURVE('',#17836,#17842,#17840,.T.);
#17844 = ORIENTED_EDGE('',*,*,#17843,.T.);
#17845 = VECTOR('',#156,1.);
#17846 = LINE('',#17799,#17845);
#17847 = EDGE_CURVE('',#17806,#17842,#17846,.T.);
#17848 = ORIENTED_EDGE('',*,*,#17847,.F.);
#17849 = EDGE_LOOP('',(#17808,#17814,#17820,#17826,#17832,#17838,#17844,#17848));
#17850 = FACE_OUTER_BOUND('',#17849,.T.);
#17851 = ADVANCED_FACE('',(#17850),#17801,.T.);
#17852 = CARTESIAN_POINT('',(15.475,-48.26,4.007));
#17853 = AXIS2_PLACEMENT_3D('',#17852,#16,#51);
#17854 = PLANE('',#17853);
#17855 = VECTOR('',#149,1.);
#17856 = CARTESIAN_POINT('',(15.406170094,-48.093829906,4.007));
#17857 = LINE('',#17856,#17855);
#17858 = VERTEX_POINT('',#17856);
#17859 = VERTEX_POINT('',#17852);
#17860 = EDGE_CURVE('',#17858,#17859,#17857,.T.);
#17861 = ORIENTED_EDGE('',*,*,#17860,.F.);
#17862 = VECTOR('',#142,1.);
#17863 = CARTESIAN_POINT('',(15.24,-48.025,4.007));
#17864 = LINE('',#17863,#17862);
#17865 = VERTEX_POINT('',#17863);
#17866 = EDGE_CURVE('',#17865,#17858,#17864,.T.);
#17867 = ORIENTED_EDGE('',*,*,#17866,.F.);
#17868 = VECTOR('',#134,1.);
#17869 = CARTESIAN_POINT('',(15.073829906,-48.093829906,4.007));
#17870 = LINE('',#17869,#17868);
#17871 = VERTEX_POINT('',#17869);
#17872 = EDGE_CURVE('',#17871,#17865,#17870,.T.);
#17873 = ORIENTED_EDGE('',*,*,#17872,.F.);
#17874 = VECTOR('',#156,1.);
#17875 = CARTESIAN_POINT('',(15.005,-48.26,4.007));
#17876 = LINE('',#17875,#17874);
#17877 = VERTEX_POINT('',#17875);
#17878 = EDGE_CURVE('',#17877,#17871,#17876,.T.);
#17879 = ORIENTED_EDGE('',*,*,#17878,.F.);
#17880 = VECTOR('',#149,1.);
#17881 = LINE('',#17875,#17880);
#17882 = CARTESIAN_POINT('',(15.073829906,-48.426170094,4.007));
#17883 = VERTEX_POINT('',#17882);
#17884 = EDGE_CURVE('',#17877,#17883,#17881,.T.);
#17885 = ORIENTED_EDGE('',*,*,#17884,.T.);
#17886 = VECTOR('',#142,1.);
#17887 = LINE('',#17882,#17886);
#17888 = CARTESIAN_POINT('',(15.24,-48.495,4.007));
#17889 = VERTEX_POINT('',#17888);
#17890 = EDGE_CURVE('',#17883,#17889,#17887,.T.);
#17891 = ORIENTED_EDGE('',*,*,#17890,.T.);
#17892 = VECTOR('',#134,1.);
#17893 = LINE('',#17888,#17892);
#17894 = CARTESIAN_POINT('',(15.406170094,-48.426170094,4.007));
#17895 = VERTEX_POINT('',#17894);
#17896 = EDGE_CURVE('',#17889,#17895,#17893,.T.);
#17897 = ORIENTED_EDGE('',*,*,#17896,.T.);
#17898 = VECTOR('',#156,1.);
#17899 = LINE('',#17894,#17898);
#17900 = EDGE_CURVE('',#17895,#17859,#17899,.T.);
#17901 = ORIENTED_EDGE('',*,*,#17900,.T.);
#17902 = EDGE_LOOP('',(#17861,#17867,#17873,#17879,#17885,#17891,#17897,#17901));
#17903 = FACE_OUTER_BOUND('',#17902,.T.);
#17904 = ADVANCED_FACE('',(#17903),#17854,.T.);
#17905 = AXIS2_PLACEMENT_3D('',#17841,#134,#20);
#17906 = PLANE('',#17905);
#17907 = ORIENTED_EDGE('',*,*,#17843,.F.);
#17908 = VECTOR('',#16,1.);
#17909 = LINE('',#17835,#17908);
#17910 = EDGE_CURVE('',#17836,#17858,#17909,.T.);
#17911 = ORIENTED_EDGE('',*,*,#17910,.T.);
#17912 = ORIENTED_EDGE('',*,*,#17860,.T.);
#17913 = VECTOR('',#16,1.);
#17914 = LINE('',#17841,#17913);
#17915 = EDGE_CURVE('',#17842,#17859,#17914,.T.);
#17916 = ORIENTED_EDGE('',*,*,#17915,.F.);
#17917 = EDGE_LOOP('',(#17907,#17911,#17912,#17916));
#17918 = FACE_OUTER_BOUND('',#17917,.T.);
#17919 = ADVANCED_FACE('',(#17918),#17906,.T.);
#17920 = AXIS2_PLACEMENT_3D('',#17835,#156,#16);
#17921 = PLANE('',#17920);
#17922 = ORIENTED_EDGE('',*,*,#17837,.F.);
#17923 = VECTOR('',#16,1.);
#17924 = LINE('',#17829,#17923);
#17925 = EDGE_CURVE('',#17830,#17865,#17924,.T.);
#17926 = ORIENTED_EDGE('',*,*,#17925,.T.);
#17927 = ORIENTED_EDGE('',*,*,#17866,.T.);
#17928 = ORIENTED_EDGE('',*,*,#17910,.F.);
#17929 = EDGE_LOOP('',(#17922,#17926,#17927,#17928));
#17930 = FACE_OUTER_BOUND('',#17929,.T.);
#17931 = ADVANCED_FACE('',(#17930),#17921,.T.);
#17932 = AXIS2_PLACEMENT_3D('',#17829,#268,#16);
#17933 = PLANE('',#17932);
#17934 = ORIENTED_EDGE('',*,*,#17831,.F.);
#17935 = VECTOR('',#16,1.);
#17936 = LINE('',#17823,#17935);
#17937 = EDGE_CURVE('',#17824,#17871,#17936,.T.);
#17938 = ORIENTED_EDGE('',*,*,#17937,.T.);
#17939 = ORIENTED_EDGE('',*,*,#17872,.T.);
#17940 = ORIENTED_EDGE('',*,*,#17925,.F.);
#17941 = EDGE_LOOP('',(#17934,#17938,#17939,#17940));
#17942 = FACE_OUTER_BOUND('',#17941,.T.);
#17943 = ADVANCED_FACE('',(#17942),#17933,.T.);
#17944 = AXIS2_PLACEMENT_3D('',#17823,#281,#16);
#17945 = PLANE('',#17944);
#17946 = ORIENTED_EDGE('',*,*,#17825,.F.);
#17947 = VECTOR('',#16,1.);
#17948 = LINE('',#17816,#17947);
#17949 = EDGE_CURVE('',#17818,#17877,#17948,.T.);
#17950 = ORIENTED_EDGE('',*,*,#17949,.T.);
#17951 = ORIENTED_EDGE('',*,*,#17878,.T.);
#17952 = ORIENTED_EDGE('',*,*,#17937,.F.);
#17953 = EDGE_LOOP('',(#17946,#17950,#17951,#17952));
#17954 = FACE_OUTER_BOUND('',#17953,.T.);
#17955 = ADVANCED_FACE('',(#17954),#17945,.T.);
#17956 = AXIS2_PLACEMENT_3D('',#17816,#294,#16);
#17957 = PLANE('',#17956);
#17958 = ORIENTED_EDGE('',*,*,#17819,.T.);
#17959 = VECTOR('',#16,1.);
#17960 = LINE('',#17810,#17959);
#17961 = EDGE_CURVE('',#17812,#17883,#17960,.T.);
#17962 = ORIENTED_EDGE('',*,*,#17961,.T.);
#17963 = ORIENTED_EDGE('',*,*,#17884,.F.);
#17964 = ORIENTED_EDGE('',*,*,#17949,.F.);
#17965 = EDGE_LOOP('',(#17958,#17962,#17963,#17964));
#17966 = FACE_OUTER_BOUND('',#17965,.T.);
#17967 = ADVANCED_FACE('',(#17966),#17957,.T.);
#17968 = AXIS2_PLACEMENT_3D('',#17810,#307,#20);
#17969 = PLANE('',#17968);
#17970 = ORIENTED_EDGE('',*,*,#17813,.T.);
#17971 = VECTOR('',#16,1.);
#17972 = LINE('',#17803,#17971);
#17973 = EDGE_CURVE('',#17805,#17889,#17972,.T.);
#17974 = ORIENTED_EDGE('',*,*,#17973,.T.);
#17975 = ORIENTED_EDGE('',*,*,#17890,.F.);
#17976 = ORIENTED_EDGE('',*,*,#17961,.F.);
#17977 = EDGE_LOOP('',(#17970,#17974,#17975,#17976));
#17978 = FACE_OUTER_BOUND('',#17977,.T.);
#17979 = ADVANCED_FACE('',(#17978),#17969,.T.);
#17980 = AXIS2_PLACEMENT_3D('',#17803,#149,#20);
#17981 = PLANE('',#17980);
#17982 = ORIENTED_EDGE('',*,*,#17807,.T.);
#17983 = VECTOR('',#16,1.);
#17984 = LINE('',#17799,#17983);
#17985 = EDGE_CURVE('',#17806,#17895,#17984,.T.);
#17986 = ORIENTED_EDGE('',*,*,#17985,.T.);
#17987 = ORIENTED_EDGE('',*,*,#17896,.F.);
#17988 = ORIENTED_EDGE('',*,*,#17973,.F.);
#17989 = EDGE_LOOP('',(#17982,#17986,#17987,#17988));
#17990 = FACE_OUTER_BOUND('',#17989,.T.);
#17991 = ADVANCED_FACE('',(#17990),#17981,.T.);
#17992 = AXIS2_PLACEMENT_3D('',#17799,#142,#20);
#17993 = PLANE('',#17992);
#17994 = ORIENTED_EDGE('',*,*,#17847,.T.);
#17995 = ORIENTED_EDGE('',*,*,#17915,.T.);
#17996 = ORIENTED_EDGE('',*,*,#17900,.F.);
#17997 = ORIENTED_EDGE('',*,*,#17985,.F.);
#17998 = EDGE_LOOP('',(#17994,#17995,#17996,#17997));
#17999 = FACE_OUTER_BOUND('',#17998,.T.);
#18000 = ADVANCED_FACE('',(#17999),#17993,.T.);
#18001 = CLOSED_SHELL('',(#17851,#17904,#17919,#17931,#17943,#17955,#17967,#17979,#17991,#18000));
#18002 = MANIFOLD_SOLID_BREP('contact',#18001);
#18003 = CARTESIAN_POINT('',(15.469809704,-48.489809704,8.057));
#18004 = AXIS2_PLACEMENT_3D('',#18003,#20,#21);
#18005 = PLANE('',#18004);
#18006 = VECTOR('',#346,1.);
#18007 = CARTESIAN_POINT('',(15.24,-48.585,8.057));
#18008 = LINE('',#18007,#18006);
#18009 = VERTEX_POINT('',#18007);
#18010 = VERTEX_POINT('',#18003);
#18011 = EDGE_CURVE('',#18009,#18010,#18008,.T.);
#18012 = ORIENTED_EDGE('',*,*,#18011,.F.);
#18013 = VECTOR('',#354,1.);
#18014 = CARTESIAN_POINT('',(15.010190296,-48.489809704,8.057));
#18015 = LINE('',#18014,#18013);
#18016 = VERTEX_POINT('',#18014);
#18017 = EDGE_CURVE('',#18016,#18009,#18015,.T.);
#18018 = ORIENTED_EDGE('',*,*,#18017,.F.);
#18019 = VECTOR('',#361,1.);
#18020 = CARTESIAN_POINT('',(14.915,-48.26,8.057));
#18021 = LINE('',#18020,#18019);
#18022 = VERTEX_POINT('',#18020);
#18023 = EDGE_CURVE('',#18022,#18016,#18021,.T.);
#18024 = ORIENTED_EDGE('',*,*,#18023,.F.);
#18025 = VECTOR('',#368,1.);
#18026 = LINE('',#18020,#18025);
#18027 = CARTESIAN_POINT('',(15.010190296,-48.030190296,8.057));
#18028 = VERTEX_POINT('',#18027);
#18029 = EDGE_CURVE('',#18022,#18028,#18026,.T.);
#18030 = ORIENTED_EDGE('',*,*,#18029,.T.);
#18031 = VECTOR('',#346,1.);
#18032 = LINE('',#18027,#18031);
#18033 = CARTESIAN_POINT('',(15.24,-47.935,8.057));
#18034 = VERTEX_POINT('',#18033);
#18035 = EDGE_CURVE('',#18028,#18034,#18032,.T.);
#18036 = ORIENTED_EDGE('',*,*,#18035,.T.);
#18037 = VECTOR('',#354,1.);
#18038 = LINE('',#18033,#18037);
#18039 = CARTESIAN_POINT('',(15.469809704,-48.030190296,8.057));
#18040 = VERTEX_POINT('',#18039);
#18041 = EDGE_CURVE('',#18034,#18040,#18038,.T.);
#18042 = ORIENTED_EDGE('',*,*,#18041,.T.);
#18043 = VECTOR('',#361,1.);
#18044 = LINE('',#18039,#18043);
#18045 = CARTESIAN_POINT('',(15.565,-48.26,8.057));
#18046 = VERTEX_POINT('',#18045);
#18047 = EDGE_CURVE('',#18040,#18046,#18044,.T.);
#18048 = ORIENTED_EDGE('',*,*,#18047,.T.);
#18049 = VECTOR('',#368,1.);
#18050 = LINE('',#18003,#18049);
#18051 = EDGE_CURVE('',#18010,#18046,#18050,.T.);
#18052 = ORIENTED_EDGE('',*,*,#18051,.F.);
#18053 = EDGE_LOOP('',(#18012,#18018,#18024,#18030,#18036,#18042,#18048,#18052));
#18054 = FACE_OUTER_BOUND('',#18053,.T.);
#18055 = ADVANCED_FACE('',(#18054),#18005,.T.);
#18056 = CARTESIAN_POINT('',(15.565,-48.26,10.157));
#18057 = AXIS2_PLACEMENT_3D('',#18056,#16,#51);
#18058 = PLANE('',#18057);
#18059 = VECTOR('',#361,1.);
#18060 = CARTESIAN_POINT('',(15.469809704,-48.030190296,10.157));
#18061 = LINE('',#18060,#18059);
#18062 = VERTEX_POINT('',#18060);
#18063 = VERTEX_POINT('',#18056);
#18064 = EDGE_CURVE('',#18062,#18063,#18061,.T.);
#18065 = ORIENTED_EDGE('',*,*,#18064,.F.);
#18066 = VECTOR('',#354,1.);
#18067 = CARTESIAN_POINT('',(15.24,-47.935,10.157));
#18068 = LINE('',#18067,#18066);
#18069 = VERTEX_POINT('',#18067);
#18070 = EDGE_CURVE('',#18069,#18062,#18068,.T.);
#18071 = ORIENTED_EDGE('',*,*,#18070,.F.);
#18072 = VECTOR('',#346,1.);
#18073 = CARTESIAN_POINT('',(15.010190296,-48.030190296,10.157));
#18074 = LINE('',#18073,#18072);
#18075 = VERTEX_POINT('',#18073);
#18076 = EDGE_CURVE('',#18075,#18069,#18074,.T.);
#18077 = ORIENTED_EDGE('',*,*,#18076,.F.);
#18078 = VECTOR('',#368,1.);
#18079 = CARTESIAN_POINT('',(14.915,-48.26,10.157));
#18080 = LINE('',#18079,#18078);
#18081 = VERTEX_POINT('',#18079);
#18082 = EDGE_CURVE('',#18081,#18075,#18080,.T.);
#18083 = ORIENTED_EDGE('',*,*,#18082,.F.);
#18084 = VECTOR('',#361,1.);
#18085 = LINE('',#18079,#18084);
#18086 = CARTESIAN_POINT('',(15.010190296,-48.489809704,10.157));
#18087 = VERTEX_POINT('',#18086);
#18088 = EDGE_CURVE('',#18081,#18087,#18085,.T.);
#18089 = ORIENTED_EDGE('',*,*,#18088,.T.);
#18090 = VECTOR('',#354,1.);
#18091 = LINE('',#18086,#18090);
#18092 = CARTESIAN_POINT('',(15.24,-48.585,10.157));
#18093 = VERTEX_POINT('',#18092);
#18094 = EDGE_CURVE('',#18087,#18093,#18091,.T.);
#18095 = ORIENTED_EDGE('',*,*,#18094,.T.);
#18096 = VECTOR('',#346,1.);
#18097 = LINE('',#18092,#18096);
#18098 = CARTESIAN_POINT('',(15.469809704,-48.489809704,10.157));
#18099 = VERTEX_POINT('',#18098);
#18100 = EDGE_CURVE('',#18093,#18099,#18097,.T.);
#18101 = ORIENTED_EDGE('',*,*,#18100,.T.);
#18102 = VECTOR('',#368,1.);
#18103 = LINE('',#18098,#18102);
#18104 = EDGE_CURVE('',#18099,#18063,#18103,.T.);
#18105 = ORIENTED_EDGE('',*,*,#18104,.T.);
#18106 = EDGE_LOOP('',(#18065,#18071,#18077,#18083,#18089,#18095,#18101,#18105));
#18107 = FACE_OUTER_BOUND('',#18106,.T.);
#18108 = ADVANCED_FACE('',(#18107),#18058,.T.);
#18109 = AXIS2_PLACEMENT_3D('',#18045,#346,#20);
#18110 = PLANE('',#18109);
#18111 = ORIENTED_EDGE('',*,*,#18047,.F.);
#18112 = VECTOR('',#16,1.);
#18113 = LINE('',#18039,#18112);
#18114 = EDGE_CURVE('',#18040,#18062,#18113,.T.);
#18115 = ORIENTED_EDGE('',*,*,#18114,.T.);
#18116 = ORIENTED_EDGE('',*,*,#18064,.T.);
#18117 = VECTOR('',#16,1.);
#18118 = LINE('',#18045,#18117);
#18119 = EDGE_CURVE('',#18046,#18063,#18118,.T.);
#18120 = ORIENTED_EDGE('',*,*,#18119,.F.);
#18121 = EDGE_LOOP('',(#18111,#18115,#18116,#18120));
#18122 = FACE_OUTER_BOUND('',#18121,.T.);
#18123 = ADVANCED_FACE('',(#18122),#18110,.T.);
#18124 = AXIS2_PLACEMENT_3D('',#18039,#368,#16);
#18125 = PLANE('',#18124);
#18126 = ORIENTED_EDGE('',*,*,#18041,.F.);
#18127 = VECTOR('',#16,1.);
#18128 = LINE('',#18033,#18127);
#18129 = EDGE_CURVE('',#18034,#18069,#18128,.T.);
#18130 = ORIENTED_EDGE('',*,*,#18129,.T.);
#18131 = ORIENTED_EDGE('',*,*,#18070,.T.);
#18132 = ORIENTED_EDGE('',*,*,#18114,.F.);
#18133 = EDGE_LOOP('',(#18126,#18130,#18131,#18132));
#18134 = FACE_OUTER_BOUND('',#18133,.T.);
#18135 = ADVANCED_FACE('',(#18134),#18125,.T.);
#18136 = AXIS2_PLACEMENT_3D('',#18033,#480,#16);
#18137 = PLANE('',#18136);
#18138 = ORIENTED_EDGE('',*,*,#18035,.F.);
#18139 = VECTOR('',#16,1.);
#18140 = LINE('',#18027,#18139);
#18141 = EDGE_CURVE('',#18028,#18075,#18140,.T.);
#18142 = ORIENTED_EDGE('',*,*,#18141,.T.);
#18143 = ORIENTED_EDGE('',*,*,#18076,.T.);
#18144 = ORIENTED_EDGE('',*,*,#18129,.F.);
#18145 = EDGE_LOOP('',(#18138,#18142,#18143,#18144));
#18146 = FACE_OUTER_BOUND('',#18145,.T.);
#18147 = ADVANCED_FACE('',(#18146),#18137,.T.);
#18148 = AXIS2_PLACEMENT_3D('',#18027,#493,#16);
#18149 = PLANE('',#18148);
#18150 = ORIENTED_EDGE('',*,*,#18029,.F.);
#18151 = VECTOR('',#16,1.);
#18152 = LINE('',#18020,#18151);
#18153 = EDGE_CURVE('',#18022,#18081,#18152,.T.);
#18154 = ORIENTED_EDGE('',*,*,#18153,.T.);
#18155 = ORIENTED_EDGE('',*,*,#18082,.T.);
#18156 = ORIENTED_EDGE('',*,*,#18141,.F.);
#18157 = EDGE_LOOP('',(#18150,#18154,#18155,#18156));
#18158 = FACE_OUTER_BOUND('',#18157,.T.);
#18159 = ADVANCED_FACE('',(#18158),#18149,.T.);
#18160 = AXIS2_PLACEMENT_3D('',#18020,#506,#16);
#18161 = PLANE('',#18160);
#18162 = ORIENTED_EDGE('',*,*,#18023,.T.);
#18163 = VECTOR('',#16,1.);
#18164 = LINE('',#18014,#18163);
#18165 = EDGE_CURVE('',#18016,#18087,#18164,.T.);
#18166 = ORIENTED_EDGE('',*,*,#18165,.T.);
#18167 = ORIENTED_EDGE('',*,*,#18088,.F.);
#18168 = ORIENTED_EDGE('',*,*,#18153,.F.);
#18169 = EDGE_LOOP('',(#18162,#18166,#18167,#18168));
#18170 = FACE_OUTER_BOUND('',#18169,.T.);
#18171 = ADVANCED_FACE('',(#18170),#18161,.T.);
#18172 = AXIS2_PLACEMENT_3D('',#18014,#519,#20);
#18173 = PLANE('',#18172);
#18174 = ORIENTED_EDGE('',*,*,#18017,.T.);
#18175 = VECTOR('',#16,1.);
#18176 = LINE('',#18007,#18175);
#18177 = EDGE_CURVE('',#18009,#18093,#18176,.T.);
#18178 = ORIENTED_EDGE('',*,*,#18177,.T.);
#18179 = ORIENTED_EDGE('',*,*,#18094,.F.);
#18180 = ORIENTED_EDGE('',*,*,#18165,.F.);
#18181 = EDGE_LOOP('',(#18174,#18178,#18179,#18180));
#18182 = FACE_OUTER_BOUND('',#18181,.T.);
#18183 = ADVANCED_FACE('',(#18182),#18173,.T.);
#18184 = AXIS2_PLACEMENT_3D('',#18007,#361,#20);
#18185 = PLANE('',#18184);
#18186 = ORIENTED_EDGE('',*,*,#18011,.T.);
#18187 = VECTOR('',#16,1.);
#18188 = LINE('',#18003,#18187);
#18189 = EDGE_CURVE('',#18010,#18099,#18188,.T.);
#18190 = ORIENTED_EDGE('',*,*,#18189,.T.);
#18191 = ORIENTED_EDGE('',*,*,#18100,.F.);
#18192 = ORIENTED_EDGE('',*,*,#18177,.F.);
#18193 = EDGE_LOOP('',(#18186,#18190,#18191,#18192));
#18194 = FACE_OUTER_BOUND('',#18193,.T.);
#18195 = ADVANCED_FACE('',(#18194),#18185,.T.);
#18196 = AXIS2_PLACEMENT_3D('',#18003,#354,#20);
#18197 = PLANE('',#18196);
#18198 = ORIENTED_EDGE('',*,*,#18051,.T.);
#18199 = ORIENTED_EDGE('',*,*,#18119,.T.);
#18200 = ORIENTED_EDGE('',*,*,#18104,.F.);
#18201 = ORIENTED_EDGE('',*,*,#18189,.F.);
#18202 = EDGE_LOOP('',(#18198,#18199,#18200,#18201));
#18203 = FACE_OUTER_BOUND('',#18202,.T.);
#18204 = ADVANCED_FACE('',(#18203),#18197,.T.);
#18205 = CLOSED_SHELL('',(#18055,#18108,#18123,#18135,#18147,#18159,#18171,#18183,#18195,#18204));
#18206 = MANIFOLD_SOLID_BREP('lead',#18205);
#18207 = CARTESIAN_POINT('',(15.406170094,-50.966170094,0.007));
#18208 = AXIS2_PLACEMENT_3D('',#18207,#20,#21);
#18209 = PLANE('',#18208);
#18210 = VECTOR('',#134,1.);
#18211 = CARTESIAN_POINT('',(15.24,-51.035,0.007));
#18212 = LINE('',#18211,#18210);
#18213 = VERTEX_POINT('',#18211);
#18214 = VERTEX_POINT('',#18207);
#18215 = EDGE_CURVE('',#18213,#18214,#18212,.T.);
#18216 = ORIENTED_EDGE('',*,*,#18215,.F.);
#18217 = VECTOR('',#142,1.);
#18218 = CARTESIAN_POINT('',(15.073829906,-50.966170094,0.007));
#18219 = LINE('',#18218,#18217);
#18220 = VERTEX_POINT('',#18218);
#18221 = EDGE_CURVE('',#18220,#18213,#18219,.T.);
#18222 = ORIENTED_EDGE('',*,*,#18221,.F.);
#18223 = VECTOR('',#149,1.);
#18224 = CARTESIAN_POINT('',(15.005,-50.8,0.007));
#18225 = LINE('',#18224,#18223);
#18226 = VERTEX_POINT('',#18224);
#18227 = EDGE_CURVE('',#18226,#18220,#18225,.T.);
#18228 = ORIENTED_EDGE('',*,*,#18227,.F.);
#18229 = VECTOR('',#156,1.);
#18230 = LINE('',#18224,#18229);
#18231 = CARTESIAN_POINT('',(15.073829906,-50.633829906,0.007));
#18232 = VERTEX_POINT('',#18231);
#18233 = EDGE_CURVE('',#18226,#18232,#18230,.T.);
#18234 = ORIENTED_EDGE('',*,*,#18233,.T.);
#18235 = VECTOR('',#134,1.);
#18236 = LINE('',#18231,#18235);
#18237 = CARTESIAN_POINT('',(15.24,-50.565,0.007));
#18238 = VERTEX_POINT('',#18237);
#18239 = EDGE_CURVE('',#18232,#18238,#18236,.T.);
#18240 = ORIENTED_EDGE('',*,*,#18239,.T.);
#18241 = VECTOR('',#142,1.);
#18242 = LINE('',#18237,#18241);
#18243 = CARTESIAN_POINT('',(15.406170094,-50.633829906,0.007));
#18244 = VERTEX_POINT('',#18243);
#18245 = EDGE_CURVE('',#18238,#18244,#18242,.T.);
#18246 = ORIENTED_EDGE('',*,*,#18245,.T.);
#18247 = VECTOR('',#149,1.);
#18248 = LINE('',#18243,#18247);
#18249 = CARTESIAN_POINT('',(15.475,-50.8,0.007));
#18250 = VERTEX_POINT('',#18249);
#18251 = EDGE_CURVE('',#18244,#18250,#18248,.T.);
#18252 = ORIENTED_EDGE('',*,*,#18251,.T.);
#18253 = VECTOR('',#156,1.);
#18254 = LINE('',#18207,#18253);
#18255 = EDGE_CURVE('',#18214,#18250,#18254,.T.);
#18256 = ORIENTED_EDGE('',*,*,#18255,.F.);
#18257 = EDGE_LOOP('',(#18216,#18222,#18228,#18234,#18240,#18246,#18252,#18256));
#18258 = FACE_OUTER_BOUND('',#18257,.T.);
#18259 = ADVANCED_FACE('',(#18258),#18209,.T.);
#18260 = CARTESIAN_POINT('',(15.475,-50.8,4.007));
#18261 = AXIS2_PLACEMENT_3D('',#18260,#16,#51);
#18262 = PLANE('',#18261);
#18263 = VECTOR('',#149,1.);
#18264 = CARTESIAN_POINT('',(15.406170094,-50.633829906,4.007));
#18265 = LINE('',#18264,#18263);
#18266 = VERTEX_POINT('',#18264);
#18267 = VERTEX_POINT('',#18260);
#18268 = EDGE_CURVE('',#18266,#18267,#18265,.T.);
#18269 = ORIENTED_EDGE('',*,*,#18268,.F.);
#18270 = VECTOR('',#142,1.);
#18271 = CARTESIAN_POINT('',(15.24,-50.565,4.007));
#18272 = LINE('',#18271,#18270);
#18273 = VERTEX_POINT('',#18271);
#18274 = EDGE_CURVE('',#18273,#18266,#18272,.T.);
#18275 = ORIENTED_EDGE('',*,*,#18274,.F.);
#18276 = VECTOR('',#134,1.);
#18277 = CARTESIAN_POINT('',(15.073829906,-50.633829906,4.007));
#18278 = LINE('',#18277,#18276);
#18279 = VERTEX_POINT('',#18277);
#18280 = EDGE_CURVE('',#18279,#18273,#18278,.T.);
#18281 = ORIENTED_EDGE('',*,*,#18280,.F.);
#18282 = VECTOR('',#156,1.);
#18283 = CARTESIAN_POINT('',(15.005,-50.8,4.007));
#18284 = LINE('',#18283,#18282);
#18285 = VERTEX_POINT('',#18283);
#18286 = EDGE_CURVE('',#18285,#18279,#18284,.T.);
#18287 = ORIENTED_EDGE('',*,*,#18286,.F.);
#18288 = VECTOR('',#149,1.);
#18289 = LINE('',#18283,#18288);
#18290 = CARTESIAN_POINT('',(15.073829906,-50.966170094,4.007));
#18291 = VERTEX_POINT('',#18290);
#18292 = EDGE_CURVE('',#18285,#18291,#18289,.T.);
#18293 = ORIENTED_EDGE('',*,*,#18292,.T.);
#18294 = VECTOR('',#142,1.);
#18295 = LINE('',#18290,#18294);
#18296 = CARTESIAN_POINT('',(15.24,-51.035,4.007));
#18297 = VERTEX_POINT('',#18296);
#18298 = EDGE_CURVE('',#18291,#18297,#18295,.T.);
#18299 = ORIENTED_EDGE('',*,*,#18298,.T.);
#18300 = VECTOR('',#134,1.);
#18301 = LINE('',#18296,#18300);
#18302 = CARTESIAN_POINT('',(15.406170094,-50.966170094,4.007));
#18303 = VERTEX_POINT('',#18302);
#18304 = EDGE_CURVE('',#18297,#18303,#18301,.T.);
#18305 = ORIENTED_EDGE('',*,*,#18304,.T.);
#18306 = VECTOR('',#156,1.);
#18307 = LINE('',#18302,#18306);
#18308 = EDGE_CURVE('',#18303,#18267,#18307,.T.);
#18309 = ORIENTED_EDGE('',*,*,#18308,.T.);
#18310 = EDGE_LOOP('',(#18269,#18275,#18281,#18287,#18293,#18299,#18305,#18309));
#18311 = FACE_OUTER_BOUND('',#18310,.T.);
#18312 = ADVANCED_FACE('',(#18311),#18262,.T.);
#18313 = AXIS2_PLACEMENT_3D('',#18249,#134,#20);
#18314 = PLANE('',#18313);
#18315 = ORIENTED_EDGE('',*,*,#18251,.F.);
#18316 = VECTOR('',#16,1.);
#18317 = LINE('',#18243,#18316);
#18318 = EDGE_CURVE('',#18244,#18266,#18317,.T.);
#18319 = ORIENTED_EDGE('',*,*,#18318,.T.);
#18320 = ORIENTED_EDGE('',*,*,#18268,.T.);
#18321 = VECTOR('',#16,1.);
#18322 = LINE('',#18249,#18321);
#18323 = EDGE_CURVE('',#18250,#18267,#18322,.T.);
#18324 = ORIENTED_EDGE('',*,*,#18323,.F.);
#18325 = EDGE_LOOP('',(#18315,#18319,#18320,#18324));
#18326 = FACE_OUTER_BOUND('',#18325,.T.);
#18327 = ADVANCED_FACE('',(#18326),#18314,.T.);
#18328 = AXIS2_PLACEMENT_3D('',#18243,#156,#16);
#18329 = PLANE('',#18328);
#18330 = ORIENTED_EDGE('',*,*,#18245,.F.);
#18331 = VECTOR('',#16,1.);
#18332 = LINE('',#18237,#18331);
#18333 = EDGE_CURVE('',#18238,#18273,#18332,.T.);
#18334 = ORIENTED_EDGE('',*,*,#18333,.T.);
#18335 = ORIENTED_EDGE('',*,*,#18274,.T.);
#18336 = ORIENTED_EDGE('',*,*,#18318,.F.);
#18337 = EDGE_LOOP('',(#18330,#18334,#18335,#18336));
#18338 = FACE_OUTER_BOUND('',#18337,.T.);
#18339 = ADVANCED_FACE('',(#18338),#18329,.T.);
#18340 = AXIS2_PLACEMENT_3D('',#18237,#268,#16);
#18341 = PLANE('',#18340);
#18342 = ORIENTED_EDGE('',*,*,#18239,.F.);
#18343 = VECTOR('',#16,1.);
#18344 = LINE('',#18231,#18343);
#18345 = EDGE_CURVE('',#18232,#18279,#18344,.T.);
#18346 = ORIENTED_EDGE('',*,*,#18345,.T.);
#18347 = ORIENTED_EDGE('',*,*,#18280,.T.);
#18348 = ORIENTED_EDGE('',*,*,#18333,.F.);
#18349 = EDGE_LOOP('',(#18342,#18346,#18347,#18348));
#18350 = FACE_OUTER_BOUND('',#18349,.T.);
#18351 = ADVANCED_FACE('',(#18350),#18341,.T.);
#18352 = AXIS2_PLACEMENT_3D('',#18231,#281,#16);
#18353 = PLANE('',#18352);
#18354 = ORIENTED_EDGE('',*,*,#18233,.F.);
#18355 = VECTOR('',#16,1.);
#18356 = LINE('',#18224,#18355);
#18357 = EDGE_CURVE('',#18226,#18285,#18356,.T.);
#18358 = ORIENTED_EDGE('',*,*,#18357,.T.);
#18359 = ORIENTED_EDGE('',*,*,#18286,.T.);
#18360 = ORIENTED_EDGE('',*,*,#18345,.F.);
#18361 = EDGE_LOOP('',(#18354,#18358,#18359,#18360));
#18362 = FACE_OUTER_BOUND('',#18361,.T.);
#18363 = ADVANCED_FACE('',(#18362),#18353,.T.);
#18364 = AXIS2_PLACEMENT_3D('',#18224,#294,#16);
#18365 = PLANE('',#18364);
#18366 = ORIENTED_EDGE('',*,*,#18227,.T.);
#18367 = VECTOR('',#16,1.);
#18368 = LINE('',#18218,#18367);
#18369 = EDGE_CURVE('',#18220,#18291,#18368,.T.);
#18370 = ORIENTED_EDGE('',*,*,#18369,.T.);
#18371 = ORIENTED_EDGE('',*,*,#18292,.F.);
#18372 = ORIENTED_EDGE('',*,*,#18357,.F.);
#18373 = EDGE_LOOP('',(#18366,#18370,#18371,#18372));
#18374 = FACE_OUTER_BOUND('',#18373,.T.);
#18375 = ADVANCED_FACE('',(#18374),#18365,.T.);
#18376 = AXIS2_PLACEMENT_3D('',#18218,#307,#20);
#18377 = PLANE('',#18376);
#18378 = ORIENTED_EDGE('',*,*,#18221,.T.);
#18379 = VECTOR('',#16,1.);
#18380 = LINE('',#18211,#18379);
#18381 = EDGE_CURVE('',#18213,#18297,#18380,.T.);
#18382 = ORIENTED_EDGE('',*,*,#18381,.T.);
#18383 = ORIENTED_EDGE('',*,*,#18298,.F.);
#18384 = ORIENTED_EDGE('',*,*,#18369,.F.);
#18385 = EDGE_LOOP('',(#18378,#18382,#18383,#18384));
#18386 = FACE_OUTER_BOUND('',#18385,.T.);
#18387 = ADVANCED_FACE('',(#18386),#18377,.T.);
#18388 = AXIS2_PLACEMENT_3D('',#18211,#149,#20);
#18389 = PLANE('',#18388);
#18390 = ORIENTED_EDGE('',*,*,#18215,.T.);
#18391 = VECTOR('',#16,1.);
#18392 = LINE('',#18207,#18391);
#18393 = EDGE_CURVE('',#18214,#18303,#18392,.T.);
#18394 = ORIENTED_EDGE('',*,*,#18393,.T.);
#18395 = ORIENTED_EDGE('',*,*,#18304,.F.);
#18396 = ORIENTED_EDGE('',*,*,#18381,.F.);
#18397 = EDGE_LOOP('',(#18390,#18394,#18395,#18396));
#18398 = FACE_OUTER_BOUND('',#18397,.T.);
#18399 = ADVANCED_FACE('',(#18398),#18389,.T.);
#18400 = AXIS2_PLACEMENT_3D('',#18207,#142,#20);
#18401 = PLANE('',#18400);
#18402 = ORIENTED_EDGE('',*,*,#18255,.T.);
#18403 = ORIENTED_EDGE('',*,*,#18323,.T.);
#18404 = ORIENTED_EDGE('',*,*,#18308,.F.);
#18405 = ORIENTED_EDGE('',*,*,#18393,.F.);
#18406 = EDGE_LOOP('',(#18402,#18403,#18404,#18405));
#18407 = FACE_OUTER_BOUND('',#18406,.T.);
#18408 = ADVANCED_FACE('',(#18407),#18401,.T.);
#18409 = CLOSED_SHELL('',(#18259,#18312,#18327,#18339,#18351,#18363,#18375,#18387,#18399,#18408));
#18410 = MANIFOLD_SOLID_BREP('contact',#18409);
#18411 = CARTESIAN_POINT('',(15.469809704,-51.029809704,8.057));
#18412 = AXIS2_PLACEMENT_3D('',#18411,#20,#21);
#18413 = PLANE('',#18412);
#18414 = VECTOR('',#346,1.);
#18415 = CARTESIAN_POINT('',(15.24,-51.125,8.057));
#18416 = LINE('',#18415,#18414);
#18417 = VERTEX_POINT('',#18415);
#18418 = VERTEX_POINT('',#18411);
#18419 = EDGE_CURVE('',#18417,#18418,#18416,.T.);
#18420 = ORIENTED_EDGE('',*,*,#18419,.F.);
#18421 = VECTOR('',#354,1.);
#18422 = CARTESIAN_POINT('',(15.010190296,-51.029809704,8.057));
#18423 = LINE('',#18422,#18421);
#18424 = VERTEX_POINT('',#18422);
#18425 = EDGE_CURVE('',#18424,#18417,#18423,.T.);
#18426 = ORIENTED_EDGE('',*,*,#18425,.F.);
#18427 = VECTOR('',#361,1.);
#18428 = CARTESIAN_POINT('',(14.915,-50.8,8.057));
#18429 = LINE('',#18428,#18427);
#18430 = VERTEX_POINT('',#18428);
#18431 = EDGE_CURVE('',#18430,#18424,#18429,.T.);
#18432 = ORIENTED_EDGE('',*,*,#18431,.F.);
#18433 = VECTOR('',#368,1.);
#18434 = LINE('',#18428,#18433);
#18435 = CARTESIAN_POINT('',(15.010190296,-50.570190296,8.057));
#18436 = VERTEX_POINT('',#18435);
#18437 = EDGE_CURVE('',#18430,#18436,#18434,.T.);
#18438 = ORIENTED_EDGE('',*,*,#18437,.T.);
#18439 = VECTOR('',#346,1.);
#18440 = LINE('',#18435,#18439);
#18441 = CARTESIAN_POINT('',(15.24,-50.475,8.057));
#18442 = VERTEX_POINT('',#18441);
#18443 = EDGE_CURVE('',#18436,#18442,#18440,.T.);
#18444 = ORIENTED_EDGE('',*,*,#18443,.T.);
#18445 = VECTOR('',#354,1.);
#18446 = LINE('',#18441,#18445);
#18447 = CARTESIAN_POINT('',(15.469809704,-50.570190296,8.057));
#18448 = VERTEX_POINT('',#18447);
#18449 = EDGE_CURVE('',#18442,#18448,#18446,.T.);
#18450 = ORIENTED_EDGE('',*,*,#18449,.T.);
#18451 = VECTOR('',#361,1.);
#18452 = LINE('',#18447,#18451);
#18453 = CARTESIAN_POINT('',(15.565,-50.8,8.057));
#18454 = VERTEX_POINT('',#18453);
#18455 = EDGE_CURVE('',#18448,#18454,#18452,.T.);
#18456 = ORIENTED_EDGE('',*,*,#18455,.T.);
#18457 = VECTOR('',#368,1.);
#18458 = LINE('',#18411,#18457);
#18459 = EDGE_CURVE('',#18418,#18454,#18458,.T.);
#18460 = ORIENTED_EDGE('',*,*,#18459,.F.);
#18461 = EDGE_LOOP('',(#18420,#18426,#18432,#18438,#18444,#18450,#18456,#18460));
#18462 = FACE_OUTER_BOUND('',#18461,.T.);
#18463 = ADVANCED_FACE('',(#18462),#18413,.T.);
#18464 = CARTESIAN_POINT('',(15.565,-50.8,10.157));
#18465 = AXIS2_PLACEMENT_3D('',#18464,#16,#51);
#18466 = PLANE('',#18465);
#18467 = VECTOR('',#361,1.);
#18468 = CARTESIAN_POINT('',(15.469809704,-50.570190296,10.157));
#18469 = LINE('',#18468,#18467);
#18470 = VERTEX_POINT('',#18468);
#18471 = VERTEX_POINT('',#18464);
#18472 = EDGE_CURVE('',#18470,#18471,#18469,.T.);
#18473 = ORIENTED_EDGE('',*,*,#18472,.F.);
#18474 = VECTOR('',#354,1.);
#18475 = CARTESIAN_POINT('',(15.24,-50.475,10.157));
#18476 = LINE('',#18475,#18474);
#18477 = VERTEX_POINT('',#18475);
#18478 = EDGE_CURVE('',#18477,#18470,#18476,.T.);
#18479 = ORIENTED_EDGE('',*,*,#18478,.F.);
#18480 = VECTOR('',#346,1.);
#18481 = CARTESIAN_POINT('',(15.010190296,-50.570190296,10.157));
#18482 = LINE('',#18481,#18480);
#18483 = VERTEX_POINT('',#18481);
#18484 = EDGE_CURVE('',#18483,#18477,#18482,.T.);
#18485 = ORIENTED_EDGE('',*,*,#18484,.F.);
#18486 = VECTOR('',#368,1.);
#18487 = CARTESIAN_POINT('',(14.915,-50.8,10.157));
#18488 = LINE('',#18487,#18486);
#18489 = VERTEX_POINT('',#18487);
#18490 = EDGE_CURVE('',#18489,#18483,#18488,.T.);
#18491 = ORIENTED_EDGE('',*,*,#18490,.F.);
#18492 = VECTOR('',#361,1.);
#18493 = LINE('',#18487,#18492);
#18494 = CARTESIAN_POINT('',(15.010190296,-51.029809704,10.157));
#18495 = VERTEX_POINT('',#18494);
#18496 = EDGE_CURVE('',#18489,#18495,#18493,.T.);
#18497 = ORIENTED_EDGE('',*,*,#18496,.T.);
#18498 = VECTOR('',#354,1.);
#18499 = LINE('',#18494,#18498);
#18500 = CARTESIAN_POINT('',(15.24,-51.125,10.157));
#18501 = VERTEX_POINT('',#18500);
#18502 = EDGE_CURVE('',#18495,#18501,#18499,.T.);
#18503 = ORIENTED_EDGE('',*,*,#18502,.T.);
#18504 = VECTOR('',#346,1.);
#18505 = LINE('',#18500,#18504);
#18506 = CARTESIAN_POINT('',(15.469809704,-51.029809704,10.157));
#18507 = VERTEX_POINT('',#18506);
#18508 = EDGE_CURVE('',#18501,#18507,#18505,.T.);
#18509 = ORIENTED_EDGE('',*,*,#18508,.T.);
#18510 = VECTOR('',#368,1.);
#18511 = LINE('',#18506,#18510);
#18512 = EDGE_CURVE('',#18507,#18471,#18511,.T.);
#18513 = ORIENTED_EDGE('',*,*,#18512,.T.);
#18514 = EDGE_LOOP('',(#18473,#18479,#18485,#18491,#18497,#18503,#18509,#18513));
#18515 = FACE_OUTER_BOUND('',#18514,.T.);
#18516 = ADVANCED_FACE('',(#18515),#18466,.T.);
#18517 = AXIS2_PLACEMENT_3D('',#18453,#346,#20);
#18518 = PLANE('',#18517);
#18519 = ORIENTED_EDGE('',*,*,#18455,.F.);
#18520 = VECTOR('',#16,1.);
#18521 = LINE('',#18447,#18520);
#18522 = EDGE_CURVE('',#18448,#18470,#18521,.T.);
#18523 = ORIENTED_EDGE('',*,*,#18522,.T.);
#18524 = ORIENTED_EDGE('',*,*,#18472,.T.);
#18525 = VECTOR('',#16,1.);
#18526 = LINE('',#18453,#18525);
#18527 = EDGE_CURVE('',#18454,#18471,#18526,.T.);
#18528 = ORIENTED_EDGE('',*,*,#18527,.F.);
#18529 = EDGE_LOOP('',(#18519,#18523,#18524,#18528));
#18530 = FACE_OUTER_BOUND('',#18529,.T.);
#18531 = ADVANCED_FACE('',(#18530),#18518,.T.);
#18532 = AXIS2_PLACEMENT_3D('',#18447,#368,#16);
#18533 = PLANE('',#18532);
#18534 = ORIENTED_EDGE('',*,*,#18449,.F.);
#18535 = VECTOR('',#16,1.);
#18536 = LINE('',#18441,#18535);
#18537 = EDGE_CURVE('',#18442,#18477,#18536,.T.);
#18538 = ORIENTED_EDGE('',*,*,#18537,.T.);
#18539 = ORIENTED_EDGE('',*,*,#18478,.T.);
#18540 = ORIENTED_EDGE('',*,*,#18522,.F.);
#18541 = EDGE_LOOP('',(#18534,#18538,#18539,#18540));
#18542 = FACE_OUTER_BOUND('',#18541,.T.);
#18543 = ADVANCED_FACE('',(#18542),#18533,.T.);
#18544 = AXIS2_PLACEMENT_3D('',#18441,#480,#16);
#18545 = PLANE('',#18544);
#18546 = ORIENTED_EDGE('',*,*,#18443,.F.);
#18547 = VECTOR('',#16,1.);
#18548 = LINE('',#18435,#18547);
#18549 = EDGE_CURVE('',#18436,#18483,#18548,.T.);
#18550 = ORIENTED_EDGE('',*,*,#18549,.T.);
#18551 = ORIENTED_EDGE('',*,*,#18484,.T.);
#18552 = ORIENTED_EDGE('',*,*,#18537,.F.);
#18553 = EDGE_LOOP('',(#18546,#18550,#18551,#18552));
#18554 = FACE_OUTER_BOUND('',#18553,.T.);
#18555 = ADVANCED_FACE('',(#18554),#18545,.T.);
#18556 = AXIS2_PLACEMENT_3D('',#18435,#493,#16);
#18557 = PLANE('',#18556);
#18558 = ORIENTED_EDGE('',*,*,#18437,.F.);
#18559 = VECTOR('',#16,1.);
#18560 = LINE('',#18428,#18559);
#18561 = EDGE_CURVE('',#18430,#18489,#18560,.T.);
#18562 = ORIENTED_EDGE('',*,*,#18561,.T.);
#18563 = ORIENTED_EDGE('',*,*,#18490,.T.);
#18564 = ORIENTED_EDGE('',*,*,#18549,.F.);
#18565 = EDGE_LOOP('',(#18558,#18562,#18563,#18564));
#18566 = FACE_OUTER_BOUND('',#18565,.T.);
#18567 = ADVANCED_FACE('',(#18566),#18557,.T.);
#18568 = AXIS2_PLACEMENT_3D('',#18428,#506,#16);
#18569 = PLANE('',#18568);
#18570 = ORIENTED_EDGE('',*,*,#18431,.T.);
#18571 = VECTOR('',#16,1.);
#18572 = LINE('',#18422,#18571);
#18573 = EDGE_CURVE('',#18424,#18495,#18572,.T.);
#18574 = ORIENTED_EDGE('',*,*,#18573,.T.);
#18575 = ORIENTED_EDGE('',*,*,#18496,.F.);
#18576 = ORIENTED_EDGE('',*,*,#18561,.F.);
#18577 = EDGE_LOOP('',(#18570,#18574,#18575,#18576));
#18578 = FACE_OUTER_BOUND('',#18577,.T.);
#18579 = ADVANCED_FACE('',(#18578),#18569,.T.);
#18580 = AXIS2_PLACEMENT_3D('',#18422,#519,#20);
#18581 = PLANE('',#18580);
#18582 = ORIENTED_EDGE('',*,*,#18425,.T.);
#18583 = VECTOR('',#16,1.);
#18584 = LINE('',#18415,#18583);
#18585 = EDGE_CURVE('',#18417,#18501,#18584,.T.);
#18586 = ORIENTED_EDGE('',*,*,#18585,.T.);
#18587 = ORIENTED_EDGE('',*,*,#18502,.F.);
#18588 = ORIENTED_EDGE('',*,*,#18573,.F.);
#18589 = EDGE_LOOP('',(#18582,#18586,#18587,#18588));
#18590 = FACE_OUTER_BOUND('',#18589,.T.);
#18591 = ADVANCED_FACE('',(#18590),#18581,.T.);
#18592 = AXIS2_PLACEMENT_3D('',#18415,#361,#20);
#18593 = PLANE('',#18592);
#18594 = ORIENTED_EDGE('',*,*,#18419,.T.);
#18595 = VECTOR('',#16,1.);
#18596 = LINE('',#18411,#18595);
#18597 = EDGE_CURVE('',#18418,#18507,#18596,.T.);
#18598 = ORIENTED_EDGE('',*,*,#18597,.T.);
#18599 = ORIENTED_EDGE('',*,*,#18508,.F.);
#18600 = ORIENTED_EDGE('',*,*,#18585,.F.);
#18601 = EDGE_LOOP('',(#18594,#18598,#18599,#18600));
#18602 = FACE_OUTER_BOUND('',#18601,.T.);
#18603 = ADVANCED_FACE('',(#18602),#18593,.T.);
#18604 = AXIS2_PLACEMENT_3D('',#18411,#354,#20);
#18605 = PLANE('',#18604);
#18606 = ORIENTED_EDGE('',*,*,#18459,.T.);
#18607 = ORIENTED_EDGE('',*,*,#18527,.T.);
#18608 = ORIENTED_EDGE('',*,*,#18512,.F.);
#18609 = ORIENTED_EDGE('',*,*,#18597,.F.);
#18610 = EDGE_LOOP('',(#18606,#18607,#18608,#18609));
#18611 = FACE_OUTER_BOUND('',#18610,.T.);
#18612 = ADVANCED_FACE('',(#18611),#18605,.T.);
#18613 = CLOSED_SHELL('',(#18463,#18516,#18531,#18543,#18555,#18567,#18579,#18591,#18603,#18612));
#18614 = MANIFOLD_SOLID_BREP('lead',#18613);
#18615 = CARTESIAN_POINT('',(15.406170094,-53.506170094,0.007));
#18616 = AXIS2_PLACEMENT_3D('',#18615,#20,#21);
#18617 = PLANE('',#18616);
#18618 = VECTOR('',#134,1.);
#18619 = CARTESIAN_POINT('',(15.24,-53.575,0.007));
#18620 = LINE('',#18619,#18618);
#18621 = VERTEX_POINT('',#18619);
#18622 = VERTEX_POINT('',#18615);
#18623 = EDGE_CURVE('',#18621,#18622,#18620,.T.);
#18624 = ORIENTED_EDGE('',*,*,#18623,.F.);
#18625 = VECTOR('',#142,1.);
#18626 = CARTESIAN_POINT('',(15.073829906,-53.506170094,0.007));
#18627 = LINE('',#18626,#18625);
#18628 = VERTEX_POINT('',#18626);
#18629 = EDGE_CURVE('',#18628,#18621,#18627,.T.);
#18630 = ORIENTED_EDGE('',*,*,#18629,.F.);
#18631 = VECTOR('',#149,1.);
#18632 = CARTESIAN_POINT('',(15.005,-53.34,0.007));
#18633 = LINE('',#18632,#18631);
#18634 = VERTEX_POINT('',#18632);
#18635 = EDGE_CURVE('',#18634,#18628,#18633,.T.);
#18636 = ORIENTED_EDGE('',*,*,#18635,.F.);
#18637 = VECTOR('',#156,1.);
#18638 = LINE('',#18632,#18637);
#18639 = CARTESIAN_POINT('',(15.073829906,-53.173829906,0.007));
#18640 = VERTEX_POINT('',#18639);
#18641 = EDGE_CURVE('',#18634,#18640,#18638,.T.);
#18642 = ORIENTED_EDGE('',*,*,#18641,.T.);
#18643 = VECTOR('',#134,1.);
#18644 = LINE('',#18639,#18643);
#18645 = CARTESIAN_POINT('',(15.24,-53.105,0.007));
#18646 = VERTEX_POINT('',#18645);
#18647 = EDGE_CURVE('',#18640,#18646,#18644,.T.);
#18648 = ORIENTED_EDGE('',*,*,#18647,.T.);
#18649 = VECTOR('',#142,1.);
#18650 = LINE('',#18645,#18649);
#18651 = CARTESIAN_POINT('',(15.406170094,-53.173829906,0.007));
#18652 = VERTEX_POINT('',#18651);
#18653 = EDGE_CURVE('',#18646,#18652,#18650,.T.);
#18654 = ORIENTED_EDGE('',*,*,#18653,.T.);
#18655 = VECTOR('',#149,1.);
#18656 = LINE('',#18651,#18655);
#18657 = CARTESIAN_POINT('',(15.475,-53.34,0.007));
#18658 = VERTEX_POINT('',#18657);
#18659 = EDGE_CURVE('',#18652,#18658,#18656,.T.);
#18660 = ORIENTED_EDGE('',*,*,#18659,.T.);
#18661 = VECTOR('',#156,1.);
#18662 = LINE('',#18615,#18661);
#18663 = EDGE_CURVE('',#18622,#18658,#18662,.T.);
#18664 = ORIENTED_EDGE('',*,*,#18663,.F.);
#18665 = EDGE_LOOP('',(#18624,#18630,#18636,#18642,#18648,#18654,#18660,#18664));
#18666 = FACE_OUTER_BOUND('',#18665,.T.);
#18667 = ADVANCED_FACE('',(#18666),#18617,.T.);
#18668 = CARTESIAN_POINT('',(15.475,-53.34,4.007));
#18669 = AXIS2_PLACEMENT_3D('',#18668,#16,#51);
#18670 = PLANE('',#18669);
#18671 = VECTOR('',#149,1.);
#18672 = CARTESIAN_POINT('',(15.406170094,-53.173829906,4.007));
#18673 = LINE('',#18672,#18671);
#18674 = VERTEX_POINT('',#18672);
#18675 = VERTEX_POINT('',#18668);
#18676 = EDGE_CURVE('',#18674,#18675,#18673,.T.);
#18677 = ORIENTED_EDGE('',*,*,#18676,.F.);
#18678 = VECTOR('',#142,1.);
#18679 = CARTESIAN_POINT('',(15.24,-53.105,4.007));
#18680 = LINE('',#18679,#18678);
#18681 = VERTEX_POINT('',#18679);
#18682 = EDGE_CURVE('',#18681,#18674,#18680,.T.);
#18683 = ORIENTED_EDGE('',*,*,#18682,.F.);
#18684 = VECTOR('',#134,1.);
#18685 = CARTESIAN_POINT('',(15.073829906,-53.173829906,4.007));
#18686 = LINE('',#18685,#18684);
#18687 = VERTEX_POINT('',#18685);
#18688 = EDGE_CURVE('',#18687,#18681,#18686,.T.);
#18689 = ORIENTED_EDGE('',*,*,#18688,.F.);
#18690 = VECTOR('',#156,1.);
#18691 = CARTESIAN_POINT('',(15.005,-53.34,4.007));
#18692 = LINE('',#18691,#18690);
#18693 = VERTEX_POINT('',#18691);
#18694 = EDGE_CURVE('',#18693,#18687,#18692,.T.);
#18695 = ORIENTED_EDGE('',*,*,#18694,.F.);
#18696 = VECTOR('',#149,1.);
#18697 = LINE('',#18691,#18696);
#18698 = CARTESIAN_POINT('',(15.073829906,-53.506170094,4.007));
#18699 = VERTEX_POINT('',#18698);
#18700 = EDGE_CURVE('',#18693,#18699,#18697,.T.);
#18701 = ORIENTED_EDGE('',*,*,#18700,.T.);
#18702 = VECTOR('',#142,1.);
#18703 = LINE('',#18698,#18702);
#18704 = CARTESIAN_POINT('',(15.24,-53.575,4.007));
#18705 = VERTEX_POINT('',#18704);
#18706 = EDGE_CURVE('',#18699,#18705,#18703,.T.);
#18707 = ORIENTED_EDGE('',*,*,#18706,.T.);
#18708 = VECTOR('',#134,1.);
#18709 = LINE('',#18704,#18708);
#18710 = CARTESIAN_POINT('',(15.406170094,-53.506170094,4.007));
#18711 = VERTEX_POINT('',#18710);
#18712 = EDGE_CURVE('',#18705,#18711,#18709,.T.);
#18713 = ORIENTED_EDGE('',*,*,#18712,.T.);
#18714 = VECTOR('',#156,1.);
#18715 = LINE('',#18710,#18714);
#18716 = EDGE_CURVE('',#18711,#18675,#18715,.T.);
#18717 = ORIENTED_EDGE('',*,*,#18716,.T.);
#18718 = EDGE_LOOP('',(#18677,#18683,#18689,#18695,#18701,#18707,#18713,#18717));
#18719 = FACE_OUTER_BOUND('',#18718,.T.);
#18720 = ADVANCED_FACE('',(#18719),#18670,.T.);
#18721 = AXIS2_PLACEMENT_3D('',#18657,#134,#20);
#18722 = PLANE('',#18721);
#18723 = ORIENTED_EDGE('',*,*,#18659,.F.);
#18724 = VECTOR('',#16,1.);
#18725 = LINE('',#18651,#18724);
#18726 = EDGE_CURVE('',#18652,#18674,#18725,.T.);
#18727 = ORIENTED_EDGE('',*,*,#18726,.T.);
#18728 = ORIENTED_EDGE('',*,*,#18676,.T.);
#18729 = VECTOR('',#16,1.);
#18730 = LINE('',#18657,#18729);
#18731 = EDGE_CURVE('',#18658,#18675,#18730,.T.);
#18732 = ORIENTED_EDGE('',*,*,#18731,.F.);
#18733 = EDGE_LOOP('',(#18723,#18727,#18728,#18732));
#18734 = FACE_OUTER_BOUND('',#18733,.T.);
#18735 = ADVANCED_FACE('',(#18734),#18722,.T.);
#18736 = AXIS2_PLACEMENT_3D('',#18651,#156,#16);
#18737 = PLANE('',#18736);
#18738 = ORIENTED_EDGE('',*,*,#18653,.F.);
#18739 = VECTOR('',#16,1.);
#18740 = LINE('',#18645,#18739);
#18741 = EDGE_CURVE('',#18646,#18681,#18740,.T.);
#18742 = ORIENTED_EDGE('',*,*,#18741,.T.);
#18743 = ORIENTED_EDGE('',*,*,#18682,.T.);
#18744 = ORIENTED_EDGE('',*,*,#18726,.F.);
#18745 = EDGE_LOOP('',(#18738,#18742,#18743,#18744));
#18746 = FACE_OUTER_BOUND('',#18745,.T.);
#18747 = ADVANCED_FACE('',(#18746),#18737,.T.);
#18748 = AXIS2_PLACEMENT_3D('',#18645,#268,#16);
#18749 = PLANE('',#18748);
#18750 = ORIENTED_EDGE('',*,*,#18647,.F.);
#18751 = VECTOR('',#16,1.);
#18752 = LINE('',#18639,#18751);
#18753 = EDGE_CURVE('',#18640,#18687,#18752,.T.);
#18754 = ORIENTED_EDGE('',*,*,#18753,.T.);
#18755 = ORIENTED_EDGE('',*,*,#18688,.T.);
#18756 = ORIENTED_EDGE('',*,*,#18741,.F.);
#18757 = EDGE_LOOP('',(#18750,#18754,#18755,#18756));
#18758 = FACE_OUTER_BOUND('',#18757,.T.);
#18759 = ADVANCED_FACE('',(#18758),#18749,.T.);
#18760 = AXIS2_PLACEMENT_3D('',#18639,#281,#16);
#18761 = PLANE('',#18760);
#18762 = ORIENTED_EDGE('',*,*,#18641,.F.);
#18763 = VECTOR('',#16,1.);
#18764 = LINE('',#18632,#18763);
#18765 = EDGE_CURVE('',#18634,#18693,#18764,.T.);
#18766 = ORIENTED_EDGE('',*,*,#18765,.T.);
#18767 = ORIENTED_EDGE('',*,*,#18694,.T.);
#18768 = ORIENTED_EDGE('',*,*,#18753,.F.);
#18769 = EDGE_LOOP('',(#18762,#18766,#18767,#18768));
#18770 = FACE_OUTER_BOUND('',#18769,.T.);
#18771 = ADVANCED_FACE('',(#18770),#18761,.T.);
#18772 = AXIS2_PLACEMENT_3D('',#18632,#294,#16);
#18773 = PLANE('',#18772);
#18774 = ORIENTED_EDGE('',*,*,#18635,.T.);
#18775 = VECTOR('',#16,1.);
#18776 = LINE('',#18626,#18775);
#18777 = EDGE_CURVE('',#18628,#18699,#18776,.T.);
#18778 = ORIENTED_EDGE('',*,*,#18777,.T.);
#18779 = ORIENTED_EDGE('',*,*,#18700,.F.);
#18780 = ORIENTED_EDGE('',*,*,#18765,.F.);
#18781 = EDGE_LOOP('',(#18774,#18778,#18779,#18780));
#18782 = FACE_OUTER_BOUND('',#18781,.T.);
#18783 = ADVANCED_FACE('',(#18782),#18773,.T.);
#18784 = AXIS2_PLACEMENT_3D('',#18626,#307,#20);
#18785 = PLANE('',#18784);
#18786 = ORIENTED_EDGE('',*,*,#18629,.T.);
#18787 = VECTOR('',#16,1.);
#18788 = LINE('',#18619,#18787);
#18789 = EDGE_CURVE('',#18621,#18705,#18788,.T.);
#18790 = ORIENTED_EDGE('',*,*,#18789,.T.);
#18791 = ORIENTED_EDGE('',*,*,#18706,.F.);
#18792 = ORIENTED_EDGE('',*,*,#18777,.F.);
#18793 = EDGE_LOOP('',(#18786,#18790,#18791,#18792));
#18794 = FACE_OUTER_BOUND('',#18793,.T.);
#18795 = ADVANCED_FACE('',(#18794),#18785,.T.);
#18796 = AXIS2_PLACEMENT_3D('',#18619,#149,#20);
#18797 = PLANE('',#18796);
#18798 = ORIENTED_EDGE('',*,*,#18623,.T.);
#18799 = VECTOR('',#16,1.);
#18800 = LINE('',#18615,#18799);
#18801 = EDGE_CURVE('',#18622,#18711,#18800,.T.);
#18802 = ORIENTED_EDGE('',*,*,#18801,.T.);
#18803 = ORIENTED_EDGE('',*,*,#18712,.F.);
#18804 = ORIENTED_EDGE('',*,*,#18789,.F.);
#18805 = EDGE_LOOP('',(#18798,#18802,#18803,#18804));
#18806 = FACE_OUTER_BOUND('',#18805,.T.);
#18807 = ADVANCED_FACE('',(#18806),#18797,.T.);
#18808 = AXIS2_PLACEMENT_3D('',#18615,#142,#20);
#18809 = PLANE('',#18808);
#18810 = ORIENTED_EDGE('',*,*,#18663,.T.);
#18811 = ORIENTED_EDGE('',*,*,#18731,.T.);
#18812 = ORIENTED_EDGE('',*,*,#18716,.F.);
#18813 = ORIENTED_EDGE('',*,*,#18801,.F.);
#18814 = EDGE_LOOP('',(#18810,#18811,#18812,#18813));
#18815 = FACE_OUTER_BOUND('',#18814,.T.);
#18816 = ADVANCED_FACE('',(#18815),#18809,.T.);
#18817 = CLOSED_SHELL('',(#18667,#18720,#18735,#18747,#18759,#18771,#18783,#18795,#18807,#18816));
#18818 = MANIFOLD_SOLID_BREP('contact',#18817);
#18819 = CARTESIAN_POINT('',(15.469809704,-53.569809704,8.057));
#18820 = AXIS2_PLACEMENT_3D('',#18819,#20,#21);
#18821 = PLANE('',#18820);
#18822 = VECTOR('',#346,1.);
#18823 = CARTESIAN_POINT('',(15.24,-53.665,8.057));
#18824 = LINE('',#18823,#18822);
#18825 = VERTEX_POINT('',#18823);
#18826 = VERTEX_POINT('',#18819);
#18827 = EDGE_CURVE('',#18825,#18826,#18824,.T.);
#18828 = ORIENTED_EDGE('',*,*,#18827,.F.);
#18829 = VECTOR('',#354,1.);
#18830 = CARTESIAN_POINT('',(15.010190296,-53.569809704,8.057));
#18831 = LINE('',#18830,#18829);
#18832 = VERTEX_POINT('',#18830);
#18833 = EDGE_CURVE('',#18832,#18825,#18831,.T.);
#18834 = ORIENTED_EDGE('',*,*,#18833,.F.);
#18835 = VECTOR('',#361,1.);
#18836 = CARTESIAN_POINT('',(14.915,-53.34,8.057));
#18837 = LINE('',#18836,#18835);
#18838 = VERTEX_POINT('',#18836);
#18839 = EDGE_CURVE('',#18838,#18832,#18837,.T.);
#18840 = ORIENTED_EDGE('',*,*,#18839,.F.);
#18841 = VECTOR('',#368,1.);
#18842 = LINE('',#18836,#18841);
#18843 = CARTESIAN_POINT('',(15.010190296,-53.110190296,8.057));
#18844 = VERTEX_POINT('',#18843);
#18845 = EDGE_CURVE('',#18838,#18844,#18842,.T.);
#18846 = ORIENTED_EDGE('',*,*,#18845,.T.);
#18847 = VECTOR('',#346,1.);
#18848 = LINE('',#18843,#18847);
#18849 = CARTESIAN_POINT('',(15.24,-53.015,8.057));
#18850 = VERTEX_POINT('',#18849);
#18851 = EDGE_CURVE('',#18844,#18850,#18848,.T.);
#18852 = ORIENTED_EDGE('',*,*,#18851,.T.);
#18853 = VECTOR('',#354,1.);
#18854 = LINE('',#18849,#18853);
#18855 = CARTESIAN_POINT('',(15.469809704,-53.110190296,8.057));
#18856 = VERTEX_POINT('',#18855);
#18857 = EDGE_CURVE('',#18850,#18856,#18854,.T.);
#18858 = ORIENTED_EDGE('',*,*,#18857,.T.);
#18859 = VECTOR('',#361,1.);
#18860 = LINE('',#18855,#18859);
#18861 = CARTESIAN_POINT('',(15.565,-53.34,8.057));
#18862 = VERTEX_POINT('',#18861);
#18863 = EDGE_CURVE('',#18856,#18862,#18860,.T.);
#18864 = ORIENTED_EDGE('',*,*,#18863,.T.);
#18865 = VECTOR('',#368,1.);
#18866 = LINE('',#18819,#18865);
#18867 = EDGE_CURVE('',#18826,#18862,#18866,.T.);
#18868 = ORIENTED_EDGE('',*,*,#18867,.F.);
#18869 = EDGE_LOOP('',(#18828,#18834,#18840,#18846,#18852,#18858,#18864,#18868));
#18870 = FACE_OUTER_BOUND('',#18869,.T.);
#18871 = ADVANCED_FACE('',(#18870),#18821,.T.);
#18872 = CARTESIAN_POINT('',(15.565,-53.34,10.157));
#18873 = AXIS2_PLACEMENT_3D('',#18872,#16,#51);
#18874 = PLANE('',#18873);
#18875 = VECTOR('',#361,1.);
#18876 = CARTESIAN_POINT('',(15.469809704,-53.110190296,10.157));
#18877 = LINE('',#18876,#18875);
#18878 = VERTEX_POINT('',#18876);
#18879 = VERTEX_POINT('',#18872);
#18880 = EDGE_CURVE('',#18878,#18879,#18877,.T.);
#18881 = ORIENTED_EDGE('',*,*,#18880,.F.);
#18882 = VECTOR('',#354,1.);
#18883 = CARTESIAN_POINT('',(15.24,-53.015,10.157));
#18884 = LINE('',#18883,#18882);
#18885 = VERTEX_POINT('',#18883);
#18886 = EDGE_CURVE('',#18885,#18878,#18884,.T.);
#18887 = ORIENTED_EDGE('',*,*,#18886,.F.);
#18888 = VECTOR('',#346,1.);
#18889 = CARTESIAN_POINT('',(15.010190296,-53.110190296,10.157));
#18890 = LINE('',#18889,#18888);
#18891 = VERTEX_POINT('',#18889);
#18892 = EDGE_CURVE('',#18891,#18885,#18890,.T.);
#18893 = ORIENTED_EDGE('',*,*,#18892,.F.);
#18894 = VECTOR('',#368,1.);
#18895 = CARTESIAN_POINT('',(14.915,-53.34,10.157));
#18896 = LINE('',#18895,#18894);
#18897 = VERTEX_POINT('',#18895);
#18898 = EDGE_CURVE('',#18897,#18891,#18896,.T.);
#18899 = ORIENTED_EDGE('',*,*,#18898,.F.);
#18900 = VECTOR('',#361,1.);
#18901 = LINE('',#18895,#18900);
#18902 = CARTESIAN_POINT('',(15.010190296,-53.569809704,10.157));
#18903 = VERTEX_POINT('',#18902);
#18904 = EDGE_CURVE('',#18897,#18903,#18901,.T.);
#18905 = ORIENTED_EDGE('',*,*,#18904,.T.);
#18906 = VECTOR('',#354,1.);
#18907 = LINE('',#18902,#18906);
#18908 = CARTESIAN_POINT('',(15.24,-53.665,10.157));
#18909 = VERTEX_POINT('',#18908);
#18910 = EDGE_CURVE('',#18903,#18909,#18907,.T.);
#18911 = ORIENTED_EDGE('',*,*,#18910,.T.);
#18912 = VECTOR('',#346,1.);
#18913 = LINE('',#18908,#18912);
#18914 = CARTESIAN_POINT('',(15.469809704,-53.569809704,10.157));
#18915 = VERTEX_POINT('',#18914);
#18916 = EDGE_CURVE('',#18909,#18915,#18913,.T.);
#18917 = ORIENTED_EDGE('',*,*,#18916,.T.);
#18918 = VECTOR('',#368,1.);
#18919 = LINE('',#18914,#18918);
#18920 = EDGE_CURVE('',#18915,#18879,#18919,.T.);
#18921 = ORIENTED_EDGE('',*,*,#18920,.T.);
#18922 = EDGE_LOOP('',(#18881,#18887,#18893,#18899,#18905,#18911,#18917,#18921));
#18923 = FACE_OUTER_BOUND('',#18922,.T.);
#18924 = ADVANCED_FACE('',(#18923),#18874,.T.);
#18925 = AXIS2_PLACEMENT_3D('',#18861,#346,#20);
#18926 = PLANE('',#18925);
#18927 = ORIENTED_EDGE('',*,*,#18863,.F.);
#18928 = VECTOR('',#16,1.);
#18929 = LINE('',#18855,#18928);
#18930 = EDGE_CURVE('',#18856,#18878,#18929,.T.);
#18931 = ORIENTED_EDGE('',*,*,#18930,.T.);
#18932 = ORIENTED_EDGE('',*,*,#18880,.T.);
#18933 = VECTOR('',#16,1.);
#18934 = LINE('',#18861,#18933);
#18935 = EDGE_CURVE('',#18862,#18879,#18934,.T.);
#18936 = ORIENTED_EDGE('',*,*,#18935,.F.);
#18937 = EDGE_LOOP('',(#18927,#18931,#18932,#18936));
#18938 = FACE_OUTER_BOUND('',#18937,.T.);
#18939 = ADVANCED_FACE('',(#18938),#18926,.T.);
#18940 = AXIS2_PLACEMENT_3D('',#18855,#368,#16);
#18941 = PLANE('',#18940);
#18942 = ORIENTED_EDGE('',*,*,#18857,.F.);
#18943 = VECTOR('',#16,1.);
#18944 = LINE('',#18849,#18943);
#18945 = EDGE_CURVE('',#18850,#18885,#18944,.T.);
#18946 = ORIENTED_EDGE('',*,*,#18945,.T.);
#18947 = ORIENTED_EDGE('',*,*,#18886,.T.);
#18948 = ORIENTED_EDGE('',*,*,#18930,.F.);
#18949 = EDGE_LOOP('',(#18942,#18946,#18947,#18948));
#18950 = FACE_OUTER_BOUND('',#18949,.T.);
#18951 = ADVANCED_FACE('',(#18950),#18941,.T.);
#18952 = AXIS2_PLACEMENT_3D('',#18849,#480,#16);
#18953 = PLANE('',#18952);
#18954 = ORIENTED_EDGE('',*,*,#18851,.F.);
#18955 = VECTOR('',#16,1.);
#18956 = LINE('',#18843,#18955);
#18957 = EDGE_CURVE('',#18844,#18891,#18956,.T.);
#18958 = ORIENTED_EDGE('',*,*,#18957,.T.);
#18959 = ORIENTED_EDGE('',*,*,#18892,.T.);
#18960 = ORIENTED_EDGE('',*,*,#18945,.F.);
#18961 = EDGE_LOOP('',(#18954,#18958,#18959,#18960));
#18962 = FACE_OUTER_BOUND('',#18961,.T.);
#18963 = ADVANCED_FACE('',(#18962),#18953,.T.);
#18964 = AXIS2_PLACEMENT_3D('',#18843,#493,#16);
#18965 = PLANE('',#18964);
#18966 = ORIENTED_EDGE('',*,*,#18845,.F.);
#18967 = VECTOR('',#16,1.);
#18968 = LINE('',#18836,#18967);
#18969 = EDGE_CURVE('',#18838,#18897,#18968,.T.);
#18970 = ORIENTED_EDGE('',*,*,#18969,.T.);
#18971 = ORIENTED_EDGE('',*,*,#18898,.T.);
#18972 = ORIENTED_EDGE('',*,*,#18957,.F.);
#18973 = EDGE_LOOP('',(#18966,#18970,#18971,#18972));
#18974 = FACE_OUTER_BOUND('',#18973,.T.);
#18975 = ADVANCED_FACE('',(#18974),#18965,.T.);
#18976 = AXIS2_PLACEMENT_3D('',#18836,#506,#16);
#18977 = PLANE('',#18976);
#18978 = ORIENTED_EDGE('',*,*,#18839,.T.);
#18979 = VECTOR('',#16,1.);
#18980 = LINE('',#18830,#18979);
#18981 = EDGE_CURVE('',#18832,#18903,#18980,.T.);
#18982 = ORIENTED_EDGE('',*,*,#18981,.T.);
#18983 = ORIENTED_EDGE('',*,*,#18904,.F.);
#18984 = ORIENTED_EDGE('',*,*,#18969,.F.);
#18985 = EDGE_LOOP('',(#18978,#18982,#18983,#18984));
#18986 = FACE_OUTER_BOUND('',#18985,.T.);
#18987 = ADVANCED_FACE('',(#18986),#18977,.T.);
#18988 = AXIS2_PLACEMENT_3D('',#18830,#519,#20);
#18989 = PLANE('',#18988);
#18990 = ORIENTED_EDGE('',*,*,#18833,.T.);
#18991 = VECTOR('',#16,1.);
#18992 = LINE('',#18823,#18991);
#18993 = EDGE_CURVE('',#18825,#18909,#18992,.T.);
#18994 = ORIENTED_EDGE('',*,*,#18993,.T.);
#18995 = ORIENTED_EDGE('',*,*,#18910,.F.);
#18996 = ORIENTED_EDGE('',*,*,#18981,.F.);
#18997 = EDGE_LOOP('',(#18990,#18994,#18995,#18996));
#18998 = FACE_OUTER_BOUND('',#18997,.T.);
#18999 = ADVANCED_FACE('',(#18998),#18989,.T.);
#19000 = AXIS2_PLACEMENT_3D('',#18823,#361,#20);
#19001 = PLANE('',#19000);
#19002 = ORIENTED_EDGE('',*,*,#18827,.T.);
#19003 = VECTOR('',#16,1.);
#19004 = LINE('',#18819,#19003);
#19005 = EDGE_CURVE('',#18826,#18915,#19004,.T.);
#19006 = ORIENTED_EDGE('',*,*,#19005,.T.);
#19007 = ORIENTED_EDGE('',*,*,#18916,.F.);
#19008 = ORIENTED_EDGE('',*,*,#18993,.F.);
#19009 = EDGE_LOOP('',(#19002,#19006,#19007,#19008));
#19010 = FACE_OUTER_BOUND('',#19009,.T.);
#19011 = ADVANCED_FACE('',(#19010),#19001,.T.);
#19012 = AXIS2_PLACEMENT_3D('',#18819,#354,#20);
#19013 = PLANE('',#19012);
#19014 = ORIENTED_EDGE('',*,*,#18867,.T.);
#19015 = ORIENTED_EDGE('',*,*,#18935,.T.);
#19016 = ORIENTED_EDGE('',*,*,#18920,.F.);
#19017 = ORIENTED_EDGE('',*,*,#19005,.F.);
#19018 = EDGE_LOOP('',(#19014,#19015,#19016,#19017));
#19019 = FACE_OUTER_BOUND('',#19018,.T.);
#19020 = ADVANCED_FACE('',(#19019),#19013,.T.);
#19021 = CLOSED_SHELL('',(#18871,#18924,#18939,#18951,#18963,#18975,#18987,#18999,#19011,#19020));
#19022 = MANIFOLD_SOLID_BREP('lead',#19021);
#19023 = CARTESIAN_POINT('',(15.406170094,-56.046170094,0.007));
#19024 = AXIS2_PLACEMENT_3D('',#19023,#20,#21);
#19025 = PLANE('',#19024);
#19026 = VECTOR('',#134,1.);
#19027 = CARTESIAN_POINT('',(15.24,-56.115,0.007));
#19028 = LINE('',#19027,#19026);
#19029 = VERTEX_POINT('',#19027);
#19030 = VERTEX_POINT('',#19023);
#19031 = EDGE_CURVE('',#19029,#19030,#19028,.T.);
#19032 = ORIENTED_EDGE('',*,*,#19031,.F.);
#19033 = VECTOR('',#142,1.);
#19034 = CARTESIAN_POINT('',(15.073829906,-56.046170094,0.007));
#19035 = LINE('',#19034,#19033);
#19036 = VERTEX_POINT('',#19034);
#19037 = EDGE_CURVE('',#19036,#19029,#19035,.T.);
#19038 = ORIENTED_EDGE('',*,*,#19037,.F.);
#19039 = VECTOR('',#149,1.);
#19040 = CARTESIAN_POINT('',(15.005,-55.88,0.007));
#19041 = LINE('',#19040,#19039);
#19042 = VERTEX_POINT('',#19040);
#19043 = EDGE_CURVE('',#19042,#19036,#19041,.T.);
#19044 = ORIENTED_EDGE('',*,*,#19043,.F.);
#19045 = VECTOR('',#156,1.);
#19046 = LINE('',#19040,#19045);
#19047 = CARTESIAN_POINT('',(15.073829906,-55.713829906,0.007));
#19048 = VERTEX_POINT('',#19047);
#19049 = EDGE_CURVE('',#19042,#19048,#19046,.T.);
#19050 = ORIENTED_EDGE('',*,*,#19049,.T.);
#19051 = VECTOR('',#134,1.);
#19052 = LINE('',#19047,#19051);
#19053 = CARTESIAN_POINT('',(15.24,-55.645,0.007));
#19054 = VERTEX_POINT('',#19053);
#19055 = EDGE_CURVE('',#19048,#19054,#19052,.T.);
#19056 = ORIENTED_EDGE('',*,*,#19055,.T.);
#19057 = VECTOR('',#142,1.);
#19058 = LINE('',#19053,#19057);
#19059 = CARTESIAN_POINT('',(15.406170094,-55.713829906,0.007));
#19060 = VERTEX_POINT('',#19059);
#19061 = EDGE_CURVE('',#19054,#19060,#19058,.T.);
#19062 = ORIENTED_EDGE('',*,*,#19061,.T.);
#19063 = VECTOR('',#149,1.);
#19064 = LINE('',#19059,#19063);
#19065 = CARTESIAN_POINT('',(15.475,-55.88,0.007));
#19066 = VERTEX_POINT('',#19065);
#19067 = EDGE_CURVE('',#19060,#19066,#19064,.T.);
#19068 = ORIENTED_EDGE('',*,*,#19067,.T.);
#19069 = VECTOR('',#156,1.);
#19070 = LINE('',#19023,#19069);
#19071 = EDGE_CURVE('',#19030,#19066,#19070,.T.);
#19072 = ORIENTED_EDGE('',*,*,#19071,.F.);
#19073 = EDGE_LOOP('',(#19032,#19038,#19044,#19050,#19056,#19062,#19068,#19072));
#19074 = FACE_OUTER_BOUND('',#19073,.T.);
#19075 = ADVANCED_FACE('',(#19074),#19025,.T.);
#19076 = CARTESIAN_POINT('',(15.475,-55.88,4.007));
#19077 = AXIS2_PLACEMENT_3D('',#19076,#16,#51);
#19078 = PLANE('',#19077);
#19079 = VECTOR('',#149,1.);
#19080 = CARTESIAN_POINT('',(15.406170094,-55.713829906,4.007));
#19081 = LINE('',#19080,#19079);
#19082 = VERTEX_POINT('',#19080);
#19083 = VERTEX_POINT('',#19076);
#19084 = EDGE_CURVE('',#19082,#19083,#19081,.T.);
#19085 = ORIENTED_EDGE('',*,*,#19084,.F.);
#19086 = VECTOR('',#142,1.);
#19087 = CARTESIAN_POINT('',(15.24,-55.645,4.007));
#19088 = LINE('',#19087,#19086);
#19089 = VERTEX_POINT('',#19087);
#19090 = EDGE_CURVE('',#19089,#19082,#19088,.T.);
#19091 = ORIENTED_EDGE('',*,*,#19090,.F.);
#19092 = VECTOR('',#134,1.);
#19093 = CARTESIAN_POINT('',(15.073829906,-55.713829906,4.007));
#19094 = LINE('',#19093,#19092);
#19095 = VERTEX_POINT('',#19093);
#19096 = EDGE_CURVE('',#19095,#19089,#19094,.T.);
#19097 = ORIENTED_EDGE('',*,*,#19096,.F.);
#19098 = VECTOR('',#156,1.);
#19099 = CARTESIAN_POINT('',(15.005,-55.88,4.007));
#19100 = LINE('',#19099,#19098);
#19101 = VERTEX_POINT('',#19099);
#19102 = EDGE_CURVE('',#19101,#19095,#19100,.T.);
#19103 = ORIENTED_EDGE('',*,*,#19102,.F.);
#19104 = VECTOR('',#149,1.);
#19105 = LINE('',#19099,#19104);
#19106 = CARTESIAN_POINT('',(15.073829906,-56.046170094,4.007));
#19107 = VERTEX_POINT('',#19106);
#19108 = EDGE_CURVE('',#19101,#19107,#19105,.T.);
#19109 = ORIENTED_EDGE('',*,*,#19108,.T.);
#19110 = VECTOR('',#142,1.);
#19111 = LINE('',#19106,#19110);
#19112 = CARTESIAN_POINT('',(15.24,-56.115,4.007));
#19113 = VERTEX_POINT('',#19112);
#19114 = EDGE_CURVE('',#19107,#19113,#19111,.T.);
#19115 = ORIENTED_EDGE('',*,*,#19114,.T.);
#19116 = VECTOR('',#134,1.);
#19117 = LINE('',#19112,#19116);
#19118 = CARTESIAN_POINT('',(15.406170094,-56.046170094,4.007));
#19119 = VERTEX_POINT('',#19118);
#19120 = EDGE_CURVE('',#19113,#19119,#19117,.T.);
#19121 = ORIENTED_EDGE('',*,*,#19120,.T.);
#19122 = VECTOR('',#156,1.);
#19123 = LINE('',#19118,#19122);
#19124 = EDGE_CURVE('',#19119,#19083,#19123,.T.);
#19125 = ORIENTED_EDGE('',*,*,#19124,.T.);
#19126 = EDGE_LOOP('',(#19085,#19091,#19097,#19103,#19109,#19115,#19121,#19125));
#19127 = FACE_OUTER_BOUND('',#19126,.T.);
#19128 = ADVANCED_FACE('',(#19127),#19078,.T.);
#19129 = AXIS2_PLACEMENT_3D('',#19065,#134,#20);
#19130 = PLANE('',#19129);
#19131 = ORIENTED_EDGE('',*,*,#19067,.F.);
#19132 = VECTOR('',#16,1.);
#19133 = LINE('',#19059,#19132);
#19134 = EDGE_CURVE('',#19060,#19082,#19133,.T.);
#19135 = ORIENTED_EDGE('',*,*,#19134,.T.);
#19136 = ORIENTED_EDGE('',*,*,#19084,.T.);
#19137 = VECTOR('',#16,1.);
#19138 = LINE('',#19065,#19137);
#19139 = EDGE_CURVE('',#19066,#19083,#19138,.T.);
#19140 = ORIENTED_EDGE('',*,*,#19139,.F.);
#19141 = EDGE_LOOP('',(#19131,#19135,#19136,#19140));
#19142 = FACE_OUTER_BOUND('',#19141,.T.);
#19143 = ADVANCED_FACE('',(#19142),#19130,.T.);
#19144 = AXIS2_PLACEMENT_3D('',#19059,#156,#16);
#19145 = PLANE('',#19144);
#19146 = ORIENTED_EDGE('',*,*,#19061,.F.);
#19147 = VECTOR('',#16,1.);
#19148 = LINE('',#19053,#19147);
#19149 = EDGE_CURVE('',#19054,#19089,#19148,.T.);
#19150 = ORIENTED_EDGE('',*,*,#19149,.T.);
#19151 = ORIENTED_EDGE('',*,*,#19090,.T.);
#19152 = ORIENTED_EDGE('',*,*,#19134,.F.);
#19153 = EDGE_LOOP('',(#19146,#19150,#19151,#19152));
#19154 = FACE_OUTER_BOUND('',#19153,.T.);
#19155 = ADVANCED_FACE('',(#19154),#19145,.T.);
#19156 = AXIS2_PLACEMENT_3D('',#19053,#268,#16);
#19157 = PLANE('',#19156);
#19158 = ORIENTED_EDGE('',*,*,#19055,.F.);
#19159 = VECTOR('',#16,1.);
#19160 = LINE('',#19047,#19159);
#19161 = EDGE_CURVE('',#19048,#19095,#19160,.T.);
#19162 = ORIENTED_EDGE('',*,*,#19161,.T.);
#19163 = ORIENTED_EDGE('',*,*,#19096,.T.);
#19164 = ORIENTED_EDGE('',*,*,#19149,.F.);
#19165 = EDGE_LOOP('',(#19158,#19162,#19163,#19164));
#19166 = FACE_OUTER_BOUND('',#19165,.T.);
#19167 = ADVANCED_FACE('',(#19166),#19157,.T.);
#19168 = AXIS2_PLACEMENT_3D('',#19047,#281,#16);
#19169 = PLANE('',#19168);
#19170 = ORIENTED_EDGE('',*,*,#19049,.F.);
#19171 = VECTOR('',#16,1.);
#19172 = LINE('',#19040,#19171);
#19173 = EDGE_CURVE('',#19042,#19101,#19172,.T.);
#19174 = ORIENTED_EDGE('',*,*,#19173,.T.);
#19175 = ORIENTED_EDGE('',*,*,#19102,.T.);
#19176 = ORIENTED_EDGE('',*,*,#19161,.F.);
#19177 = EDGE_LOOP('',(#19170,#19174,#19175,#19176));
#19178 = FACE_OUTER_BOUND('',#19177,.T.);
#19179 = ADVANCED_FACE('',(#19178),#19169,.T.);
#19180 = AXIS2_PLACEMENT_3D('',#19040,#294,#16);
#19181 = PLANE('',#19180);
#19182 = ORIENTED_EDGE('',*,*,#19043,.T.);
#19183 = VECTOR('',#16,1.);
#19184 = LINE('',#19034,#19183);
#19185 = EDGE_CURVE('',#19036,#19107,#19184,.T.);
#19186 = ORIENTED_EDGE('',*,*,#19185,.T.);
#19187 = ORIENTED_EDGE('',*,*,#19108,.F.);
#19188 = ORIENTED_EDGE('',*,*,#19173,.F.);
#19189 = EDGE_LOOP('',(#19182,#19186,#19187,#19188));
#19190 = FACE_OUTER_BOUND('',#19189,.T.);
#19191 = ADVANCED_FACE('',(#19190),#19181,.T.);
#19192 = AXIS2_PLACEMENT_3D('',#19034,#307,#20);
#19193 = PLANE('',#19192);
#19194 = ORIENTED_EDGE('',*,*,#19037,.T.);
#19195 = VECTOR('',#16,1.);
#19196 = LINE('',#19027,#19195);
#19197 = EDGE_CURVE('',#19029,#19113,#19196,.T.);
#19198 = ORIENTED_EDGE('',*,*,#19197,.T.);
#19199 = ORIENTED_EDGE('',*,*,#19114,.F.);
#19200 = ORIENTED_EDGE('',*,*,#19185,.F.);
#19201 = EDGE_LOOP('',(#19194,#19198,#19199,#19200));
#19202 = FACE_OUTER_BOUND('',#19201,.T.);
#19203 = ADVANCED_FACE('',(#19202),#19193,.T.);
#19204 = AXIS2_PLACEMENT_3D('',#19027,#149,#20);
#19205 = PLANE('',#19204);
#19206 = ORIENTED_EDGE('',*,*,#19031,.T.);
#19207 = VECTOR('',#16,1.);
#19208 = LINE('',#19023,#19207);
#19209 = EDGE_CURVE('',#19030,#19119,#19208,.T.);
#19210 = ORIENTED_EDGE('',*,*,#19209,.T.);
#19211 = ORIENTED_EDGE('',*,*,#19120,.F.);
#19212 = ORIENTED_EDGE('',*,*,#19197,.F.);
#19213 = EDGE_LOOP('',(#19206,#19210,#19211,#19212));
#19214 = FACE_OUTER_BOUND('',#19213,.T.);
#19215 = ADVANCED_FACE('',(#19214),#19205,.T.);
#19216 = AXIS2_PLACEMENT_3D('',#19023,#142,#20);
#19217 = PLANE('',#19216);
#19218 = ORIENTED_EDGE('',*,*,#19071,.T.);
#19219 = ORIENTED_EDGE('',*,*,#19139,.T.);
#19220 = ORIENTED_EDGE('',*,*,#19124,.F.);
#19221 = ORIENTED_EDGE('',*,*,#19209,.F.);
#19222 = EDGE_LOOP('',(#19218,#19219,#19220,#19221));
#19223 = FACE_OUTER_BOUND('',#19222,.T.);
#19224 = ADVANCED_FACE('',(#19223),#19217,.T.);
#19225 = CLOSED_SHELL('',(#19075,#19128,#19143,#19155,#19167,#19179,#19191,#19203,#19215,#19224));
#19226 = MANIFOLD_SOLID_BREP('contact',#19225);
#19227 = CARTESIAN_POINT('',(15.469809704,-56.109809704,8.057));
#19228 = AXIS2_PLACEMENT_3D('',#19227,#20,#21);
#19229 = PLANE('',#19228);
#19230 = VECTOR('',#346,1.);
#19231 = CARTESIAN_POINT('',(15.24,-56.205,8.057));
#19232 = LINE('',#19231,#19230);
#19233 = VERTEX_POINT('',#19231);
#19234 = VERTEX_POINT('',#19227);
#19235 = EDGE_CURVE('',#19233,#19234,#19232,.T.);
#19236 = ORIENTED_EDGE('',*,*,#19235,.F.);
#19237 = VECTOR('',#354,1.);
#19238 = CARTESIAN_POINT('',(15.010190296,-56.109809704,8.057));
#19239 = LINE('',#19238,#19237);
#19240 = VERTEX_POINT('',#19238);
#19241 = EDGE_CURVE('',#19240,#19233,#19239,.T.);
#19242 = ORIENTED_EDGE('',*,*,#19241,.F.);
#19243 = VECTOR('',#361,1.);
#19244 = CARTESIAN_POINT('',(14.915,-55.88,8.057));
#19245 = LINE('',#19244,#19243);
#19246 = VERTEX_POINT('',#19244);
#19247 = EDGE_CURVE('',#19246,#19240,#19245,.T.);
#19248 = ORIENTED_EDGE('',*,*,#19247,.F.);
#19249 = VECTOR('',#368,1.);
#19250 = LINE('',#19244,#19249);
#19251 = CARTESIAN_POINT('',(15.010190296,-55.650190296,8.057));
#19252 = VERTEX_POINT('',#19251);
#19253 = EDGE_CURVE('',#19246,#19252,#19250,.T.);
#19254 = ORIENTED_EDGE('',*,*,#19253,.T.);
#19255 = VECTOR('',#346,1.);
#19256 = LINE('',#19251,#19255);
#19257 = CARTESIAN_POINT('',(15.24,-55.555,8.057));
#19258 = VERTEX_POINT('',#19257);
#19259 = EDGE_CURVE('',#19252,#19258,#19256,.T.);
#19260 = ORIENTED_EDGE('',*,*,#19259,.T.);
#19261 = VECTOR('',#354,1.);
#19262 = LINE('',#19257,#19261);
#19263 = CARTESIAN_POINT('',(15.469809704,-55.650190296,8.057));
#19264 = VERTEX_POINT('',#19263);
#19265 = EDGE_CURVE('',#19258,#19264,#19262,.T.);
#19266 = ORIENTED_EDGE('',*,*,#19265,.T.);
#19267 = VECTOR('',#361,1.);
#19268 = LINE('',#19263,#19267);
#19269 = CARTESIAN_POINT('',(15.565,-55.88,8.057));
#19270 = VERTEX_POINT('',#19269);
#19271 = EDGE_CURVE('',#19264,#19270,#19268,.T.);
#19272 = ORIENTED_EDGE('',*,*,#19271,.T.);
#19273 = VECTOR('',#368,1.);
#19274 = LINE('',#19227,#19273);
#19275 = EDGE_CURVE('',#19234,#19270,#19274,.T.);
#19276 = ORIENTED_EDGE('',*,*,#19275,.F.);
#19277 = EDGE_LOOP('',(#19236,#19242,#19248,#19254,#19260,#19266,#19272,#19276));
#19278 = FACE_OUTER_BOUND('',#19277,.T.);
#19279 = ADVANCED_FACE('',(#19278),#19229,.T.);
#19280 = CARTESIAN_POINT('',(15.565,-55.88,10.157));
#19281 = AXIS2_PLACEMENT_3D('',#19280,#16,#51);
#19282 = PLANE('',#19281);
#19283 = VECTOR('',#361,1.);
#19284 = CARTESIAN_POINT('',(15.469809704,-55.650190296,10.157));
#19285 = LINE('',#19284,#19283);
#19286 = VERTEX_POINT('',#19284);
#19287 = VERTEX_POINT('',#19280);
#19288 = EDGE_CURVE('',#19286,#19287,#19285,.T.);
#19289 = ORIENTED_EDGE('',*,*,#19288,.F.);
#19290 = VECTOR('',#354,1.);
#19291 = CARTESIAN_POINT('',(15.24,-55.555,10.157));
#19292 = LINE('',#19291,#19290);
#19293 = VERTEX_POINT('',#19291);
#19294 = EDGE_CURVE('',#19293,#19286,#19292,.T.);
#19295 = ORIENTED_EDGE('',*,*,#19294,.F.);
#19296 = VECTOR('',#346,1.);
#19297 = CARTESIAN_POINT('',(15.010190296,-55.650190296,10.157));
#19298 = LINE('',#19297,#19296);
#19299 = VERTEX_POINT('',#19297);
#19300 = EDGE_CURVE('',#19299,#19293,#19298,.T.);
#19301 = ORIENTED_EDGE('',*,*,#19300,.F.);
#19302 = VECTOR('',#368,1.);
#19303 = CARTESIAN_POINT('',(14.915,-55.88,10.157));
#19304 = LINE('',#19303,#19302);
#19305 = VERTEX_POINT('',#19303);
#19306 = EDGE_CURVE('',#19305,#19299,#19304,.T.);
#19307 = ORIENTED_EDGE('',*,*,#19306,.F.);
#19308 = VECTOR('',#361,1.);
#19309 = LINE('',#19303,#19308);
#19310 = CARTESIAN_POINT('',(15.010190296,-56.109809704,10.157));
#19311 = VERTEX_POINT('',#19310);
#19312 = EDGE_CURVE('',#19305,#19311,#19309,.T.);
#19313 = ORIENTED_EDGE('',*,*,#19312,.T.);
#19314 = VECTOR('',#354,1.);
#19315 = LINE('',#19310,#19314);
#19316 = CARTESIAN_POINT('',(15.24,-56.205,10.157));
#19317 = VERTEX_POINT('',#19316);
#19318 = EDGE_CURVE('',#19311,#19317,#19315,.T.);
#19319 = ORIENTED_EDGE('',*,*,#19318,.T.);
#19320 = VECTOR('',#346,1.);
#19321 = LINE('',#19316,#19320);
#19322 = CARTESIAN_POINT('',(15.469809704,-56.109809704,10.157));
#19323 = VERTEX_POINT('',#19322);
#19324 = EDGE_CURVE('',#19317,#19323,#19321,.T.);
#19325 = ORIENTED_EDGE('',*,*,#19324,.T.);
#19326 = VECTOR('',#368,1.);
#19327 = LINE('',#19322,#19326);
#19328 = EDGE_CURVE('',#19323,#19287,#19327,.T.);
#19329 = ORIENTED_EDGE('',*,*,#19328,.T.);
#19330 = EDGE_LOOP('',(#19289,#19295,#19301,#19307,#19313,#19319,#19325,#19329));
#19331 = FACE_OUTER_BOUND('',#19330,.T.);
#19332 = ADVANCED_FACE('',(#19331),#19282,.T.);
#19333 = AXIS2_PLACEMENT_3D('',#19269,#346,#20);
#19334 = PLANE('',#19333);
#19335 = ORIENTED_EDGE('',*,*,#19271,.F.);
#19336 = VECTOR('',#16,1.);
#19337 = LINE('',#19263,#19336);
#19338 = EDGE_CURVE('',#19264,#19286,#19337,.T.);
#19339 = ORIENTED_EDGE('',*,*,#19338,.T.);
#19340 = ORIENTED_EDGE('',*,*,#19288,.T.);
#19341 = VECTOR('',#16,1.);
#19342 = LINE('',#19269,#19341);
#19343 = EDGE_CURVE('',#19270,#19287,#19342,.T.);
#19344 = ORIENTED_EDGE('',*,*,#19343,.F.);
#19345 = EDGE_LOOP('',(#19335,#19339,#19340,#19344));
#19346 = FACE_OUTER_BOUND('',#19345,.T.);
#19347 = ADVANCED_FACE('',(#19346),#19334,.T.);
#19348 = AXIS2_PLACEMENT_3D('',#19263,#368,#16);
#19349 = PLANE('',#19348);
#19350 = ORIENTED_EDGE('',*,*,#19265,.F.);
#19351 = VECTOR('',#16,1.);
#19352 = LINE('',#19257,#19351);
#19353 = EDGE_CURVE('',#19258,#19293,#19352,.T.);
#19354 = ORIENTED_EDGE('',*,*,#19353,.T.);
#19355 = ORIENTED_EDGE('',*,*,#19294,.T.);
#19356 = ORIENTED_EDGE('',*,*,#19338,.F.);
#19357 = EDGE_LOOP('',(#19350,#19354,#19355,#19356));
#19358 = FACE_OUTER_BOUND('',#19357,.T.);
#19359 = ADVANCED_FACE('',(#19358),#19349,.T.);
#19360 = AXIS2_PLACEMENT_3D('',#19257,#480,#16);
#19361 = PLANE('',#19360);
#19362 = ORIENTED_EDGE('',*,*,#19259,.F.);
#19363 = VECTOR('',#16,1.);
#19364 = LINE('',#19251,#19363);
#19365 = EDGE_CURVE('',#19252,#19299,#19364,.T.);
#19366 = ORIENTED_EDGE('',*,*,#19365,.T.);
#19367 = ORIENTED_EDGE('',*,*,#19300,.T.);
#19368 = ORIENTED_EDGE('',*,*,#19353,.F.);
#19369 = EDGE_LOOP('',(#19362,#19366,#19367,#19368));
#19370 = FACE_OUTER_BOUND('',#19369,.T.);
#19371 = ADVANCED_FACE('',(#19370),#19361,.T.);
#19372 = AXIS2_PLACEMENT_3D('',#19251,#493,#16);
#19373 = PLANE('',#19372);
#19374 = ORIENTED_EDGE('',*,*,#19253,.F.);
#19375 = VECTOR('',#16,1.);
#19376 = LINE('',#19244,#19375);
#19377 = EDGE_CURVE('',#19246,#19305,#19376,.T.);
#19378 = ORIENTED_EDGE('',*,*,#19377,.T.);
#19379 = ORIENTED_EDGE('',*,*,#19306,.T.);
#19380 = ORIENTED_EDGE('',*,*,#19365,.F.);
#19381 = EDGE_LOOP('',(#19374,#19378,#19379,#19380));
#19382 = FACE_OUTER_BOUND('',#19381,.T.);
#19383 = ADVANCED_FACE('',(#19382),#19373,.T.);
#19384 = AXIS2_PLACEMENT_3D('',#19244,#506,#16);
#19385 = PLANE('',#19384);
#19386 = ORIENTED_EDGE('',*,*,#19247,.T.);
#19387 = VECTOR('',#16,1.);
#19388 = LINE('',#19238,#19387);
#19389 = EDGE_CURVE('',#19240,#19311,#19388,.T.);
#19390 = ORIENTED_EDGE('',*,*,#19389,.T.);
#19391 = ORIENTED_EDGE('',*,*,#19312,.F.);
#19392 = ORIENTED_EDGE('',*,*,#19377,.F.);
#19393 = EDGE_LOOP('',(#19386,#19390,#19391,#19392));
#19394 = FACE_OUTER_BOUND('',#19393,.T.);
#19395 = ADVANCED_FACE('',(#19394),#19385,.T.);
#19396 = AXIS2_PLACEMENT_3D('',#19238,#519,#20);
#19397 = PLANE('',#19396);
#19398 = ORIENTED_EDGE('',*,*,#19241,.T.);
#19399 = VECTOR('',#16,1.);
#19400 = LINE('',#19231,#19399);
#19401 = EDGE_CURVE('',#19233,#19317,#19400,.T.);
#19402 = ORIENTED_EDGE('',*,*,#19401,.T.);
#19403 = ORIENTED_EDGE('',*,*,#19318,.F.);
#19404 = ORIENTED_EDGE('',*,*,#19389,.F.);
#19405 = EDGE_LOOP('',(#19398,#19402,#19403,#19404));
#19406 = FACE_OUTER_BOUND('',#19405,.T.);
#19407 = ADVANCED_FACE('',(#19406),#19397,.T.);
#19408 = AXIS2_PLACEMENT_3D('',#19231,#361,#20);
#19409 = PLANE('',#19408);
#19410 = ORIENTED_EDGE('',*,*,#19235,.T.);
#19411 = VECTOR('',#16,1.);
#19412 = LINE('',#19227,#19411);
#19413 = EDGE_CURVE('',#19234,#19323,#19412,.T.);
#19414 = ORIENTED_EDGE('',*,*,#19413,.T.);
#19415 = ORIENTED_EDGE('',*,*,#19324,.F.);
#19416 = ORIENTED_EDGE('',*,*,#19401,.F.);
#19417 = EDGE_LOOP('',(#19410,#19414,#19415,#19416));
#19418 = FACE_OUTER_BOUND('',#19417,.T.);
#19419 = ADVANCED_FACE('',(#19418),#19409,.T.);
#19420 = AXIS2_PLACEMENT_3D('',#19227,#354,#20);
#19421 = PLANE('',#19420);
#19422 = ORIENTED_EDGE('',*,*,#19275,.T.);
#19423 = ORIENTED_EDGE('',*,*,#19343,.T.);
#19424 = ORIENTED_EDGE('',*,*,#19328,.F.);
#19425 = ORIENTED_EDGE('',*,*,#19413,.F.);
#19426 = EDGE_LOOP('',(#19422,#19423,#19424,#19425));
#19427 = FACE_OUTER_BOUND('',#19426,.T.);
#19428 = ADVANCED_FACE('',(#19427),#19421,.T.);
#19429 = CLOSED_SHELL('',(#19279,#19332,#19347,#19359,#19371,#19383,#19395,#19407,#19419,#19428));
#19430 = MANIFOLD_SOLID_BREP('lead',#19429);
#19431 = CARTESIAN_POINT('',(15.406170094,-58.586170094,0.007));
#19432 = AXIS2_PLACEMENT_3D('',#19431,#20,#21);
#19433 = PLANE('',#19432);
#19434 = VECTOR('',#134,1.);
#19435 = CARTESIAN_POINT('',(15.24,-58.655,0.007));
#19436 = LINE('',#19435,#19434);
#19437 = VERTEX_POINT('',#19435);
#19438 = VERTEX_POINT('',#19431);
#19439 = EDGE_CURVE('',#19437,#19438,#19436,.T.);
#19440 = ORIENTED_EDGE('',*,*,#19439,.F.);
#19441 = VECTOR('',#142,1.);
#19442 = CARTESIAN_POINT('',(15.073829906,-58.586170094,0.007));
#19443 = LINE('',#19442,#19441);
#19444 = VERTEX_POINT('',#19442);
#19445 = EDGE_CURVE('',#19444,#19437,#19443,.T.);
#19446 = ORIENTED_EDGE('',*,*,#19445,.F.);
#19447 = VECTOR('',#149,1.);
#19448 = CARTESIAN_POINT('',(15.005,-58.42,0.007));
#19449 = LINE('',#19448,#19447);
#19450 = VERTEX_POINT('',#19448);
#19451 = EDGE_CURVE('',#19450,#19444,#19449,.T.);
#19452 = ORIENTED_EDGE('',*,*,#19451,.F.);
#19453 = VECTOR('',#156,1.);
#19454 = LINE('',#19448,#19453);
#19455 = CARTESIAN_POINT('',(15.073829906,-58.253829906,0.007));
#19456 = VERTEX_POINT('',#19455);
#19457 = EDGE_CURVE('',#19450,#19456,#19454,.T.);
#19458 = ORIENTED_EDGE('',*,*,#19457,.T.);
#19459 = VECTOR('',#134,1.);
#19460 = LINE('',#19455,#19459);
#19461 = CARTESIAN_POINT('',(15.24,-58.185,0.007));
#19462 = VERTEX_POINT('',#19461);
#19463 = EDGE_CURVE('',#19456,#19462,#19460,.T.);
#19464 = ORIENTED_EDGE('',*,*,#19463,.T.);
#19465 = VECTOR('',#142,1.);
#19466 = LINE('',#19461,#19465);
#19467 = CARTESIAN_POINT('',(15.406170094,-58.253829906,0.007));
#19468 = VERTEX_POINT('',#19467);
#19469 = EDGE_CURVE('',#19462,#19468,#19466,.T.);
#19470 = ORIENTED_EDGE('',*,*,#19469,.T.);
#19471 = VECTOR('',#149,1.);
#19472 = LINE('',#19467,#19471);
#19473 = CARTESIAN_POINT('',(15.475,-58.42,0.007));
#19474 = VERTEX_POINT('',#19473);
#19475 = EDGE_CURVE('',#19468,#19474,#19472,.T.);
#19476 = ORIENTED_EDGE('',*,*,#19475,.T.);
#19477 = VECTOR('',#156,1.);
#19478 = LINE('',#19431,#19477);
#19479 = EDGE_CURVE('',#19438,#19474,#19478,.T.);
#19480 = ORIENTED_EDGE('',*,*,#19479,.F.);
#19481 = EDGE_LOOP('',(#19440,#19446,#19452,#19458,#19464,#19470,#19476,#19480));
#19482 = FACE_OUTER_BOUND('',#19481,.T.);
#19483 = ADVANCED_FACE('',(#19482),#19433,.T.);
#19484 = CARTESIAN_POINT('',(15.475,-58.42,4.007));
#19485 = AXIS2_PLACEMENT_3D('',#19484,#16,#51);
#19486 = PLANE('',#19485);
#19487 = VECTOR('',#149,1.);
#19488 = CARTESIAN_POINT('',(15.406170094,-58.253829906,4.007));
#19489 = LINE('',#19488,#19487);
#19490 = VERTEX_POINT('',#19488);
#19491 = VERTEX_POINT('',#19484);
#19492 = EDGE_CURVE('',#19490,#19491,#19489,.T.);
#19493 = ORIENTED_EDGE('',*,*,#19492,.F.);
#19494 = VECTOR('',#142,1.);
#19495 = CARTESIAN_POINT('',(15.24,-58.185,4.007));
#19496 = LINE('',#19495,#19494);
#19497 = VERTEX_POINT('',#19495);
#19498 = EDGE_CURVE('',#19497,#19490,#19496,.T.);
#19499 = ORIENTED_EDGE('',*,*,#19498,.F.);
#19500 = VECTOR('',#134,1.);
#19501 = CARTESIAN_POINT('',(15.073829906,-58.253829906,4.007));
#19502 = LINE('',#19501,#19500);
#19503 = VERTEX_POINT('',#19501);
#19504 = EDGE_CURVE('',#19503,#19497,#19502,.T.);
#19505 = ORIENTED_EDGE('',*,*,#19504,.F.);
#19506 = VECTOR('',#156,1.);
#19507 = CARTESIAN_POINT('',(15.005,-58.42,4.007));
#19508 = LINE('',#19507,#19506);
#19509 = VERTEX_POINT('',#19507);
#19510 = EDGE_CURVE('',#19509,#19503,#19508,.T.);
#19511 = ORIENTED_EDGE('',*,*,#19510,.F.);
#19512 = VECTOR('',#149,1.);
#19513 = LINE('',#19507,#19512);
#19514 = CARTESIAN_POINT('',(15.073829906,-58.586170094,4.007));
#19515 = VERTEX_POINT('',#19514);
#19516 = EDGE_CURVE('',#19509,#19515,#19513,.T.);
#19517 = ORIENTED_EDGE('',*,*,#19516,.T.);
#19518 = VECTOR('',#142,1.);
#19519 = LINE('',#19514,#19518);
#19520 = CARTESIAN_POINT('',(15.24,-58.655,4.007));
#19521 = VERTEX_POINT('',#19520);
#19522 = EDGE_CURVE('',#19515,#19521,#19519,.T.);
#19523 = ORIENTED_EDGE('',*,*,#19522,.T.);
#19524 = VECTOR('',#134,1.);
#19525 = LINE('',#19520,#19524);
#19526 = CARTESIAN_POINT('',(15.406170094,-58.586170094,4.007));
#19527 = VERTEX_POINT('',#19526);
#19528 = EDGE_CURVE('',#19521,#19527,#19525,.T.);
#19529 = ORIENTED_EDGE('',*,*,#19528,.T.);
#19530 = VECTOR('',#156,1.);
#19531 = LINE('',#19526,#19530);
#19532 = EDGE_CURVE('',#19527,#19491,#19531,.T.);
#19533 = ORIENTED_EDGE('',*,*,#19532,.T.);
#19534 = EDGE_LOOP('',(#19493,#19499,#19505,#19511,#19517,#19523,#19529,#19533));
#19535 = FACE_OUTER_BOUND('',#19534,.T.);
#19536 = ADVANCED_FACE('',(#19535),#19486,.T.);
#19537 = AXIS2_PLACEMENT_3D('',#19473,#134,#20);
#19538 = PLANE('',#19537);
#19539 = ORIENTED_EDGE('',*,*,#19475,.F.);
#19540 = VECTOR('',#16,1.);
#19541 = LINE('',#19467,#19540);
#19542 = EDGE_CURVE('',#19468,#19490,#19541,.T.);
#19543 = ORIENTED_EDGE('',*,*,#19542,.T.);
#19544 = ORIENTED_EDGE('',*,*,#19492,.T.);
#19545 = VECTOR('',#16,1.);
#19546 = LINE('',#19473,#19545);
#19547 = EDGE_CURVE('',#19474,#19491,#19546,.T.);
#19548 = ORIENTED_EDGE('',*,*,#19547,.F.);
#19549 = EDGE_LOOP('',(#19539,#19543,#19544,#19548));
#19550 = FACE_OUTER_BOUND('',#19549,.T.);
#19551 = ADVANCED_FACE('',(#19550),#19538,.T.);
#19552 = AXIS2_PLACEMENT_3D('',#19467,#156,#16);
#19553 = PLANE('',#19552);
#19554 = ORIENTED_EDGE('',*,*,#19469,.F.);
#19555 = VECTOR('',#16,1.);
#19556 = LINE('',#19461,#19555);
#19557 = EDGE_CURVE('',#19462,#19497,#19556,.T.);
#19558 = ORIENTED_EDGE('',*,*,#19557,.T.);
#19559 = ORIENTED_EDGE('',*,*,#19498,.T.);
#19560 = ORIENTED_EDGE('',*,*,#19542,.F.);
#19561 = EDGE_LOOP('',(#19554,#19558,#19559,#19560));
#19562 = FACE_OUTER_BOUND('',#19561,.T.);
#19563 = ADVANCED_FACE('',(#19562),#19553,.T.);
#19564 = AXIS2_PLACEMENT_3D('',#19461,#268,#16);
#19565 = PLANE('',#19564);
#19566 = ORIENTED_EDGE('',*,*,#19463,.F.);
#19567 = VECTOR('',#16,1.);
#19568 = LINE('',#19455,#19567);
#19569 = EDGE_CURVE('',#19456,#19503,#19568,.T.);
#19570 = ORIENTED_EDGE('',*,*,#19569,.T.);
#19571 = ORIENTED_EDGE('',*,*,#19504,.T.);
#19572 = ORIENTED_EDGE('',*,*,#19557,.F.);
#19573 = EDGE_LOOP('',(#19566,#19570,#19571,#19572));
#19574 = FACE_OUTER_BOUND('',#19573,.T.);
#19575 = ADVANCED_FACE('',(#19574),#19565,.T.);
#19576 = AXIS2_PLACEMENT_3D('',#19455,#281,#16);
#19577 = PLANE('',#19576);
#19578 = ORIENTED_EDGE('',*,*,#19457,.F.);
#19579 = VECTOR('',#16,1.);
#19580 = LINE('',#19448,#19579);
#19581 = EDGE_CURVE('',#19450,#19509,#19580,.T.);
#19582 = ORIENTED_EDGE('',*,*,#19581,.T.);
#19583 = ORIENTED_EDGE('',*,*,#19510,.T.);
#19584 = ORIENTED_EDGE('',*,*,#19569,.F.);
#19585 = EDGE_LOOP('',(#19578,#19582,#19583,#19584));
#19586 = FACE_OUTER_BOUND('',#19585,.T.);
#19587 = ADVANCED_FACE('',(#19586),#19577,.T.);
#19588 = AXIS2_PLACEMENT_3D('',#19448,#294,#16);
#19589 = PLANE('',#19588);
#19590 = ORIENTED_EDGE('',*,*,#19451,.T.);
#19591 = VECTOR('',#16,1.);
#19592 = LINE('',#19442,#19591);
#19593 = EDGE_CURVE('',#19444,#19515,#19592,.T.);
#19594 = ORIENTED_EDGE('',*,*,#19593,.T.);
#19595 = ORIENTED_EDGE('',*,*,#19516,.F.);
#19596 = ORIENTED_EDGE('',*,*,#19581,.F.);
#19597 = EDGE_LOOP('',(#19590,#19594,#19595,#19596));
#19598 = FACE_OUTER_BOUND('',#19597,.T.);
#19599 = ADVANCED_FACE('',(#19598),#19589,.T.);
#19600 = AXIS2_PLACEMENT_3D('',#19442,#307,#20);
#19601 = PLANE('',#19600);
#19602 = ORIENTED_EDGE('',*,*,#19445,.T.);
#19603 = VECTOR('',#16,1.);
#19604 = LINE('',#19435,#19603);
#19605 = EDGE_CURVE('',#19437,#19521,#19604,.T.);
#19606 = ORIENTED_EDGE('',*,*,#19605,.T.);
#19607 = ORIENTED_EDGE('',*,*,#19522,.F.);
#19608 = ORIENTED_EDGE('',*,*,#19593,.F.);
#19609 = EDGE_LOOP('',(#19602,#19606,#19607,#19608));
#19610 = FACE_OUTER_BOUND('',#19609,.T.);
#19611 = ADVANCED_FACE('',(#19610),#19601,.T.);
#19612 = AXIS2_PLACEMENT_3D('',#19435,#149,#20);
#19613 = PLANE('',#19612);
#19614 = ORIENTED_EDGE('',*,*,#19439,.T.);
#19615 = VECTOR('',#16,1.);
#19616 = LINE('',#19431,#19615);
#19617 = EDGE_CURVE('',#19438,#19527,#19616,.T.);
#19618 = ORIENTED_EDGE('',*,*,#19617,.T.);
#19619 = ORIENTED_EDGE('',*,*,#19528,.F.);
#19620 = ORIENTED_EDGE('',*,*,#19605,.F.);
#19621 = EDGE_LOOP('',(#19614,#19618,#19619,#19620));
#19622 = FACE_OUTER_BOUND('',#19621,.T.);
#19623 = ADVANCED_FACE('',(#19622),#19613,.T.);
#19624 = AXIS2_PLACEMENT_3D('',#19431,#142,#20);
#19625 = PLANE('',#19624);
#19626 = ORIENTED_EDGE('',*,*,#19479,.T.);
#19627 = ORIENTED_EDGE('',*,*,#19547,.T.);
#19628 = ORIENTED_EDGE('',*,*,#19532,.F.);
#19629 = ORIENTED_EDGE('',*,*,#19617,.F.);
#19630 = EDGE_LOOP('',(#19626,#19627,#19628,#19629));
#19631 = FACE_OUTER_BOUND('',#19630,.T.);
#19632 = ADVANCED_FACE('',(#19631),#19625,.T.);
#19633 = CLOSED_SHELL('',(#19483,#19536,#19551,#19563,#19575,#19587,#19599,#19611,#19623,#19632));
#19634 = MANIFOLD_SOLID_BREP('contact',#19633);
#19635 = CARTESIAN_POINT('',(15.469809704,-58.649809704,8.057));
#19636 = AXIS2_PLACEMENT_3D('',#19635,#20,#21);
#19637 = PLANE('',#19636);
#19638 = VECTOR('',#346,1.);
#19639 = CARTESIAN_POINT('',(15.24,-58.745,8.057));
#19640 = LINE('',#19639,#19638);
#19641 = VERTEX_POINT('',#19639);
#19642 = VERTEX_POINT('',#19635);
#19643 = EDGE_CURVE('',#19641,#19642,#19640,.T.);
#19644 = ORIENTED_EDGE('',*,*,#19643,.F.);
#19645 = VECTOR('',#354,1.);
#19646 = CARTESIAN_POINT('',(15.010190296,-58.649809704,8.057));
#19647 = LINE('',#19646,#19645);
#19648 = VERTEX_POINT('',#19646);
#19649 = EDGE_CURVE('',#19648,#19641,#19647,.T.);
#19650 = ORIENTED_EDGE('',*,*,#19649,.F.);
#19651 = VECTOR('',#361,1.);
#19652 = CARTESIAN_POINT('',(14.915,-58.42,8.057));
#19653 = LINE('',#19652,#19651);
#19654 = VERTEX_POINT('',#19652);
#19655 = EDGE_CURVE('',#19654,#19648,#19653,.T.);
#19656 = ORIENTED_EDGE('',*,*,#19655,.F.);
#19657 = VECTOR('',#368,1.);
#19658 = LINE('',#19652,#19657);
#19659 = CARTESIAN_POINT('',(15.010190296,-58.190190296,8.057));
#19660 = VERTEX_POINT('',#19659);
#19661 = EDGE_CURVE('',#19654,#19660,#19658,.T.);
#19662 = ORIENTED_EDGE('',*,*,#19661,.T.);
#19663 = VECTOR('',#346,1.);
#19664 = LINE('',#19659,#19663);
#19665 = CARTESIAN_POINT('',(15.24,-58.095,8.057));
#19666 = VERTEX_POINT('',#19665);
#19667 = EDGE_CURVE('',#19660,#19666,#19664,.T.);
#19668 = ORIENTED_EDGE('',*,*,#19667,.T.);
#19669 = VECTOR('',#354,1.);
#19670 = LINE('',#19665,#19669);
#19671 = CARTESIAN_POINT('',(15.469809704,-58.190190296,8.057));
#19672 = VERTEX_POINT('',#19671);
#19673 = EDGE_CURVE('',#19666,#19672,#19670,.T.);
#19674 = ORIENTED_EDGE('',*,*,#19673,.T.);
#19675 = VECTOR('',#361,1.);
#19676 = LINE('',#19671,#19675);
#19677 = CARTESIAN_POINT('',(15.565,-58.42,8.057));
#19678 = VERTEX_POINT('',#19677);
#19679 = EDGE_CURVE('',#19672,#19678,#19676,.T.);
#19680 = ORIENTED_EDGE('',*,*,#19679,.T.);
#19681 = VECTOR('',#368,1.);
#19682 = LINE('',#19635,#19681);
#19683 = EDGE_CURVE('',#19642,#19678,#19682,.T.);
#19684 = ORIENTED_EDGE('',*,*,#19683,.F.);
#19685 = EDGE_LOOP('',(#19644,#19650,#19656,#19662,#19668,#19674,#19680,#19684));
#19686 = FACE_OUTER_BOUND('',#19685,.T.);
#19687 = ADVANCED_FACE('',(#19686),#19637,.T.);
#19688 = CARTESIAN_POINT('',(15.565,-58.42,10.157));
#19689 = AXIS2_PLACEMENT_3D('',#19688,#16,#51);
#19690 = PLANE('',#19689);
#19691 = VECTOR('',#361,1.);
#19692 = CARTESIAN_POINT('',(15.469809704,-58.190190296,10.157));
#19693 = LINE('',#19692,#19691);
#19694 = VERTEX_POINT('',#19692);
#19695 = VERTEX_POINT('',#19688);
#19696 = EDGE_CURVE('',#19694,#19695,#19693,.T.);
#19697 = ORIENTED_EDGE('',*,*,#19696,.F.);
#19698 = VECTOR('',#354,1.);
#19699 = CARTESIAN_POINT('',(15.24,-58.095,10.157));
#19700 = LINE('',#19699,#19698);
#19701 = VERTEX_POINT('',#19699);
#19702 = EDGE_CURVE('',#19701,#19694,#19700,.T.);
#19703 = ORIENTED_EDGE('',*,*,#19702,.F.);
#19704 = VECTOR('',#346,1.);
#19705 = CARTESIAN_POINT('',(15.010190296,-58.190190296,10.157));
#19706 = LINE('',#19705,#19704);
#19707 = VERTEX_POINT('',#19705);
#19708 = EDGE_CURVE('',#19707,#19701,#19706,.T.);
#19709 = ORIENTED_EDGE('',*,*,#19708,.F.);
#19710 = VECTOR('',#368,1.);
#19711 = CARTESIAN_POINT('',(14.915,-58.42,10.157));
#19712 = LINE('',#19711,#19710);
#19713 = VERTEX_POINT('',#19711);
#19714 = EDGE_CURVE('',#19713,#19707,#19712,.T.);
#19715 = ORIENTED_EDGE('',*,*,#19714,.F.);
#19716 = VECTOR('',#361,1.);
#19717 = LINE('',#19711,#19716);
#19718 = CARTESIAN_POINT('',(15.010190296,-58.649809704,10.157));
#19719 = VERTEX_POINT('',#19718);
#19720 = EDGE_CURVE('',#19713,#19719,#19717,.T.);
#19721 = ORIENTED_EDGE('',*,*,#19720,.T.);
#19722 = VECTOR('',#354,1.);
#19723 = LINE('',#19718,#19722);
#19724 = CARTESIAN_POINT('',(15.24,-58.745,10.157));
#19725 = VERTEX_POINT('',#19724);
#19726 = EDGE_CURVE('',#19719,#19725,#19723,.T.);
#19727 = ORIENTED_EDGE('',*,*,#19726,.T.);
#19728 = VECTOR('',#346,1.);
#19729 = LINE('',#19724,#19728);
#19730 = CARTESIAN_POINT('',(15.469809704,-58.649809704,10.157));
#19731 = VERTEX_POINT('',#19730);
#19732 = EDGE_CURVE('',#19725,#19731,#19729,.T.);
#19733 = ORIENTED_EDGE('',*,*,#19732,.T.);
#19734 = VECTOR('',#368,1.);
#19735 = LINE('',#19730,#19734);
#19736 = EDGE_CURVE('',#19731,#19695,#19735,.T.);
#19737 = ORIENTED_EDGE('',*,*,#19736,.T.);
#19738 = EDGE_LOOP('',(#19697,#19703,#19709,#19715,#19721,#19727,#19733,#19737));
#19739 = FACE_OUTER_BOUND('',#19738,.T.);
#19740 = ADVANCED_FACE('',(#19739),#19690,.T.);
#19741 = AXIS2_PLACEMENT_3D('',#19677,#346,#20);
#19742 = PLANE('',#19741);
#19743 = ORIENTED_EDGE('',*,*,#19679,.F.);
#19744 = VECTOR('',#16,1.);
#19745 = LINE('',#19671,#19744);
#19746 = EDGE_CURVE('',#19672,#19694,#19745,.T.);
#19747 = ORIENTED_EDGE('',*,*,#19746,.T.);
#19748 = ORIENTED_EDGE('',*,*,#19696,.T.);
#19749 = VECTOR('',#16,1.);
#19750 = LINE('',#19677,#19749);
#19751 = EDGE_CURVE('',#19678,#19695,#19750,.T.);
#19752 = ORIENTED_EDGE('',*,*,#19751,.F.);
#19753 = EDGE_LOOP('',(#19743,#19747,#19748,#19752));
#19754 = FACE_OUTER_BOUND('',#19753,.T.);
#19755 = ADVANCED_FACE('',(#19754),#19742,.T.);
#19756 = AXIS2_PLACEMENT_3D('',#19671,#368,#16);
#19757 = PLANE('',#19756);
#19758 = ORIENTED_EDGE('',*,*,#19673,.F.);
#19759 = VECTOR('',#16,1.);
#19760 = LINE('',#19665,#19759);
#19761 = EDGE_CURVE('',#19666,#19701,#19760,.T.);
#19762 = ORIENTED_EDGE('',*,*,#19761,.T.);
#19763 = ORIENTED_EDGE('',*,*,#19702,.T.);
#19764 = ORIENTED_EDGE('',*,*,#19746,.F.);
#19765 = EDGE_LOOP('',(#19758,#19762,#19763,#19764));
#19766 = FACE_OUTER_BOUND('',#19765,.T.);
#19767 = ADVANCED_FACE('',(#19766),#19757,.T.);
#19768 = AXIS2_PLACEMENT_3D('',#19665,#480,#16);
#19769 = PLANE('',#19768);
#19770 = ORIENTED_EDGE('',*,*,#19667,.F.);
#19771 = VECTOR('',#16,1.);
#19772 = LINE('',#19659,#19771);
#19773 = EDGE_CURVE('',#19660,#19707,#19772,.T.);
#19774 = ORIENTED_EDGE('',*,*,#19773,.T.);
#19775 = ORIENTED_EDGE('',*,*,#19708,.T.);
#19776 = ORIENTED_EDGE('',*,*,#19761,.F.);
#19777 = EDGE_LOOP('',(#19770,#19774,#19775,#19776));
#19778 = FACE_OUTER_BOUND('',#19777,.T.);
#19779 = ADVANCED_FACE('',(#19778),#19769,.T.);
#19780 = AXIS2_PLACEMENT_3D('',#19659,#493,#16);
#19781 = PLANE('',#19780);
#19782 = ORIENTED_EDGE('',*,*,#19661,.F.);
#19783 = VECTOR('',#16,1.);
#19784 = LINE('',#19652,#19783);
#19785 = EDGE_CURVE('',#19654,#19713,#19784,.T.);
#19786 = ORIENTED_EDGE('',*,*,#19785,.T.);
#19787 = ORIENTED_EDGE('',*,*,#19714,.T.);
#19788 = ORIENTED_EDGE('',*,*,#19773,.F.);
#19789 = EDGE_LOOP('',(#19782,#19786,#19787,#19788));
#19790 = FACE_OUTER_BOUND('',#19789,.T.);
#19791 = ADVANCED_FACE('',(#19790),#19781,.T.);
#19792 = AXIS2_PLACEMENT_3D('',#19652,#506,#16);
#19793 = PLANE('',#19792);
#19794 = ORIENTED_EDGE('',*,*,#19655,.T.);
#19795 = VECTOR('',#16,1.);
#19796 = LINE('',#19646,#19795);
#19797 = EDGE_CURVE('',#19648,#19719,#19796,.T.);
#19798 = ORIENTED_EDGE('',*,*,#19797,.T.);
#19799 = ORIENTED_EDGE('',*,*,#19720,.F.);
#19800 = ORIENTED_EDGE('',*,*,#19785,.F.);
#19801 = EDGE_LOOP('',(#19794,#19798,#19799,#19800));
#19802 = FACE_OUTER_BOUND('',#19801,.T.);
#19803 = ADVANCED_FACE('',(#19802),#19793,.T.);
#19804 = AXIS2_PLACEMENT_3D('',#19646,#519,#20);
#19805 = PLANE('',#19804);
#19806 = ORIENTED_EDGE('',*,*,#19649,.T.);
#19807 = VECTOR('',#16,1.);
#19808 = LINE('',#19639,#19807);
#19809 = EDGE_CURVE('',#19641,#19725,#19808,.T.);
#19810 = ORIENTED_EDGE('',*,*,#19809,.T.);
#19811 = ORIENTED_EDGE('',*,*,#19726,.F.);
#19812 = ORIENTED_EDGE('',*,*,#19797,.F.);
#19813 = EDGE_LOOP('',(#19806,#19810,#19811,#19812));
#19814 = FACE_OUTER_BOUND('',#19813,.T.);
#19815 = ADVANCED_FACE('',(#19814),#19805,.T.);
#19816 = AXIS2_PLACEMENT_3D('',#19639,#361,#20);
#19817 = PLANE('',#19816);
#19818 = ORIENTED_EDGE('',*,*,#19643,.T.);
#19819 = VECTOR('',#16,1.);
#19820 = LINE('',#19635,#19819);
#19821 = EDGE_CURVE('',#19642,#19731,#19820,.T.);
#19822 = ORIENTED_EDGE('',*,*,#19821,.T.);
#19823 = ORIENTED_EDGE('',*,*,#19732,.F.);
#19824 = ORIENTED_EDGE('',*,*,#19809,.F.);
#19825 = EDGE_LOOP('',(#19818,#19822,#19823,#19824));
#19826 = FACE_OUTER_BOUND('',#19825,.T.);
#19827 = ADVANCED_FACE('',(#19826),#19817,.T.);
#19828 = AXIS2_PLACEMENT_3D('',#19635,#354,#20);
#19829 = PLANE('',#19828);
#19830 = ORIENTED_EDGE('',*,*,#19683,.T.);
#19831 = ORIENTED_EDGE('',*,*,#19751,.T.);
#19832 = ORIENTED_EDGE('',*,*,#19736,.F.);
#19833 = ORIENTED_EDGE('',*,*,#19821,.F.);
#19834 = EDGE_LOOP('',(#19830,#19831,#19832,#19833));
#19835 = FACE_OUTER_BOUND('',#19834,.T.);
#19836 = ADVANCED_FACE('',(#19835),#19829,.T.);
#19837 = CLOSED_SHELL('',(#19687,#19740,#19755,#19767,#19779,#19791,#19803,#19815,#19827,#19836));
#19838 = MANIFOLD_SOLID_BREP('lead',#19837);
#19839 = ADVANCED_BREP_SHAPE_REPRESENTATION('6604P-40G-121',(#18,
  #130,#342,#554,#758,#962,#1166,#1370,#1574,#1778,#1982,#2186,#2390,
  #2594,#2798,#3002,#3206,#3410,#3614,#3818,#4022,#4226,#4430,#4634,#4838,
  #5042,#5246,#5450,#5654,#5858,#6062,#6266,#6470,#6674,#6878,#7082,#7286,
  #7490,#7694,#7898,#8102,#8306,#8510,#8714,#8918,#9122,#9326,#9530,#9734,
  #9938,#10046,#10250,#10454,#10658,#10862,#11066,#11270,#11474,#11678,#11882,#12086,
  #12290,#12494,#12698,#12902,#13106,#13310,#13514,#13718,#13922,#14126,#14330,#14534,
  #14738,#14942,#15146,#15350,#15554,#15758,#15962,#16166,#16370,#16574,#16778,#16982,
  #17186,#17390,#17594,#17798,#18002,#18206,#18410,#18614,#18818,#19022,#19226,#19430,
  #19634,#19838),#9);
#19840 = SHAPE_DEFINITION_REPRESENTATION(#8,#19839);
#19841 = COLOUR_RGB('',0.1,0.1,0.11);
#19842 = FILL_AREA_STYLE_COLOUR('',#19841);
#19843 = FILL_AREA_STYLE('',(#19842));
#19844 = SURFACE_STYLE_FILL_AREA(#19843);
#19845 = SURFACE_SIDE_STYLE('',(#19844));
#19846 = SURFACE_STYLE_USAGE(.BOTH.,#19845);
#19847 = PRESENTATION_STYLE_ASSIGNMENT((#19846));
#19848 = STYLED_ITEM('NONE',(#19847),#130);
#19849 = COLOUR_RGB('',0.85,0.72,0.38);
#19850 = FILL_AREA_STYLE_COLOUR('',#19849);
#19851 = FILL_AREA_STYLE('',(#19850));
#19852 = SURFACE_STYLE_FILL_AREA(#19851);
#19853 = SURFACE_SIDE_STYLE('',(#19852));
#19854 = SURFACE_STYLE_USAGE(.BOTH.,#19853);
#19855 = PRESENTATION_STYLE_ASSIGNMENT((#19854));
#19856 = STYLED_ITEM('NONE',(#19855),#342);
#19857 = STYLED_ITEM('NONE',(#19855),#554);
#19858 = STYLED_ITEM('NONE',(#19855),#758);
#19859 = STYLED_ITEM('NONE',(#19855),#962);
#19860 = STYLED_ITEM('NONE',(#19855),#1166);
#19861 = STYLED_ITEM('NONE',(#19855),#1370);
#19862 = STYLED_ITEM('NONE',(#19855),#1574);
#19863 = STYLED_ITEM('NONE',(#19855),#1778);
#19864 = STYLED_ITEM('NONE',(#19855),#1982);
#19865 = STYLED_ITEM('NONE',(#19855),#2186);
#19866 = STYLED_ITEM('NONE',(#19855),#2390);
#19867 = STYLED_ITEM('NONE',(#19855),#2594);
#19868 = STYLED_ITEM('NONE',(#19855),#2798);
#19869 = STYLED_ITEM('NONE',(#19855),#3002);
#19870 = STYLED_ITEM('NONE',(#19855),#3206);
#19871 = STYLED_ITEM('NONE',(#19855),#3410);
#19872 = STYLED_ITEM('NONE',(#19855),#3614);
#19873 = STYLED_ITEM('NONE',(#19855),#3818);
#19874 = STYLED_ITEM('NONE',(#19855),#4022);
#19875 = STYLED_ITEM('NONE',(#19855),#4226);
#19876 = STYLED_ITEM('NONE',(#19855),#4430);
#19877 = STYLED_ITEM('NONE',(#19855),#4634);
#19878 = STYLED_ITEM('NONE',(#19855),#4838);
#19879 = STYLED_ITEM('NONE',(#19855),#5042);
#19880 = STYLED_ITEM('NONE',(#19855),#5246);
#19881 = STYLED_ITEM('NONE',(#19855),#5450);
#19882 = STYLED_ITEM('NONE',(#19855),#5654);
#19883 = STYLED_ITEM('NONE',(#19855),#5858);
#19884 = STYLED_ITEM('NONE',(#19855),#6062);
#19885 = STYLED_ITEM('NONE',(#19855),#6266);
#19886 = STYLED_ITEM('NONE',(#19855),#6470);
#19887 = STYLED_ITEM('NONE',(#19855),#6674);
#19888 = STYLED_ITEM('NONE',(#19855),#6878);
#19889 = STYLED_ITEM('NONE',(#19855),#7082);
#19890 = STYLED_ITEM('NONE',(#19855),#7286);
#19891 = STYLED_ITEM('NONE',(#19855),#7490);
#19892 = STYLED_ITEM('NONE',(#19855),#7694);
#19893 = STYLED_ITEM('NONE',(#19855),#7898);
#19894 = STYLED_ITEM('NONE',(#19855),#8102);
#19895 = STYLED_ITEM('NONE',(#19855),#8306);
#19896 = STYLED_ITEM('NONE',(#19855),#8510);
#19897 = STYLED_ITEM('NONE',(#19855),#8714);
#19898 = STYLED_ITEM('NONE',(#19855),#8918);
#19899 = STYLED_ITEM('NONE',(#19855),#9122);
#19900 = STYLED_ITEM('NONE',(#19855),#9326);
#19901 = STYLED_ITEM('NONE',(#19855),#9530);
#19902 = STYLED_ITEM('NONE',(#19855),#9734);
#19903 = STYLED_ITEM('NONE',(#19855),#9938);
#19904 = STYLED_ITEM('NONE',(#19847),#10046);
#19905 = STYLED_ITEM('NONE',(#19855),#10250);
#19906 = STYLED_ITEM('NONE',(#19855),#10454);
#19907 = STYLED_ITEM('NONE',(#19855),#10658);
#19908 = STYLED_ITEM('NONE',(#19855),#10862);
#19909 = STYLED_ITEM('NONE',(#19855),#11066);
#19910 = STYLED_ITEM('NONE',(#19855),#11270);
#19911 = STYLED_ITEM('NONE',(#19855),#11474);
#19912 = STYLED_ITEM('NONE',(#19855),#11678);
#19913 = STYLED_ITEM('NONE',(#19855),#11882);
#19914 = STYLED_ITEM('NONE',(#19855),#12086);
#19915 = STYLED_ITEM('NONE',(#19855),#12290);
#19916 = STYLED_ITEM('NONE',(#19855),#12494);
#19917 = STYLED_ITEM('NONE',(#19855),#12698);
#19918 = STYLED_ITEM('NONE',(#19855),#12902);
#19919 = STYLED_ITEM('NONE',(#19855),#13106);
#19920 = STYLED_ITEM('NONE',(#19855),#13310);
#19921 = STYLED_ITEM('NONE',(#19855),#13514);
#19922 = STYLED_ITEM('NONE',(#19855),#13718);
#19923 = STYLED_ITEM('NONE',(#19855),#13922);
#19924 = STYLED_ITEM('NONE',(#19855),#14126);
#19925 = STYLED_ITEM('NONE',(#19855),#14330);
#19926 = STYLED_ITEM('NONE',(#19855),#14534);
#19927 = STYLED_ITEM('NONE',(#19855),#14738);
#19928 = STYLED_ITEM('NONE',(#19855),#14942);
#19929 = STYLED_ITEM('NONE',(#19855),#15146);
#19930 = STYLED_ITEM('NONE',(#19855),#15350);
#19931 = STYLED_ITEM('NONE',(#19855),#15554);
#19932 = STYLED_ITEM('NONE',(#19855),#15758);
#19933 = STYLED_ITEM('NONE',(#19855),#15962);
#19934 = STYLED_ITEM('NONE',(#19855),#16166);
#19935 = STYLED_ITEM('NONE',(#19855),#16370);
#19936 = STYLED_ITEM('NONE',(#19855),#16574);
#19937 = STYLED_ITEM('NONE',(#19855),#16778);
#19938 = STYLED_ITEM('NONE',(#19855),#16982);
#19939 = STYLED_ITEM('NONE',(#19855),#17186);
#19940 = STYLED_ITEM('NONE',(#19855),#17390);
#19941 = STYLED_ITEM('NONE',(#19855),#17594);
#19942 = STYLED_ITEM('NONE',(#19855),#17798);
#19943 = STYLED_ITEM('NONE',(#19855),#18002);
#19944 = STYLED_ITEM('NONE',(#19855),#18206);
#19945 = STYLED_ITEM('NONE',(#19855),#18410);
#19946 = STYLED_ITEM('NONE',(#19855),#18614);
#19947 = STYLED_ITEM('NONE',(#19855),#18818);
#19948 = STYLED_ITEM('NONE',(#19855),#19022);
#19949 = STYLED_ITEM('NONE',(#19855),#19226);
#19950 = STYLED_ITEM('NONE',(#19855),#19430);
#19951 = STYLED_ITEM('NONE',(#19855),#19634);
#19952 = STYLED_ITEM('NONE',(#19855),#19838);
#19953 = MECHANICAL_DESIGN_GEOMETRIC_PRESENTATION_REPRESENTATION('',(
  #19848,#19856,#19857,#19858,#19859,#19860,#19861,#19862,#19863,#19864,#19865,#19866,
  #19867,#19868,#19869,#19870,#19871,#19872,#19873,#19874,#19875,#19876,#19877,#19878,
  #19879,#19880,#19881,#19882,#19883,#19884,#19885,#19886,#19887,#19888,#19889,#19890,
  #19891,#19892,#19893,#19894,#19895,#19896,#19897,#19898,#19899,#19900,#19901,#19902,
  #19903,#19904,#19905,#19906,#19907,#19908,#19909,#19910,#19911,#19912,#19913,#19914,
  #19915,#19916,#19917,#19918,#19919,#19920,#19921,#19922,#19923,#19924,#19925,#19926,
  #19927,#19928,#19929,#19930,#19931,#19932,#19933,#19934,#19935,#19936,#19937,#19938,
  #19939,#19940,#19941,#19942,#19943,#19944,#19945,#19946,#19947,#19948,#19949,#19950,
  #19951,#19952),#9);
ENDSEC;
END-ISO-10303-21;
